timestamp,worker_id,status,work_seconds,idle_seconds,phone_seconds,talk_seconds,attention_pct,productivity_pct
2026-07-14 16:45:23,1,No Laptop,0.0,0.4,0.0,0.0,0.0,0.0
2026-07-14 16:45:23,1,Working,0.0,1.3,0.0,0.0,0.0,0.0
2026-07-14 16:45:26,4,Looking Away,1.7,0.0,0.0,0.0,100.0,100.0
2026-07-14 16:45:26,4,Working,1.7,0.4,0.0,0.0,81.1,81.1
2026-07-14 16:45:27,2,Looking Away,3.8,0.0,0.0,0.0,100.0,100.0
2026-07-14 16:45:28,2,Working,3.8,0.4,0.0,0.0,90.6,90.6
2026-07-14 16:45:28,2,Looking Away,4.3,0.4,0.0,0.0,91.4,91.4
2026-07-14 16:45:29,1,Looking Away,5.1,1.3,0.0,0.0,80.2,80.2
2026-07-14 16:45:29,4,Looking Away,4.3,0.4,0.0,0.0,91.4,91.4
2026-07-15 10:14:51,1,Looking Away,0.0,0.2,0.0,0.0,0.0,0.0
2026-07-15 10:14:52,6,No Laptop,0.0,0.1,0.0,0.0,0.0,0.0
2026-07-15 10:14:53,5,Looking Away,0.0,0.2,0.0,0.0,0.0,0.0
2026-07-15 10:14:59,5,Working,0.0,5.8,0.0,0.0,0.0,0.0
2026-07-15 10:14:59,5,Looking Away,0.4,5.8,0.0,0.0,5.9,5.9
2026-07-15 10:15:00,25,Looking Away,0.0,0.3,0.0,0.0,0.0,0.0
2026-07-15 10:15:00,25,No Laptop,0.0,1.0,0.0,0.0,0.0,0.0
2026-07-15 10:15:00,25,Looking Away,0.0,1.3,0.0,0.0,0.0,0.0
2026-07-15 10:15:02,26,No Laptop,0.0,0.4,0.0,0.0,0.0,0.0
2026-07-15 10:15:02,5,Working,0.4,8.9,0.0,0.0,3.9,3.9
2026-07-15 10:15:02,5,Looking Away,0.7,8.9,0.0,0.0,7.5,7.5
2026-07-15 10:15:02,26,Looking Away,0.0,1.1,0.0,0.0,0.0,0.0
2026-07-15 10:15:08,5,Working,0.7,14.4,0.0,0.0,4.8,4.8
2026-07-15 10:15:08,5,Looking Away,1.4,14.4,0.0,0.0,8.7,8.7
2026-07-15 10:15:10,5,Working,1.4,15.8,0.0,0.0,8.0,8.0
2026-07-15 10:15:10,5,Looking Away,1.7,15.8,0.0,0.0,9.5,9.5
2026-07-15 10:15:11,5,Working,1.7,16.6,0.0,0.0,9.1,9.1
2026-07-15 10:15:12,5,Looking Away,2.3,16.6,0.0,0.0,12.0,12.0
2026-07-15 10:15:18,5,Working,2.3,22.6,0.0,0.0,9.1,9.1
2026-07-15 10:15:18,5,Looking Away,3.2,22.6,0.0,0.0,12.5,12.5
2026-07-15 10:15:19,5,Working,3.2,22.9,0.0,0.0,12.3,12.3
2026-07-15 10:15:19,5,Looking Away,3.8,22.9,0.0,0.0,14.4,14.4
2026-07-15 10:15:20,5,Working,3.8,23.1,0.0,0.0,14.2,14.2
2026-07-15 10:15:20,5,Looking Away,4.5,23.1,0.0,0.0,16.2,16.2
2026-07-15 10:15:21,5,Working,4.5,23.8,0.0,0.0,15.8,15.8
2026-07-15 10:15:22,5,Looking Away,5.4,23.8,0.0,0.0,18.6,18.6
2026-07-15 10:15:22,5,Working,5.4,24.4,0.0,0.0,18.2,18.2
2026-07-15 10:15:23,5,Looking Away,5.8,24.4,0.0,0.0,19.1,19.1
2026-07-15 10:15:25,38,Looking Away,0.0,0.4,0.0,0.0,0.0,0.0
2026-07-15 10:15:25,5,Working,5.8,26.7,0.0,0.0,17.7,17.7
2026-07-15 10:15:26,5,Looking Away,6.2,26.7,0.0,0.0,18.8,18.8
2026-07-15 10:15:26,5,Working,6.2,27.5,0.0,0.0,18.3,18.3
2026-07-15 10:15:27,5,Looking Away,6.5,27.5,0.0,0.0,19.1,19.1
2026-07-15 10:15:28,5,Working,6.5,28.5,0.0,0.0,18.5,18.5
2026-07-15 10:15:28,5,Looking Away,6.8,28.5,0.0,0.0,19.3,19.3
2026-07-15 10:15:34,5,Working,6.8,34.4,0.0,0.0,16.6,16.6
2026-07-15 10:15:34,5,Looking Away,7.2,34.4,0.0,0.0,17.3,17.3
2026-07-15 10:15:35,5,Working,7.2,34.8,0.0,0.0,17.1,17.1
2026-07-15 10:15:35,5,Looking Away,7.6,34.8,0.0,0.0,17.8,17.8
2026-07-15 10:15:35,5,Working,7.6,35.1,0.0,0.0,17.7,17.7
2026-07-15 10:15:36,5,Looking Away,7.9,35.1,0.0,0.0,18.4,18.4
2026-07-15 10:15:37,5,Working,7.9,36.5,0.0,0.0,17.8,17.8
2026-07-15 10:15:37,5,Looking Away,8.3,36.5,0.0,0.0,18.5,18.5
2026-07-15 10:15:44,5,Working,8.3,43.1,0.0,0.0,16.1,16.1
2026-07-15 10:15:45,5,Looking Away,9.0,43.1,0.0,0.0,17.2,17.2
2026-07-15 10:15:54,45,No Laptop,0.0,0.4,0.0,0.0,0.0,0.0
2026-07-15 10:15:55,5,Working,9.0,53.1,0.0,0.0,14.5,14.5
2026-07-15 10:15:55,5,Looking Away,9.3,53.1,0.0,0.0,15.0,15.0
2026-07-15 10:15:55,5,Working,9.3,53.4,0.0,0.0,14.9,14.9
2026-07-15 10:15:56,5,Looking Away,9.7,53.4,0.0,0.0,15.3,15.3
2026-07-15 10:15:56,48,Looking Away,0.0,0.4,0.0,0.0,0.0,0.0
2026-07-15 10:15:59,5,Working,9.7,56.1,0.0,0.0,14.7,14.7
2026-07-15 10:15:59,48,Working,0.0,0.9,0.0,0.0,0.0,0.0
2026-07-15 10:16:00,48,Looking Away,0.3,0.9,0.0,0.0,22.8,22.8
2026-07-15 10:16:00,48,Working,0.3,1.4,0.0,0.0,16.3,16.3
2026-07-15 10:16:00,48,Looking Away,0.5,1.4,0.0,0.0,28.0,28.0
2026-07-15 14:34:32,1,No Laptop,0.0,0.5,0.0,0.0,0.0,0.0
2026-07-15 17:01:12,1,No Laptop,0.7,0.0,0.0,0.0,100.0,100.0
2026-07-15 17:01:12,2,No Laptop,0.0,0.7,0.0,0.0,0.0,0.0
2026-07-15 17:01:12,3,No Laptop,0.0,0.7,0.0,0.0,0.0,0.0
2026-07-15 17:01:12,4,Looking Away,0.0,0.7,0.0,0.0,0.0,0.0
2026-07-15 17:01:12,6,No Laptop,0.0,0.7,0.0,0.0,0.0,0.0
2026-07-15 17:01:12,7,Looking Away,0.0,0.7,0.0,0.0,0.0,0.0
2026-07-15 17:01:12,1,Looking Away,0.7,0.8,0.0,0.0,44.8,44.8
2026-07-15 17:01:13,13,Looking Away,0.4,0.0,0.0,0.0,100.0,100.0
2026-07-15 17:01:13,14,No Laptop,0.0,0.4,0.0,0.0,0.0,0.0
2026-07-15 17:01:14,19,No Laptop,0.0,0.3,0.0,0.0,0.0,0.0
2026-07-15 17:01:14,1,No Laptop,0.7,2.3,0.0,0.0,22.3,22.3
2026-07-15 17:01:14,13,No Laptop,0.4,1.2,0.0,0.0,23.0,23.0
2026-07-15 17:01:15,1,Looking Away,0.7,3.2,0.0,0.0,16.9,16.9
2026-07-15 17:01:15,13,Looking Away,0.4,2.2,0.0,0.0,14.6,14.6
2026-07-15 17:01:16,33,No Laptop,0.0,0.3,0.0,0.0,0.0,0.0
2026-07-15 17:01:18,1,Talking,0.7,5.7,0.0,0.0,10.2,10.2
2026-07-15 17:01:18,14,Talking,0.0,5.1,0.0,0.0,0.0,0.0
2026-07-15 17:01:18,13,No Laptop,0.4,5.0,0.0,0.0,6.9,6.9
2026-07-15 17:01:18,13,Talking,0.4,5.3,0.0,0.0,6.6,6.6
2026-07-15 17:01:18,13,No Laptop,0.4,5.3,0.0,0.2,6.3,6.3
2026-07-15 17:01:19,13,Looking Away,0.4,5.5,0.0,0.2,6.1,6.1
2026-07-15 17:01:19,7,No Laptop,0.0,0.2,0.0,0.0,0.0,0.0
2026-07-15 17:01:21,13,Working,0.4,8.4,0.0,0.2,4.1,4.1
2026-07-15 17:01:22,14,No Laptop,0.0,0.3,0.0,0.0,0.0,0.0
2026-07-15 17:01:24,14,Looking Away,0.0,1.7,0.0,0.0,0.0,0.0
2026-07-15 17:01:26,54,No Laptop,0.0,0.3,0.0,0.0,0.0,0.0
2026-07-15 17:01:26,13,Talking,5.3,8.4,0.0,0.2,37.8,37.8
2026-07-15 17:01:26,14,Talking,0.0,4.1,0.0,0.0,0.0,0.0
2026-07-15 17:01:26,55,Looking Away,0.0,0.3,0.0,0.0,0.0,0.0
2026-07-15 17:01:27,13,Working,5.3,8.4,0.0,0.5,37.1,37.1
2026-07-15 17:01:27,14,Looking Away,0.0,4.1,0.0,0.3,0.0,0.0
2026-07-15 17:01:27,55,No Laptop,0.0,0.8,0.0,0.0,0.0,0.0
2026-07-15 17:01:29,13,Talking,7.5,8.4,0.0,0.5,45.5,45.5
2026-07-15 17:01:29,14,Talking,0.0,6.3,0.0,0.3,0.0,0.0
2026-07-15 17:01:29,13,Working,7.5,8.4,0.0,1.2,43.9,43.9
2026-07-15 17:01:29,14,Looking Away,0.0,6.3,0.0,0.9,0.0,0.0
2026-07-15 17:01:30,13,Talking,8.2,8.4,0.0,1.2,46.1,46.1
2026-07-15 17:01:30,14,Talking,0.0,7.0,0.0,0.9,0.0,0.0
2026-07-15 17:01:31,13,Working,8.2,8.4,0.0,1.8,44.6,44.6
2026-07-15 17:01:31,14,Looking Away,0.0,7.0,0.0,1.5,0.0,0.0
2026-07-15 17:01:31,14,Talking,0.0,7.3,0.0,1.5,0.0,0.0
2026-07-15 17:01:31,55,Talking,0.0,4.1,0.0,0.0,0.0,0.0
2026-07-15 17:01:31,13,Talking,8.8,8.4,0.0,1.8,46.4,46.4
2026-07-15 17:01:33,13,Working,8.8,8.4,0.0,3.2,43.1,43.1
2026-07-15 17:01:36,13,Talking,12.4,8.4,0.0,3.2,51.5,51.5
2026-07-15 17:01:37,73,No Laptop,0.0,0.5,0.0,0.0,0.0,0.0
2026-07-15 17:01:37,27,No Laptop,0.0,0.5,0.0,0.0,0.0,0.0
2026-07-15 17:01:38,13,Looking Away,12.4,8.4,0.0,4.1,49.8,49.8
2026-07-15 17:01:38,14,Working,0.0,7.3,0.0,8.2,0.0,0.0
2026-07-15 17:01:38,27,Looking Away,0.0,0.5,0.0,0.0,0.0,0.0
2026-07-15 17:01:38,79,Looking Away,0.0,0.7,0.0,0.0,0.0,0.0
2026-07-15 17:01:39,13,Working,12.4,9.7,0.0,4.1,47.4,47.4
2026-07-15 17:01:39,27,Working,0.0,1.7,0.0,0.0,0.0,0.0
2026-07-15 17:01:40,13,Looking Away,13.0,9.7,0.0,4.1,48.6,48.6
2026-07-15 17:01:40,27,Looking Away,1.3,1.7,0.0,0.0,42.1,42.1
2026-07-15 17:01:40,97,No Laptop,0.0,0.6,0.0,0.0,0.0,0.0
2026-07-15 17:01:42,13,Talking,13.0,12.2,0.0,4.1,44.4,44.4
2026-07-15 17:01:42,27,Talking,1.3,3.6,0.0,0.0,26.0,26.0
2026-07-15 17:01:43,79,Talking,0.0,5.1,0.0,0.0,0.0,0.0
2026-07-15 17:01:43,101,Looking Away,3.2,0.0,0.0,0.0,100.0,100.0
2026-07-15 17:01:45,14,Talking,7.4,7.3,0.0,8.2,32.3,32.3
2026-07-15 17:01:46,14,Working,7.4,7.3,0.0,8.7,31.5,31.5
2026-07-15 17:01:47,14,Talking,9.0,7.3,0.0,8.7,36.0,36.0
2026-07-15 17:01:48,101,Talking,3.2,5.0,0.0,0.0,38.8,38.8
2026-07-15 17:01:48,14,Looking Away,9.0,7.3,0.0,9.5,34.9,34.9
2026-07-15 17:01:48,79,Looking Away,0.0,5.1,0.0,5.3,0.0,0.0
2026-07-15 17:01:49,124,Looking Away,0.0,0.4,0.0,0.0,0.0,0.0
2026-07-15 17:01:49,126,No Laptop,0.0,0.4,0.0,0.0,0.0,0.0
2026-07-15 17:01:50,14,Talking,9.0,9.1,0.0,9.5,32.6,32.6
2026-07-15 17:01:50,79,Talking,0.0,6.9,0.0,5.3,0.0,0.0
2026-07-15 17:01:50,73,Talking,0.0,0.4,0.0,0.0,0.0,0.0
2026-07-15 17:01:51,73,Working,0.0,0.4,0.0,0.5,0.0,0.0
2026-07-15 17:01:51,73,Talking,0.6,0.4,0.0,0.5,40.6,40.6
2026-07-15 17:01:51,145,No Laptop,0.0,0.6,0.0,0.0,0.0,0.0
2026-07-15 17:01:53,156,No Laptop,0.4,0.0,0.0,0.0,100.0,100.0
2026-07-15 17:01:54,170,Looking Away,0.0,0.3,0.0,0.0,0.0,0.0
2026-07-15 17:01:54,177,Looking Away,0.0,0.3,0.0,0.0,0.0,0.0
2026-07-15 17:01:54,73,Working,0.6,0.4,0.0,1.3,25.8,25.8
2026-07-15 17:01:54,118,Working,0.0,0.4,0.0,0.0,0.0,0.0
2026-07-15 17:01:55,73,Talking,0.9,0.4,0.0,1.3,35.3,35.3
2026-07-15 17:01:55,118,No Laptop,0.3,0.4,0.0,0.0,46.6,46.6
2026-07-15 17:01:55,190,No Laptop,0.0,0.4,0.0,0.0,0.0,0.0
2026-07-15 17:01:56,73,Working,0.9,0.4,0.0,2.3,25.4,25.4
2026-07-15 17:01:56,27,Working,1.3,3.6,0.0,9.0,9.2,9.2
2026-07-15 17:01:56,79,Looking Away,0.0,6.9,0.0,9.3,0.0,0.0
2026-07-15 17:01:56,223,Looking Away,0.0,0.5,0.0,0.0,0.0,0.0
2026-07-15 17:01:57,27,Talking,1.8,3.6,0.0,9.0,12.3,12.3
2026-07-15 17:01:57,79,Talking,0.0,7.3,0.0,9.3,0.0,0.0
2026-07-15 17:01:57,27,Working,1.8,3.6,0.0,9.4,11.9,11.9
2026-07-15 17:01:57,79,Looking Away,0.0,7.3,0.0,9.7,0.0,0.0
2026-07-15 17:01:58,79,Talking,0.0,7.9,0.0,9.7,0.0,0.0
2026-07-15 17:01:58,73,Talking,2.9,0.4,0.0,2.3,52.7,52.7
2026-07-15 17:01:58,156,Looking Away,0.4,0.3,0.0,0.0,55.6,55.6
2026-07-15 17:01:58,102,Looking Away,0.0,0.6,0.0,0.0,0.0,0.0
2026-07-15 17:01:58,27,Talking,3.0,3.6,0.0,9.4,18.6,18.6
2026-07-15 17:01:58,145,Talking,0.0,0.6,0.0,0.0,0.0,0.0
2026-07-15 17:01:58,92,No Laptop,0.0,0.6,0.0,0.0,0.0,0.0
2026-07-15 17:01:59,27,Working,3.0,3.6,0.0,10.0,18.0,18.0
2026-07-15 17:01:59,92,Looking Away,0.0,1.2,0.0,0.0,0.0,0.0
2026-07-15 17:01:59,73,Working,2.9,0.4,0.0,4.0,40.2,40.2
2026-07-15 17:02:00,73,Talking,4.1,0.4,0.0,4.0,48.5,48.5
2026-07-15 17:02:01,73,Working,4.1,0.4,0.0,4.5,45.7,45.7
2026-07-15 17:02:01,92,Working,0.0,3.4,0.0,0.0,0.0,0.0
2026-07-15 17:02:01,259,Looking Away,0.0,0.5,0.0,0.0,0.0,0.0
2026-07-15 17:02:01,261,No Laptop,0.0,0.5,0.0,0.0,0.0,0.0
2026-07-15 17:02:02,27,Talking,6.3,3.6,0.0,10.0,31.8,31.8
2026-07-15 17:02:02,92,Looking Away,1.1,3.4,0.0,0.0,24.9,24.9
2026-07-15 17:02:03,27,Working,6.3,3.6,0.0,11.0,30.2,30.2
2026-07-15 17:02:03,73,Talking,6.3,0.4,0.0,4.5,56.4,56.4
2026-07-15 17:02:03,92,Talking,1.1,4.5,0.0,0.0,20.2,20.2
2026-07-15 17:02:04,27,Talking,6.9,3.6,0.0,11.0,31.9,31.9
2026-07-15 17:02:04,73,Working,6.3,0.4,0.0,5.0,53.9,53.9
2026-07-15 17:02:05,92,Working,1.1,4.5,0.0,1.5,15.9,15.9
2026-07-15 17:02:06,92,Talking,2.2,4.5,0.0,1.5,26.8,26.8
2026-07-15 17:02:06,259,Talking,0.0,5.3,0.0,0.0,0.0,0.0
2026-07-15 17:02:06,261,Talking,0.0,5.3,0.0,0.0,0.0,0.0
2026-07-15 17:02:07,92,Working,2.2,4.5,0.0,2.5,23.9,23.9
2026-07-15 17:02:07,259,Looking Away,0.0,5.3,0.0,1.0,0.0,0.0
2026-07-15 17:02:07,92,Talking,2.7,4.5,0.0,2.5,27.9,27.9
2026-07-15 17:02:07,259,Working,0.0,5.8,0.0,1.0,0.0,0.0
2026-07-15 17:02:08,13,Working,13.0,12.2,0.0,22.6,27.2,27.2
2026-07-15 17:02:08,259,Talking,1.0,5.8,0.0,1.0,13.1,13.1
2026-07-15 17:02:09,13,Talking,13.5,12.2,0.0,22.6,28.0,28.0
2026-07-15 17:02:09,13,Looking Away,13.5,12.2,0.0,23.0,27.8,27.8
2026-07-15 17:02:09,27,Working,6.9,3.6,0.0,16.5,25.4,25.4
2026-07-15 17:02:10,92,Looking Away,2.7,4.5,0.0,4.1,24.0,24.0
2026-07-15 17:02:10,286,Working,0.0,0.5,0.0,0.0,0.0,0.0
2026-07-15 17:02:10,287,Looking Away,0.0,0.5,0.0,0.0,0.0,0.0
2026-07-15 17:02:10,73,Talking,12.7,0.4,0.0,5.0,70.4,70.4
2026-07-15 17:02:10,92,Talking,2.7,4.9,0.0,4.1,23.1,23.1
2026-07-15 17:02:10,286,Looking Away,0.5,0.5,0.0,0.0,48.8,48.8
2026-07-15 17:02:11,73,Working,12.7,0.4,0.0,5.4,68.8,68.8
2026-07-15 17:02:11,297,Looking Away,0.0,0.4,0.0,0.0,0.0,0.0
2026-07-15 17:02:11,286,Working,0.5,1.7,0.0,0.0,21.6,21.6
2026-07-15 17:02:12,286,Looking Away,0.9,1.7,0.0,0.0,34.6,34.6
2026-07-15 17:02:12,308,Looking Away,0.0,0.4,0.0,0.0,0.0,0.0
2026-07-15 17:02:13,73,Looking Away,14.9,0.4,0.0,5.4,72.1,72.1
2026-07-15 17:02:13,297,Working,0.0,2.5,0.0,0.0,0.0,0.0
2026-07-15 17:02:13,297,Looking Away,0.5,2.5,0.0,0.0,15.2,15.2
2026-07-15 17:02:14,27,Looking Away,11.3,3.6,0.0,16.5,35.9,35.9
2026-07-15 17:02:14,73,Working,14.9,1.3,0.0,5.4,69.1,69.1
2026-07-15 17:02:14,27,Working,11.3,4.0,0.0,16.5,35.4,35.4
2026-07-15 17:02:14,73,Looking Away,15.3,1.3,0.0,5.4,69.7,69.7
2026-07-15 17:02:15,286,Working,0.9,4.8,0.0,0.0,15.9,15.9
2026-07-15 17:02:15,73,Working,15.3,2.6,0.0,5.4,65.7,65.7
2026-07-15 17:02:15,286,Looking Away,1.4,4.8,0.0,0.0,22.1,22.1
2026-07-15 17:02:16,73,Talking,15.8,2.6,0.0,5.4,66.4,66.4
2026-07-15 17:02:16,286,Talking,1.4,5.2,0.0,0.0,20.6,20.6
2026-07-15 17:02:16,73,Working,15.8,2.6,0.0,5.8,65.2,65.2
2026-07-15 17:02:16,286,Looking Away,1.4,5.2,0.0,0.4,19.3,19.3
2026-07-15 17:02:16,308,Working,0.0,4.4,0.0,0.0,0.0,0.0
2026-07-15 17:02:17,286,Working,1.4,5.7,0.0,0.4,18.1,18.1
2026-07-15 17:02:18,73,Talking,17.2,2.6,0.0,5.8,67.1,67.1
2026-07-15 17:02:18,286,Talking,2.3,5.7,0.0,0.4,27.0,27.0
2026-07-15 17:02:18,73,Working,17.2,2.6,0.0,6.3,65.9,65.9
2026-07-15 17:02:18,308,Talking,1.9,4.4,0.0,0.0,29.7,29.7
2026-07-15 17:02:19,73,Talking,17.6,2.6,0.0,6.3,66.4,66.4
2026-07-15 17:02:19,332,No Laptop,0.0,0.4,0.0,0.0,0.0,0.0
2026-07-15 17:02:19,73,Working,17.6,2.6,0.0,6.7,65.4,65.4
2026-07-15 17:02:19,286,Looking Away,2.3,5.7,0.0,1.7,23.4,23.4
2026-07-15 17:02:19,308,Working,1.9,4.4,0.0,0.8,26.3,26.3
2026-07-15 17:02:19,73,Talking,18.0,2.6,0.0,6.7,66.0,66.0
2026-07-15 17:02:19,286,Talking,2.3,6.2,0.0,1.7,22.4,22.4
2026-07-15 17:02:20,73,Working,18.0,2.6,0.0,7.2,64.9,64.9
2026-07-15 17:02:20,308,Talking,2.8,4.4,0.0,0.8,34.6,34.6
2026-07-15 17:02:20,27,Talking,17.5,4.0,0.0,16.5,46.0,46.0
2026-07-15 17:02:20,308,Working,2.8,4.4,0.0,1.3,32.9,32.9
2026-07-15 17:02:21,73,Talking,19.3,2.6,0.0,7.2,66.5,66.5
2026-07-15 17:02:21,308,Talking,3.6,4.4,0.0,1.3,39.0,39.0
2026-07-15 17:02:22,73,Working,19.3,2.6,0.0,7.5,65.6,65.6
2026-07-15 17:02:22,308,Working,3.6,4.4,0.0,1.6,37.5,37.5
2026-07-15 17:02:22,73,Talking,19.8,2.6,0.0,7.5,66.1,66.1
2026-07-15 17:02:22,308,Talking,4.1,4.4,0.0,1.6,40.3,40.3
2026-07-15 17:02:23,73,Working,19.8,2.6,0.0,8.3,64.5,64.5
2026-07-15 17:02:23,308,Working,4.1,4.4,0.0,2.8,36.2,36.2
2026-07-15 17:02:24,27,Looking Away,17.5,4.0,0.0,20.2,41.9,41.9
2026-07-15 17:02:24,286,Working,2.3,6.2,0.0,6.3,15.4,15.4
2026-07-15 17:02:24,354,Looking Away,0.0,0.5,0.0,0.0,0.0,0.0
2026-07-15 17:02:24,27,Talking,17.5,4.5,0.0,20.2,41.5,41.5
2026-07-15 17:02:24,286,Talking,2.8,6.2,0.0,6.3,18.1,18.1
2026-07-15 17:02:24,308,Talking,5.4,4.4,0.0,2.8,43.0,43.0
2026-07-15 17:02:24,356,No Laptop,0.0,0.5,0.0,0.0,0.0,0.0
2026-07-15 17:02:25,73,Talking,21.9,2.6,0.0,8.3,66.9,66.9
2026-07-15 17:02:25,308,Working,5.4,4.4,0.0,3.2,41.7,41.7
2026-07-15 17:02:25,73,Working,21.9,2.6,0.0,8.7,66.0,66.0
2026-07-15 17:02:25,308,Talking,5.9,4.4,0.0,3.2,43.6,43.6
2026-07-15 17:02:25,332,Talking,0.0,6.7,0.0,0.0,0.0,0.0
2026-07-15 17:02:27,356,Looking Away,0.0,1.8,0.0,0.0,0.0,0.0
2026-07-15 17:02:28,27,Working,17.5,4.5,0.0,23.3,38.6,38.6
2026-07-15 17:02:28,380,No Laptop,0.0,0.4,0.0,0.0,0.0,0.0
2026-07-15 17:02:29,27,No Laptop,18.5,4.5,0.0,23.3,39.9,39.9
2026-07-15 17:02:29,382,No Laptop,0.0,0.3,0.0,0.0,0.0,0.0
2026-07-15 17:02:29,27,Working,18.5,5.1,0.0,23.3,39.5,39.5
2026-07-15 17:02:30,387,No Laptop,0.0,0.3,0.0,0.0,0.0,0.0
2026-07-15 17:02:30,390,No Laptop,0.0,0.2,0.0,0.0,0.0,0.0
2026-07-15 17:02:30,391,Looking Away,0.0,0.3,0.0,0.0,0.0,0.0
2026-07-15 17:02:31,27,Looking Away,20.6,5.1,0.0,23.3,42.0,42.0
2026-07-15 17:02:31,396,No Laptop,0.0,0.3,0.0,0.0,0.0,0.0
2026-07-15 17:02:32,387,Looking Away,0.0,0.8,0.0,0.0,0.0,0.0
2026-07-15 17:02:32,396,Looking Away,0.0,0.8,0.0,0.0,0.0,0.0
2026-07-15 17:02:33,387,No Laptop,0.0,1.7,0.0,0.0,0.0,0.0
2026-07-15 17:02:33,396,No Laptop,0.0,1.7,0.0,0.0,0.0,0.0
2026-07-15 17:02:33,402,No Laptop,0.0,0.2,0.0,0.0,0.0,0.0
2026-07-15 17:02:34,396,Looking Away,0.0,2.5,0.0,0.0,0.0,0.0
2026-07-15 17:02:35,416,No Laptop,0.0,0.3,0.0,0.0,0.0,0.0
2026-07-15 17:02:35,422,No Laptop,0.0,0.3,0.0,0.0,0.0,0.0
2026-07-15 17:02:36,27,Working,20.6,9.9,0.0,23.3,38.3,38.3
2026-07-15 17:02:36,27,Talking,20.9,9.9,0.0,23.3,38.6,38.6
2026-07-15 17:02:36,396,Talking,0.0,3.8,0.0,0.0,0.0,0.0
2026-07-15 17:02:37,27,Working,20.9,9.9,0.0,23.8,38.2,38.2
2026-07-15 17:02:37,396,No Laptop,0.0,3.8,0.0,0.5,0.0,0.0
2026-07-15 17:02:37,27,Looking Away,21.1,9.9,0.0,23.8,38.6,38.6
2026-07-15 17:02:37,416,Looking Away,0.0,0.6,0.0,0.0,0.0,0.0
2026-07-15 17:02:37,428,No Laptop,0.0,0.3,0.0,0.0,0.0,0.0
2026-07-15 17:02:37,27,Talking,21.1,10.1,0.0,23.8,38.4,38.4
2026-07-15 17:02:37,396,Talking,0.0,3.8,0.0,0.5,0.0,0.0
2026-07-15 17:02:38,27,Working,21.1,10.1,0.0,24.9,37.6,37.6
2026-07-15 17:02:38,396,Looking Away,0.0,3.8,0.0,1.6,0.0,0.0
2026-07-15 17:02:41,27,Talking,23.3,10.1,0.0,24.9,39.9,39.9
2026-07-15 17:02:41,396,Talking,0.0,5.9,0.0,1.6,0.0,0.0
2026-07-15 17:02:41,27,Working,23.3,10.1,0.0,25.4,39.6,39.6
2026-07-15 17:02:41,396,Looking Away,0.0,5.9,0.0,2.1,0.0,0.0
2026-07-15 17:02:41,27,Talking,23.5,10.1,0.0,25.4,39.8,39.8
2026-07-15 17:02:41,396,Talking,0.0,6.2,0.0,2.1,0.0,0.0
2026-07-15 17:02:42,27,Working,23.5,10.1,0.0,25.6,39.7,39.7
2026-07-15 17:02:42,396,Looking Away,0.0,6.2,0.0,2.3,0.0,0.0
2026-07-15 17:02:42,27,Talking,24.0,10.1,0.0,25.6,40.2,40.2
2026-07-15 17:02:42,396,Talking,0.0,6.7,0.0,2.3,0.0,0.0
2026-07-15 17:02:43,27,Looking Away,24.0,10.1,0.0,26.8,39.4,39.4
2026-07-15 17:02:44,27,Talking,24.0,10.8,0.0,26.8,39.0,39.0
2026-07-15 17:02:45,27,Looking Away,24.0,10.8,0.0,28.0,38.2,38.2
2026-07-15 17:02:45,27,Working,24.0,11.1,0.0,28.0,38.1,38.1
2026-07-15 17:02:45,396,No Laptop,0.0,6.7,0.0,4.2,0.0,0.0
2026-07-15 17:02:46,27,Talking,24.3,11.1,0.0,28.0,38.4,38.4
2026-07-15 17:02:46,396,Talking,0.0,7.0,0.0,4.2,0.0,0.0
2026-07-15 17:02:46,446,No Laptop,0.0,0.3,0.0,0.0,0.0,0.0
2026-07-15 17:02:47,27,Working,24.3,11.1,0.0,29.1,37.7,37.7
2026-07-15 17:02:47,396,No Laptop,0.0,7.0,0.0,5.3,0.0,0.0
2026-07-15 17:02:47,27,Talking,24.6,11.1,0.0,29.1,38.0,38.0
2026-07-15 17:02:47,396,Talking,0.0,7.3,0.0,5.3,0.0,0.0
2026-07-15 17:02:49,27,Working,24.6,11.1,0.0,30.9,37.0,37.0
2026-07-15 17:02:49,396,No Laptop,0.0,7.3,0.0,7.1,0.0,0.0
2026-07-15 17:02:50,457,No Laptop,0.0,0.3,0.0,0.0,0.0,0.0
2026-07-15 17:02:50,27,Talking,26.1,11.1,0.0,30.9,38.3,38.3
2026-07-15 17:02:50,396,Talking,0.0,8.7,0.0,7.1,0.0,0.0
2026-07-15 17:02:51,27,Working,26.1,11.1,0.0,31.2,38.1,38.1
2026-07-15 17:02:51,396,No Laptop,0.0,8.7,0.0,7.4,0.0,0.0
2026-07-15 17:02:54,27,Talking,29.7,11.1,0.0,31.2,41.2,41.2
2026-07-15 17:02:54,396,Talking,0.0,11.8,0.0,7.4,0.0,0.0
2026-07-15 17:02:55,473,Looking Away,0.0,0.3,0.0,0.0,0.0,0.0
2026-07-15 17:02:55,27,Working,29.7,11.1,0.0,32.0,40.8,40.8
2026-07-15 17:02:55,396,No Laptop,0.0,11.8,0.0,8.3,0.0,0.0
2026-07-15 17:02:56,27,Talking,30.6,11.1,0.0,32.0,41.5,41.5
2026-07-15 17:02:56,396,Talking,0.0,12.8,0.0,8.3,0.0,0.0
2026-07-15 17:02:56,480,No Laptop,0.0,0.3,0.0,0.0,0.0,0.0
2026-07-15 17:02:56,483,No Laptop,0.0,0.3,0.0,0.0,0.0,0.0
2026-07-15 17:02:57,27,Working,30.6,11.1,0.0,33.5,40.7,40.7
2026-07-15 17:02:57,396,No Laptop,0.0,12.8,0.0,9.8,0.0,0.0
2026-07-15 17:02:58,396,Talking,0.0,13.1,0.0,9.8,0.0,0.0
2026-07-15 17:02:58,457,Talking,0.0,3.2,0.0,0.0,0.0,0.0
2026-07-15 17:02:58,27,Talking,31.3,11.1,0.0,33.5,41.2,41.2
2026-07-15 17:02:58,27,Looking Away,31.3,11.1,0.0,33.8,41.1,41.1
2026-07-15 17:02:59,496,No Laptop,0.0,0.3,0.0,0.0,0.0,0.0
2026-07-15 17:02:59,497,No Laptop,0.0,0.3,0.0,0.0,0.0,0.0
2026-07-15 17:03:00,27,Working,31.3,12.6,0.0,33.8,40.3,40.3
2026-07-15 17:03:00,27,Looking Away,31.6,12.6,0.0,33.8,40.5,40.5
2026-07-15 17:03:01,500,No Laptop,0.0,0.3,0.0,0.0,0.0,0.0
2026-07-15 17:03:01,27,Talking,31.6,13.8,0.0,33.8,39.9,39.9
2026-07-15 17:03:01,483,Talking,0.0,5.2,0.0,0.0,0.0,0.0
2026-07-15 17:03:02,27,Working,31.6,13.8,0.0,34.1,39.7,39.7
2026-07-15 17:03:02,483,No Laptop,0.0,5.2,0.0,0.3,0.0,0.0
2026-07-15 17:03:04,483,Talking,0.0,7.3,0.0,0.3,0.0,0.0
2026-07-15 17:03:04,496,Talking,0.0,4.7,0.0,0.0,0.0,0.0
2026-07-15 17:03:05,500,Talking,0.0,4.6,0.0,0.0,0.0,0.0
2026-07-15 17:03:08,506,Looking Away,0.0,0.4,0.0,0.0,0.0,0.0
2026-07-15 17:03:10,510,Looking Away,0.0,0.4,0.0,0.0,0.0,0.0
2026-07-15 17:03:11,27,Talking,41.2,13.8,0.0,34.1,46.2,46.2
2026-07-15 17:03:13,519,No Laptop,1.1,0.0,0.0,0.0,100.0,100.0
2026-07-15 17:03:14,27,Working,41.2,13.8,0.0,35.8,45.4,45.4
2026-07-15 17:03:14,27,Looking Away,41.5,13.8,0.0,35.8,45.6,45.6
2026-07-15 17:03:16,27,Working,41.5,16.2,0.0,35.8,44.4,44.4
2026-07-15 17:03:18,27,Talking,42.5,16.2,0.0,35.8,45.0,45.0
2026-07-15 17:03:18,500,Talking,0.0,0.5,0.0,0.0,0.0,0.0
2026-07-15 17:03:18,510,Talking,0.0,0.5,0.0,0.0,0.0,0.0
2026-07-15 17:03:18,483,Talking,0.0,0.2,0.0,0.0,0.0,0.0
2026-07-15 17:03:18,496,Talking,0.0,0.2,0.0,0.0,0.0,0.0
2026-07-15 17:03:19,537,No Laptop,0.0,0.3,0.0,0.0,0.0,0.0
2026-07-15 17:03:20,540,No Laptop,0.0,0.4,0.0,0.0,0.0,0.0
2026-07-15 17:03:21,555,No Laptop,0.0,0.1,0.0,0.0,0.0,0.0
2026-07-15 17:03:21,556,No Laptop,0.0,0.1,0.0,0.0,0.0,0.0
2026-07-15 17:03:22,563,No Laptop,0.0,0.1,0.0,0.0,0.0,0.0
2026-07-15 17:03:22,566,No Laptop,0.0,0.1,0.0,0.0,0.0,0.0
2026-07-15 17:03:24,555,No Laptop,0.0,0.2,0.0,0.0,0.0,0.0
2026-07-15 17:03:24,555,Working,0.0,0.5,0.0,0.0,0.0,0.0
2026-07-15 17:03:25,555,Looking Away,0.2,0.5,0.0,0.0,34.2,34.2
2026-07-15 17:03:25,555,No Laptop,0.2,0.7,0.0,0.0,25.3,25.3
2026-07-15 17:04:28,3,No Laptop,0.0,0.2,0.0,0.0,0.0,0.0
2026-07-15 17:04:52,4,No Laptop,0.0,0.2,0.0,0.0,0.0,0.0
2026-07-15 17:04:53,6,No Laptop,0.0,0.2,0.0,0.0,0.0,0.0
2026-07-17 11:48:17,2,No Laptop,0.0,0.5,0.0,0.0,0.0,0.0
2026-07-17 11:48:17,3,No Laptop,0.0,0.5,0.0,0.0,0.0,0.0
2026-07-17 11:48:17,4,No Laptop,0.0,0.5,0.0,0.0,0.0,0.0
2026-07-17 11:48:17,5,No Laptop,0.0,0.5,0.0,0.0,0.0,0.0
2026-07-17 11:48:17,6,No Laptop,0.0,0.5,0.0,0.0,0.0,0.0
2026-07-17 11:48:19,7,No Laptop,0.0,0.3,0.0,0.0,0.0,0.0
2026-07-17 11:48:22,2,Talking,0.0,5.2,0.0,0.0,0.0,0.0
2026-07-17 11:48:22,3,Talking,0.0,5.2,0.0,0.0,0.0,0.0
2026-07-17 11:48:22,4,Talking,0.0,5.2,0.0,0.0,0.0,0.0
2026-07-17 11:48:22,5,Talking,0.0,5.2,0.0,0.0,0.0,0.0
2026-07-17 11:48:23,7,Looking Away,0.0,4.9,0.0,0.0,0.0,0.0
2026-07-17 11:48:24,7,Talking,0.0,5.2,0.0,0.0,0.0,0.0
2026-07-17 11:48:24,6,Talking,0.0,0.3,0.0,0.0,0.0,0.0
2026-07-17 12:12:53,1,No Laptop,0.0,0.4,0.0,0.0,0.0,0.0
2026-07-17 12:12:53,3,No Laptop,0.0,0.4,0.0,0.0,0.0,0.0
2026-07-17 12:12:53,6,No Laptop,0.0,0.4,0.0,0.0,0.0,0.0
2026-07-17 12:12:53,2,No Laptop,0.0,0.4,0.0,0.0,0.0,0.0
2026-07-17 12:12:53,9,No Laptop,0.0,0.4,0.0,0.0,0.0,0.0
2026-07-17 12:12:53,10,No Laptop,0.0,0.4,0.0,0.0,0.0,0.0
2026-07-17 12:12:53,5,No Laptop,0.0,0.4,0.0,0.0,0.0,0.0
2026-07-17 12:12:53,1,Looking Away,0.0,1.0,0.0,0.0,0.0,0.0
2026-07-17 12:12:53,2,Looking Away,0.0,1.0,0.0,0.0,0.0,0.0
2026-07-17 12:12:53,9,Looking Away,0.0,1.0,0.0,0.0,0.0,0.0
2026-07-17 12:12:53,10,Looking Away,0.0,1.0,0.0,0.0,0.0,0.0
2026-07-17 12:12:54,3,Looking Away,0.0,0.7,0.0,0.0,0.0,0.0
2026-07-17 12:12:54,1,Working,0.0,2.0,0.0,0.0,0.0,0.0
2026-07-17 12:12:54,2,Working,0.0,2.0,0.0,0.0,0.0,0.0
2026-07-17 12:12:55,2,Looking Away,0.3,2.0,0.0,0.0,13.8,13.8
2026-07-17 12:12:55,2,Working,0.3,2.3,0.0,0.0,12.3,12.3
2026-07-17 12:12:55,2,Looking Away,0.6,2.3,0.0,0.0,21.8,21.8
2026-07-17 12:12:56,1,Looking Away,1.5,2.0,0.0,0.0,42.4,42.4
2026-07-17 12:12:56,1,Working,1.5,2.3,0.0,0.0,39.4,39.4
2026-07-17 12:12:56,1,Looking Away,1.8,2.3,0.0,0.0,43.7,43.7
2026-07-17 12:12:56,2,Working,0.6,3.5,0.0,0.0,15.7,15.7
2026-07-17 12:12:57,1,Working,1.8,3.2,0.0,0.0,36.4,36.4
2026-07-17 12:12:58,1,Looking Away,2.1,3.2,0.0,0.0,39.9,39.9
2026-07-17 12:12:58,3,Talking,0.0,4.7,0.0,0.0,0.0,0.0
2026-07-17 12:12:58,9,Talking,0.0,5.2,0.0,0.0,0.0,0.0
2026-07-17 12:12:58,2,Talking,2.0,3.5,0.0,0.0,36.9,36.9
2026-07-17 12:12:58,1,Working,2.1,3.7,0.0,0.0,36.3,36.3
2026-07-17 12:12:58,2,Working,2.0,3.5,0.0,0.2,35.3,35.3
2026-07-17 12:12:58,1,Talking,2.4,3.7,0.0,0.0,39.4,39.4
2026-07-17 12:12:58,3,Working,0.0,4.7,0.0,0.8,0.0,0.0
2026-07-17 12:12:58,6,Talking,0.0,6.1,0.0,0.0,0.0,0.0
2026-07-17 12:12:58,9,Looking Away,0.0,5.2,0.0,0.8,0.0,0.0
2026-07-17 12:12:59,3,Talking,0.3,4.7,0.0,0.8,5.1,5.1
2026-07-17 12:12:59,9,Talking,0.0,5.5,0.0,0.8,0.0,0.0
2026-07-17 12:13:00,1,Looking Away,2.4,3.7,0.0,1.1,33.3,33.3
2026-07-17 12:13:00,6,No Laptop,0.0,6.1,0.0,1.1,0.0,0.0
2026-07-17 12:13:01,3,Working,0.3,4.7,0.0,2.7,3.8,3.8
2026-07-17 12:13:01,9,Looking Away,0.0,5.5,0.0,2.7,0.0,0.0
2026-07-17 12:13:01,1,Working,2.4,5.1,0.0,1.1,27.9,27.9
2026-07-17 12:13:01,3,Talking,0.6,4.7,0.0,2.7,7.4,7.4
2026-07-17 12:13:01,9,Talking,0.0,5.8,0.0,2.7,0.0,0.0
2026-07-17 12:13:01,10,Working,0.0,3.3,0.0,0.0,0.0,0.0
2026-07-17 12:13:02,1,Looking Away,3.0,5.1,0.0,1.1,32.9,32.9
2026-07-17 12:13:02,2,Talking,5.5,3.5,0.0,0.2,59.6,59.6
2026-07-17 12:13:02,2,Working,5.5,3.5,0.0,0.5,57.8,57.8
2026-07-17 12:13:02,6,Looking Away,0.0,8.7,0.0,1.1,0.0,0.0
2026-07-17 12:13:02,1,Working,3.0,6.0,0.0,1.1,29.9,29.9
2026-07-17 12:13:02,2,Talking,6.1,3.5,0.0,0.5,60.4,60.4
2026-07-17 12:13:03,1,Looking Away,3.3,6.0,0.0,1.1,32.0,32.0
2026-07-17 12:13:06,1,Working,3.3,8.9,0.0,1.1,25.1,25.1
2026-07-17 12:13:06,1,Looking Away,4.0,8.9,0.0,1.1,28.5,28.5
2026-07-17 12:13:07,1,Talking,4.0,9.5,0.0,1.1,27.3,27.3
2026-07-17 12:13:07,6,Talking,0.0,13.4,0.0,1.1,0.0,0.0
2026-07-17 12:13:07,10,Talking,5.7,3.3,0.0,0.0,63.4,63.4
2026-07-17 12:13:07,1,Looking Away,4.0,9.5,0.0,1.4,26.8,26.8
2026-07-17 12:13:07,6,Looking Away,0.0,13.4,0.0,1.4,0.0,0.0
2026-07-17 12:13:07,10,Working,5.7,3.3,0.0,0.3,61.5,61.5
2026-07-17 12:13:07,1,Talking,4.0,9.8,0.0,1.4,26.3,26.3
2026-07-17 12:13:07,6,Talking,0.0,13.7,0.0,1.4,0.0,0.0
2026-07-17 12:13:07,10,Talking,6.0,3.3,0.0,0.3,62.7,62.7
2026-07-17 12:13:08,1,Looking Away,4.0,9.8,0.0,1.9,25.3,25.3
2026-07-17 12:13:08,6,Looking Away,0.0,13.7,0.0,1.9,0.0,0.0
2026-07-17 12:13:08,10,Working,6.0,3.3,0.0,0.8,59.3,59.3
2026-07-17 12:13:10,1,Talking,4.0,11.5,0.0,1.9,22.7,22.7
2026-07-17 12:13:10,6,Talking,0.0,15.5,0.0,1.9,0.0,0.0
2026-07-17 12:13:10,10,Talking,7.8,3.3,0.0,0.8,65.4,65.4
2026-07-17 12:13:11,1,Looking Away,4.0,11.5,0.0,2.8,21.7,21.7
2026-07-17 12:13:11,6,Looking Away,0.0,15.5,0.0,2.8,0.0,0.0
2026-07-17 12:13:11,2,Working,6.1,3.5,0.0,8.7,33.4,33.4
2026-07-17 12:13:11,10,Working,7.8,3.3,0.0,1.6,61.2,61.2
2026-07-17 12:13:11,1,Talking,4.0,11.9,0.0,2.8,21.4,21.4
2026-07-17 12:13:11,6,Talking,0.0,15.8,0.0,2.8,0.0,0.0
2026-07-17 12:13:11,2,Talking,6.4,3.5,0.0,8.7,34.6,34.6
2026-07-17 12:13:11,10,Talking,8.1,3.3,0.0,1.6,62.1,62.1
2026-07-17 12:13:12,3,Working,0.6,4.7,0.0,14.1,3.1,3.1
2026-07-17 12:13:14,1,Looking Away,4.0,11.9,0.0,5.4,18.7,18.7
2026-07-17 12:13:14,3,Talking,1.9,4.7,0.0,14.1,9.1,9.1
2026-07-17 12:13:14,6,Looking Away,0.0,15.8,0.0,5.4,0.0,0.0
2026-07-17 12:13:14,10,Working,8.1,3.3,0.0,4.3,51.6,51.6
2026-07-17 12:13:14,1,Talking,4.0,12.2,0.0,5.4,18.4,18.4
2026-07-17 12:13:14,6,Talking,0.0,16.2,0.0,5.4,0.0,0.0
2026-07-17 12:13:14,10,Talking,8.4,3.3,0.0,4.3,52.5,52.5
2026-07-17 12:13:17,1,Working,4.0,12.2,0.0,8.8,15.9,15.9
2026-07-17 12:13:17,6,Looking Away,0.0,16.2,0.0,8.8,0.0,0.0
2026-07-17 12:13:17,10,Working,8.4,3.3,0.0,7.6,43.5,43.5
2026-07-17 12:13:19,1,Talking,5.3,12.2,0.0,8.8,20.3,20.3
2026-07-17 12:13:19,15,Looking Away,0.0,0.3,0.0,0.0,0.0,0.0
2026-07-17 12:13:20,1,Working,5.3,12.2,0.0,10.3,19.2,19.2
2026-07-17 12:13:20,3,Working,1.9,4.7,0.0,20.4,7.0,7.0
2026-07-17 12:13:21,1,Talking,5.7,12.2,0.0,10.3,20.2,20.2
2026-07-17 12:13:21,3,Talking,2.2,4.7,0.0,20.4,8.2,8.2
2026-07-17 12:13:21,6,Talking,0.0,20.1,0.0,8.8,0.0,0.0
2026-07-17 12:32:42,204,No Laptop,0.0,0.4,0.0,0.0,0.0,0.0
2026-07-17 12:32:42,205,No Laptop,0.0,0.4,0.0,0.0,0.0,0.0
2026-07-17 12:32:42,206,No Laptop,0.0,0.4,0.0,0.0,0.0,0.0
2026-07-17 12:32:42,207,No Laptop,0.0,0.4,0.0,0.0,0.0,0.0
2026-07-17 12:32:42,208,No Laptop,0.0,0.4,0.0,0.0,0.0,0.0
2026-07-17 12:32:46,204,Looking Away,0.0,3.7,0.0,0.0,0.0,0.0
2026-07-17 12:32:46,206,Looking Away,0.0,3.7,0.0,0.0,0.0,0.0
2026-07-17 12:32:46,207,Working,0.0,3.7,0.0,0.0,0.0,0.0
2026-07-17 12:32:46,208,Looking Away,0.0,4.0,0.0,0.0,0.0,0.0
2026-07-17 12:32:46,207,Looking Away,0.6,3.7,0.0,0.0,13.0,13.0
2026-07-17 12:32:47,204,Talking,0.0,5.0,0.0,0.0,0.0,0.0
2026-07-17 12:32:47,206,Talking,0.0,5.0,0.0,0.0,0.0,0.0
2026-07-17 12:32:47,207,Talking,0.6,4.4,0.0,0.0,11.0,11.0
2026-07-17 12:32:47,208,Talking,0.0,5.0,0.0,0.0,0.0,0.0
2026-07-17 12:32:48,207,Working,0.6,4.4,0.0,0.7,9.6,9.6
2026-07-17 12:32:48,208,Looking Away,0.0,5.0,0.0,0.7,0.0,0.0
2026-07-17 12:32:48,207,Talking,0.8,4.4,0.0,0.7,13.8,13.8
2026-07-17 12:32:48,208,Talking,0.0,5.3,0.0,0.7,0.0,0.0
2026-07-17 12:32:48,207,Working,0.8,4.4,0.0,1.0,13.2,13.2
2026-07-17 12:32:48,208,Looking Away,0.0,5.3,0.0,1.0,0.0,0.0
2026-07-17 12:32:49,207,Talking,1.1,4.4,0.0,1.0,16.9,16.9
2026-07-17 12:32:49,208,Talking,0.0,5.6,0.0,1.0,0.0,0.0
2026-07-17 12:32:52,207,Working,1.1,4.4,0.0,4.0,11.6,11.6
2026-07-17 12:32:52,207,Talking,1.4,4.4,0.0,4.0,14.1,14.1
2026-07-17 12:32:52,207,Working,1.4,4.4,0.0,4.2,13.7,13.7
2026-07-17 12:32:53,207,Talking,1.9,4.4,0.0,4.2,18.2,18.2
2026-07-17 12:32:54,207,Working,1.9,4.4,0.0,6.0,15.5,15.5
2026-07-17 12:37:21,1,Looking Away,0.0,0.3,0.0,0.0,0.0,0.0
2026-07-17 12:37:21,2,Looking Away,0.0,0.3,0.0,0.0,0.0,0.0
2026-07-17 12:37:21,3,Looking Away,0.0,0.3,0.0,0.0,0.0,0.0
2026-07-17 12:37:21,4,Looking Away,0.0,0.3,0.0,0.0,0.0,0.0
2026-07-17 12:37:21,5,Looking Away,0.0,0.3,0.0,0.0,0.0,0.0
2026-07-17 12:37:21,6,Looking Away,0.0,0.3,0.0,0.0,0.0,0.0
2026-07-17 12:37:22,4,Working,0.0,1.3,0.0,0.0,0.0,0.0
2026-07-17 12:37:22,4,Looking Away,0.3,1.3,0.0,0.0,19.8,19.8
2026-07-17 12:37:22,11,Looking Away,0.0,0.3,0.0,0.0,0.0,0.0
2026-07-17 12:37:25,1,Talking,0.0,5.0,0.0,0.0,0.0,0.0
2026-07-17 12:37:25,2,Talking,0.0,5.0,0.0,0.0,0.0,0.0
2026-07-17 12:37:25,3,Talking,0.0,5.0,0.0,0.0,0.0,0.0
2026-07-17 12:37:25,4,Working,0.3,4.7,0.0,0.0,6.3,6.3
2026-07-17 12:37:25,5,Talking,0.0,5.0,0.0,0.0,0.0,0.0
2026-07-17 12:37:25,6,Talking,0.0,5.0,0.0,0.0,0.0,0.0
2026-07-17 12:37:26,4,Talking,0.6,4.7,0.0,0.0,11.2,11.2
2026-07-17 12:37:27,11,Talking,0.0,4.0,0.0,0.0,0.0,0.0
2026-07-17 12:37:29,5,Working,0.0,5.0,0.0,3.4,0.0,0.0
2026-07-17 12:37:29,5,Talking,0.3,5.0,0.0,3.4,3.4,3.4
2026-07-17 12:37:29,11,Working,0.0,4.0,0.0,1.1,0.0,0.0
2026-07-17 12:37:29,11,Talking,0.3,4.0,0.0,1.1,5.5,5.5
2026-07-17 12:37:30,26,Looking Away,0.0,0.3,0.0,0.0,0.0,0.0
2026-07-17 12:37:30,4,Working,0.6,4.7,0.0,4.3,6.2,6.2
2026-07-17 12:37:30,4,Talking,0.9,4.7,0.0,4.3,8.9,8.9
2026-07-17 12:37:30,6,Working,0.0,5.0,0.0,5.1,0.0,0.0
2026-07-17 12:37:31,6,Talking,0.3,5.0,0.0,5.1,2.8,2.8
2026-07-17 12:37:35,26,Talking,0.0,0.9,0.0,0.0,0.0,0.0
2026-07-17 12:37:35,6,Working,0.3,5.0,0.0,8.9,2.0,2.0
2026-07-17 12:37:35,6,Talking,0.6,5.0,0.0,8.9,4.4,4.4
2026-07-17 12:37:37,26,Working,0.0,0.9,0.0,2.3,0.0,0.0
2026-07-17 12:37:37,26,Talking,0.3,0.9,0.0,2.3,9.7,9.7
2026-07-17 12:37:42,29,Looking Away,0.0,0.3,0.0,0.0,0.0,0.0
2026-07-17 12:37:43,3,Working,0.0,5.0,0.0,17.5,0.0,0.0
2026-07-17 12:37:45,2,Working,0.0,5.0,0.0,20.1,0.0,0.0
2026-07-17 12:37:46,2,Talking,0.7,5.0,0.0,20.1,2.6,2.6
2026-07-17 12:37:47,29,Talking,0.0,4.8,0.0,0.0,0.0,0.0
2026-07-17 12:37:47,32,Looking Away,0.0,0.4,0.0,0.0,0.0,0.0
2026-07-17 12:37:49,2,Working,0.7,5.0,0.0,22.9,2.4,2.4
2026-07-17 12:37:49,32,Working,0.0,1.8,0.0,0.0,0.0,0.0
2026-07-17 12:37:49,2,Talking,1.1,5.0,0.0,22.9,3.7,3.7
2026-07-17 12:37:49,32,Looking Away,0.4,1.8,0.0,0.0,17.6,17.6
2026-07-17 12:37:50,3,Talking,6.8,5.0,0.0,17.5,23.0,23.0
2026-07-17 12:37:53,4,Working,0.9,4.7,0.0,27.5,2.7,2.7
2026-07-17 12:37:54,4,Talking,1.5,4.7,0.0,27.5,4.4,4.4
2026-07-17 12:37:54,2,Working,1.1,5.0,0.0,27.9,3.2,3.2
2026-07-17 12:37:54,3,Working,6.8,5.0,0.0,22.2,19.9,19.9
2026-07-17 12:37:55,2,Talking,1.4,5.0,0.0,27.9,4.1,4.1
2026-07-17 12:38:00,3,Talking,12.9,5.0,0.0,22.2,32.2,32.2
2026-07-17 12:38:14,117,Looking Away,0.0,0.4,0.0,0.0,0.0,0.0
2026-07-17 12:38:19,117,Talking,0.0,4.4,0.0,0.0,0.0,0.0
2026-07-17 13:16:02,1,Talking,0.0,12.9,0.0,0.0,0.0,0.0
2026-07-17 13:16:02,2,Talking,0.0,12.9,0.0,0.0,0.0,0.0
2026-07-17 13:16:02,4,Working,0.0,12.9,0.0,0.0,0.0,0.0
2026-07-17 13:16:02,6,Talking,0.0,12.9,0.0,0.0,0.0,0.0
2026-07-17 13:16:04,4,Talking,1.6,12.9,0.0,0.0,11.0,11.0
2026-07-17 13:16:04,7,Looking Away,14.5,0.0,0.0,0.0,100.0,100.0
2026-07-17 13:16:04,7,Working,14.5,0.4,0.0,0.0,97.0,97.0
2026-07-17 13:16:06,4,Working,1.6,12.9,0.0,1.8,9.8,9.8
2026-07-17 13:16:06,7,Looking Away,15.9,0.4,0.0,0.0,97.3,97.3
2026-07-17 13:16:06,4,Talking,2.1,12.9,0.0,1.8,12.3,12.3
2026-07-17 13:16:07,4,Working,2.1,12.9,0.0,2.3,12.0,12.0
2026-07-17 13:16:07,7,Working,15.9,1.4,0.0,0.0,92.1,92.1
2026-07-17 13:16:07,4,Talking,2.5,12.9,0.0,2.3,14.4,14.4
2026-07-17 13:16:07,7,Looking Away,16.3,1.4,0.0,0.0,92.3,92.3
2026-07-17 13:16:08,7,Working,16.3,1.9,0.0,0.0,89.8,89.8
2026-07-17 13:16:09,2,Working,0.0,12.9,0.0,6.6,0.0,0.0
2026-07-17 13:16:09,7,Looking Away,17.6,1.9,0.0,0.0,90.5,90.5
2026-07-17 13:16:09,2,Talking,0.5,12.9,0.0,6.6,2.5,2.5
2026-07-17 13:16:09,7,Working,17.6,2.3,0.0,0.0,88.2,88.2
2026-07-17 13:16:15,1,Working,0.0,12.9,0.0,12.9,0.0,0.0
2026-07-17 13:16:15,24,Looking Away,0.0,2.1,0.0,0.0,0.0,0.0
2026-07-17 13:16:17,1,Talking,2.0,12.9,0.0,12.9,7.2,7.2
2026-07-17 13:16:20,7,Talking,27.8,2.3,0.0,0.0,92.2,92.2
2026-07-17 13:16:20,24,Talking,0.0,6.5,0.0,0.0,0.0,0.0
2026-07-17 13:16:22,2,Working,0.5,12.9,0.0,18.9,1.5,1.5
2026-07-17 13:16:22,4,Working,2.5,12.9,0.0,9.7,10.1,10.1
2026-07-17 13:16:22,7,Working,27.8,2.3,0.0,2.1,86.1,86.1
2026-07-17 13:16:22,24,Working,0.0,6.5,0.0,2.1,0.0,0.0
2026-07-17 13:16:24,2,Talking,2.7,12.9,0.0,18.9,7.9,7.9
2026-07-17 13:16:24,4,Talking,4.8,12.9,0.0,9.7,17.4,17.4
2026-07-17 13:16:24,24,Talking,2.2,6.5,0.0,2.1,20.5,20.5
2026-07-17 13:16:31,1,Working,2.0,12.9,0.0,26.4,4.8,4.8
2026-07-17 13:16:33,1,Talking,4.1,12.9,0.0,26.4,9.5,9.5
2026-07-17 13:16:33,7,Talking,38.9,2.3,0.0,2.1,89.7,89.7
2026-07-17 13:16:36,4,Working,4.8,12.9,0.0,21.4,12.2,12.2
2026-07-17 13:16:36,7,Working,38.9,2.3,0.0,4.9,84.2,84.2
2026-07-17 13:16:39,2,Working,2.7,12.9,0.0,34.1,5.5,5.5
2026-07-17 13:16:39,7,Talking,42.4,2.3,0.0,4.9,85.3,85.3
2026-07-17 13:16:42,2,Talking,5.5,12.9,0.0,34.1,10.5,10.5
2026-07-17 13:16:42,5,Looking Away,52.5,0.0,0.0,0.0,100.0,100.0
2026-07-17 13:16:42,7,Working,42.4,2.3,0.0,7.8,80.7,80.7
2026-07-17 13:16:42,28,Looking Away,6.3,0.0,0.0,0.0,100.0,100.0
2026-07-17 13:16:45,1,Working,4.1,12.9,0.0,38.4,7.4,7.4
2026-07-17 13:16:45,5,Working,52.5,2.9,0.0,0.0,94.8,94.8
2026-07-17 13:16:45,28,Working,6.3,2.9,0.0,0.0,68.7,68.7
2026-07-17 13:16:48,1,Talking,7.1,12.9,0.0,38.4,12.2,12.2
2026-07-17 13:16:50,1,Working,7.1,12.9,0.0,41.0,11.7,11.7
2026-07-17 13:16:59,1,Talking,16.2,12.9,0.0,41.0,23.1,23.1
2026-07-17 13:17:02,1,Working,16.2,12.9,0.0,43.8,22.2,22.2
2026-07-17 13:17:02,2,Working,5.5,12.9,0.0,46.3,8.6,8.6
2026-07-17 13:17:05,6,Looking Away,0.0,12.9,0.0,51.5,0.0,0.0
2026-07-17 13:17:07,6,Working,0.0,15.7,0.0,51.5,0.0,0.0
2026-07-17 13:17:07,7,Looking Away,67.8,2.3,0.0,7.8,87.0,87.0
2026-07-17 13:17:07,27,Looking Away,6.3,0.0,0.0,0.0,100.0,100.0
2026-07-17 13:17:07,28,Looking Away,23.8,2.9,0.0,0.0,89.2,89.2
2026-07-17 13:17:11,2,Talking,13.9,12.9,0.0,46.3,19.0,19.0
2026-07-17 13:17:11,5,Talking,75.1,2.9,0.0,0.0,96.3,96.3
2026-07-17 13:17:11,6,Talking,3.2,15.7,0.0,51.5,4.5,4.5
2026-07-17 13:17:11,7,Talking,67.8,5.5,0.0,7.8,83.6,83.6
2026-07-17 13:17:11,28,Talking,23.8,6.0,0.0,0.0,79.7,79.7
2026-07-17 13:17:13,6,Working,3.2,15.7,0.0,54.0,4.4,4.4
2026-07-17 13:17:13,28,Working,23.8,6.0,0.0,2.5,73.4,73.4
2026-07-17 13:17:16,6,Talking,6.0,15.7,0.0,54.0,8.0,8.0
2026-07-17 13:17:18,2,Working,13.9,12.9,0.0,51.7,17.7,17.7
2026-07-17 13:17:18,5,Looking Away,75.1,2.9,0.0,7.3,88.1,88.1
2026-07-17 13:17:18,27,Working,6.3,3.2,0.0,0.0,66.3,66.3
2026-07-17 13:17:18,33,Looking Away,30.8,0.0,0.0,0.0,100.0,100.0
2026-07-17 13:17:21,1,Talking,33.1,12.9,0.0,43.8,36.9,36.9
2026-07-17 13:17:21,2,Talking,17.1,12.9,0.0,51.7,20.9,20.9
2026-07-17 13:17:21,4,Looking Away,45.1,12.9,0.0,21.4,56.8,56.8
2026-07-17 13:17:21,5,Talking,75.1,6.1,0.0,7.3,84.9,84.9
2026-07-17 13:17:21,24,Working,2.2,6.5,0.0,47.8,3.9,3.9
2026-07-17 13:17:21,33,Working,30.8,3.2,0.0,0.0,90.5,90.5
2026-07-17 13:17:24,4,No Laptop,45.1,15.5,0.0,21.4,55.0,55.0
2026-07-17 13:17:24,33,No Laptop,33.4,3.2,0.0,0.0,91.2,91.2
2026-07-17 13:17:26,1,Looking Away,33.1,12.9,0.0,49.0,34.8,34.8
2026-07-17 13:17:26,4,Looking Away,45.1,18.1,0.0,21.4,53.3,53.3
2026-07-17 13:17:26,33,Looking Away,33.4,5.8,0.0,0.0,85.2,85.2
2026-07-17 13:17:29,1,Talking,33.1,15.4,0.0,49.0,34.0,34.0
2026-07-17 13:17:29,4,Talking,45.1,20.6,0.0,21.4,51.8,51.8
2026-07-17 13:17:29,33,Talking,33.4,8.3,0.0,0.0,80.1,80.1
2026-07-17 13:17:33,27,Talking,17.2,3.2,0.0,0.0,84.4,84.4
2026-07-17 13:17:38,69,Working,0.0,2.7,0.0,0.0,0.0,0.0
2026-07-17 13:17:41,1,Working,33.1,15.4,0.0,61.1,30.2,30.2
2026-07-17 13:17:41,27,Working,17.2,3.2,0.0,8.1,60.4,60.4
2026-07-17 13:17:44,4,Working,45.1,20.6,0.0,21.4,51.8,51.8
2026-07-17 13:17:44,24,Talking,25.1,6.5,0.0,47.8,31.7,31.7
2026-07-17 13:17:44,27,Talking,20.4,3.2,0.0,8.1,64.4,64.4
2026-07-17 13:17:44,33,Working,33.4,8.3,0.0,0.0,80.1,80.1
2026-07-17 13:17:51,69,Talking,13.7,2.7,0.0,0.0,83.3,83.3
2026-07-17 13:18:00,1,Looking Away,52.6,15.4,0.0,61.1,40.8,40.8
2026-07-17 13:18:00,24,Working,25.1,6.5,0.0,64.1,26.3,26.3
2026-07-17 13:18:00,27,Working,20.4,3.2,0.0,24.4,42.5,42.5
2026-07-17 13:18:05,1,Talking,52.6,19.9,0.0,61.1,39.4,39.4
2026-07-17 13:18:05,24,Talking,29.7,6.5,0.0,64.1,29.6,29.6
2026-07-17 13:18:05,27,Talking,24.9,3.2,0.0,24.4,47.4,47.4
2026-07-17 13:18:05,33,Looking Away,51.4,8.3,0.0,0.0,86.1,86.1
2026-07-17 13:18:08,1,Working,52.6,19.9,0.0,61.1,39.4,39.4
2026-07-17 13:18:08,24,Working,29.7,6.5,0.0,67.1,28.7,28.7
2026-07-17 13:18:08,27,Working,24.9,3.2,0.0,27.4,44.9,44.9
2026-07-17 13:18:08,33,Working,51.4,11.3,0.0,0.0,82.0,82.0
2026-07-17 13:18:08,69,Looking Away,13.7,2.7,0.0,8.9,54.0,54.0
2026-07-17 13:18:08,88,No Laptop,0.0,3.0,0.0,0.0,0.0,0.0
2026-07-17 13:18:21,7,Working,67.8,5.5,0.0,27.1,67.5,67.5
2026-07-17 13:18:24,7,Talking,71.1,5.5,0.0,27.1,68.5,68.5
2026-07-17 13:18:24,69,Talking,13.7,6.0,0.0,8.9,47.8,47.8
2026-07-17 13:18:27,24,Talking,49.3,6.5,0.0,67.1,40.1,40.1
2026-07-17 13:18:30,24,Working,49.3,6.5,0.0,69.3,39.4,39.4
2026-07-17 13:18:32,7,Working,71.1,5.5,0.0,32.8,65.0,65.0
2026-07-17 13:18:32,24,Talking,51.3,6.5,0.0,69.3,40.4,40.4
2026-07-17 13:18:32,131,No Laptop,0.0,2.0,0.0,0.0,0.0,0.0
2026-07-17 13:18:34,7,Talking,73.4,5.5,0.0,32.8,65.7,65.7
2026-07-17 13:18:34,24,Working,51.3,6.5,0.0,71.6,39.6,39.6
2026-07-17 13:18:36,7,Working,73.4,5.5,0.0,34.7,64.6,64.6
2026-07-17 13:18:36,24,Talking,53.1,6.5,0.0,71.6,40.5,40.5
2026-07-17 13:18:44,7,Talking,81.2,5.5,0.0,34.7,66.9,66.9
2026-07-17 13:18:44,24,Working,53.1,6.5,0.0,79.4,38.2,38.2
2026-07-17 13:18:44,139,No Laptop,0.0,3.1,0.0,0.0,0.0,0.0
2026-07-17 13:18:46,4,Looking Away,101.7,20.6,0.0,21.4,70.8,70.8
2026-07-17 13:18:46,7,Working,81.2,5.5,0.0,37.3,65.5,65.5
2026-07-17 13:18:46,69,Looking Away,13.7,6.0,0.0,31.2,26.9,26.9
2026-07-17 13:18:46,85,Looking Away,25.2,0.0,0.0,0.0,100.0,100.0
2026-07-17 13:18:49,4,Working,101.7,22.9,0.0,21.4,69.7,69.7
2026-07-17 13:18:49,7,Talking,83.5,5.5,0.0,37.3,66.1,66.1
2026-07-17 13:18:49,24,Talking,58.1,6.5,0.0,79.4,40.3,40.3
2026-07-17 13:18:49,69,Talking,13.7,8.3,0.0,31.2,25.7,25.7
2026-07-17 13:18:49,85,Working,25.2,2.3,0.0,0.0,91.6,91.6
2026-07-17 13:18:54,24,Working,58.1,6.5,0.0,84.4,39.0,39.0
2026-07-17 13:19:00,7,Working,83.5,5.5,0.0,49.0,60.5,60.5
2026-07-17 13:19:00,69,Looking Away,13.7,8.3,0.0,42.9,21.1,21.1
2026-07-17 13:19:03,4,Looking Away,116.1,22.9,0.0,21.4,72.4,72.4
2026-07-17 13:19:06,4,Working,116.1,25.7,0.0,21.4,71.1,71.1
2026-07-17 13:19:06,7,Talking,89.0,5.5,0.0,49.0,62.0,62.0
2026-07-17 13:19:06,69,Talking,13.7,13.8,0.0,42.9,19.4,19.4
2026-07-17 13:19:09,7,Working,89.0,5.5,0.0,51.8,60.8,60.8
2026-07-17 13:19:09,11,Looking Away,104.9,0.0,0.0,0.0,100.0,100.0
2026-07-17 13:19:09,69,Looking Away,13.7,13.8,0.0,45.7,18.7,18.7
2026-07-17 13:19:12,11,Working,104.9,3.1,0.0,0.0,97.1,97.1
2026-07-17 13:19:14,7,Talking,94.9,5.5,0.0,51.8,62.3,62.3
2026-07-17 13:19:14,24,Talking,78.9,6.5,0.0,84.4,46.5,46.5
2026-07-17 13:19:14,69,Talking,13.7,19.7,0.0,45.7,17.3,17.3
2026-07-17 13:19:18,7,Working,94.9,5.5,0.0,54.9,61.1,61.1
2026-07-17 13:19:20,7,Talking,97.8,5.5,0.0,54.9,61.8,61.8
2026-07-17 13:19:20,151,Looking Away,14.7,0.0,0.0,0.0,100.0,100.0
2026-07-17 13:19:23,24,Working,78.9,6.5,0.0,93.2,44.2,44.2
2026-07-17 13:19:23,151,Working,14.7,2.8,0.0,0.0,84.1,84.1
2026-07-17 13:19:27,4,Talking,137.0,25.7,0.0,21.4,74.4,74.4
2026-07-17 13:19:27,85,Talking,40.4,2.3,0.0,0.0,94.6,94.6
2026-07-17 13:19:30,4,Working,137.0,25.7,0.0,24.5,73.2,73.2
2026-07-17 13:19:30,85,Looking Away,40.4,2.3,0.0,3.1,88.3,88.3
2026-07-17 13:19:32,24,Talking,88.0,6.5,0.0,93.2,46.9,46.9
2026-07-17 13:19:32,11,Looking Away,125.6,3.1,0.0,0.0,97.6,97.6
2026-07-17 13:19:32,139,Talking,0.0,2.6,0.0,0.0,0.0,0.0
2026-07-17 13:19:35,7,Working,97.8,5.5,0.0,69.6,56.6,56.6
2026-07-17 13:19:35,24,Working,88.0,6.5,0.0,96.0,46.2,46.2
2026-07-17 13:19:35,11,Working,125.6,5.8,0.0,0.0,95.6,95.6
2026-07-17 13:19:35,69,Looking Away,13.7,19.7,0.0,66.3,13.7,13.7
2026-07-17 13:19:35,85,Working,40.4,2.3,0.0,3.1,88.3,88.3
2026-07-17 13:19:42,4,Looking Away,148.9,25.7,0.0,24.5,74.8,74.8
2026-07-17 13:19:42,7,Talking,104.4,5.5,0.0,69.6,58.1,58.1
2026-07-17 13:19:42,69,Talking,13.7,26.3,0.0,66.3,12.9,12.9
2026-07-17 13:19:47,4,Working,148.9,31.0,0.0,24.5,72.9,72.9
2026-07-17 13:19:47,7,Working,104.4,5.5,0.0,74.8,56.5,56.5
2026-07-17 13:19:47,11,Looking Away,137.4,5.8,0.0,0.0,95.9,95.9
2026-07-17 13:19:50,7,Talking,107.3,5.5,0.0,74.8,57.2,57.2
2026-07-17 13:19:53,4,Looking Away,154.7,31.0,0.0,24.5,73.6,73.6
2026-07-17 13:19:53,7,Working,107.3,5.5,0.0,77.6,56.3,56.3
2026-07-17 13:19:53,24,Talking,105.6,6.5,0.0,96.0,50.8,50.8
2026-07-17 13:19:53,11,Talking,137.4,11.6,0.0,0.0,92.2,92.2
2026-07-17 13:19:53,151,Talking,44.1,2.8,0.0,0.0,94.1,94.1
2026-07-17 13:19:55,4,Working,154.7,33.8,0.0,24.5,72.6,72.6
2026-07-17 13:19:55,7,Talking,110.1,5.5,0.0,77.6,57.0,57.0
2026-07-17 13:19:55,24,Working,105.6,6.5,0.0,98.8,50.1,50.1
2026-07-17 13:19:55,11,Working,137.4,11.6,0.0,2.8,90.5,90.5
2026-07-17 13:19:55,151,Working,44.1,2.8,0.0,2.8,88.7,88.7
2026-07-17 13:19:58,4,Talking,157.5,33.8,0.0,24.5,73.0,73.0
2026-07-17 13:19:58,24,Talking,108.5,6.5,0.0,98.8,50.8,50.8
2026-07-17 13:20:01,4,Working,157.5,33.8,0.0,26.8,72.2,72.2
2026-07-17 13:20:01,24,Working,108.5,6.5,0.0,101.1,50.2,50.2
2026-07-17 13:20:01,11,Looking Away,142.6,11.6,0.0,2.8,90.8,90.8
2026-07-17 13:20:04,7,Working,110.1,5.5,0.0,85.8,54.7,54.7
2026-07-17 13:20:04,24,Talking,111.4,6.5,0.0,101.1,50.9,50.9
2026-07-17 13:20:04,11,Talking,142.6,14.5,0.0,2.8,89.2,89.2
2026-07-17 13:20:06,132,Looking Away,87.2,0.0,0.0,0.0,100.0,100.0
2026-07-17 13:20:06,151,Talking,52.4,2.8,0.0,2.8,90.4,90.4
2026-07-17 13:20:09,24,Working,111.4,6.5,0.0,106.2,49.7,49.7
2026-07-17 13:20:09,11,Looking Away,142.6,14.5,0.0,5.4,87.8,87.8
2026-07-17 13:20:09,69,Looking Away,13.7,26.3,0.0,93.4,10.3,10.3
2026-07-17 13:20:09,151,Working,52.4,2.8,0.0,5.4,86.6,86.6
2026-07-17 13:20:11,4,Talking,165.6,33.8,0.0,26.8,73.2,73.2
2026-07-17 13:20:11,7,Talking,117.8,5.5,0.0,85.8,56.3,56.3
2026-07-17 13:20:11,11,Talking,142.6,17.1,0.0,5.4,86.4,86.4
2026-07-17 13:20:11,69,Talking,13.7,28.9,0.0,93.4,10.1,10.1
2026-07-17 13:20:11,85,Talking,49.9,2.3,0.0,3.1,90.3,90.3
2026-07-17 13:20:11,132,Talking,87.2,5.2,0.0,0.0,94.4,94.4
2026-07-17 13:20:14,4,Working,165.6,33.8,0.0,29.4,72.4,72.4
2026-07-17 13:20:14,85,Working,49.9,2.3,0.0,5.6,86.3,86.3
2026-07-17 13:20:16,7,Looking Away,117.8,5.5,0.0,91.0,55.0,55.0
2026-07-17 13:20:16,11,Working,142.6,17.1,0.0,10.6,83.7,83.7
2026-07-17 13:20:16,69,Working,13.7,28.9,0.0,98.6,9.7,9.7
2026-07-17 13:20:16,132,Working,87.2,5.2,0.0,5.2,89.4,89.4
2026-07-17 13:20:19,7,Talking,117.8,8.5,0.0,91.0,54.2,54.2
2026-07-17 13:20:19,69,Talking,16.7,28.9,0.0,98.6,11.6,11.6
2026-07-17 13:20:19,132,Looking Away,90.2,5.2,0.0,5.2,89.7,89.7
2026-07-17 13:20:23,132,Working,90.2,8.2,0.0,5.2,87.1,87.1
2026-07-17 13:20:29,132,Looking Away,96.7,8.2,0.0,5.2,87.8,87.8
2026-07-17 13:20:32,7,Working,117.8,8.5,0.0,103.7,51.2,51.2
2026-07-17 13:20:32,11,Looking Away,158.3,17.1,0.0,10.6,85.1,85.1
2026-07-17 13:20:32,69,Looking Away,16.7,28.9,0.0,111.2,10.6,10.6
2026-07-17 13:20:32,132,Working,96.7,11.3,0.0,5.2,85.4,85.4
2026-07-17 13:20:35,7,Talking,120.8,8.5,0.0,103.7,51.9,51.9
2026-07-17 13:20:35,11,Working,158.3,20.2,0.0,10.6,83.7,83.7
2026-07-17 13:20:35,69,Talking,16.7,31.9,0.0,111.2,10.4,10.4
2026-07-17 13:20:38,11,Looking Away,161.3,20.2,0.0,10.6,84.0,84.0
2026-07-17 13:20:41,11,Working,161.3,23.4,0.0,10.6,82.6,82.6
2026-07-17 13:20:45,24,Talking,147.3,6.5,0.0,106.2,56.7,56.7
2026-07-17 13:20:45,132,Talking,109.1,11.3,0.0,5.2,86.8,86.8
2026-07-17 13:20:48,24,Working,147.3,6.5,0.0,109.3,56.0,56.0
2026-07-17 13:20:48,132,Looking Away,109.1,11.3,0.0,8.3,84.7,84.7
2026-07-17 13:20:54,24,Talking,153.6,6.5,0.0,109.3,57.0,57.0
2026-07-17 13:20:54,132,Talking,109.1,17.7,0.0,8.3,80.8,80.8
2026-07-17 13:20:54,151,Talking,97.7,2.8,0.0,5.4,92.3,92.3
2026-07-17 13:20:57,7,Working,120.8,8.5,0.0,125.5,47.4,47.4
2026-07-17 13:20:57,11,Talking,176.9,23.4,0.0,10.6,83.9,83.9
2026-07-17 13:20:57,69,Working,16.7,31.9,0.0,133.1,9.2,9.2
2026-07-17 13:21:00,7,Talking,123.4,8.5,0.0,125.5,47.9,47.9
2026-07-17 13:21:02,28,Looking Away,215.2,6.0,0.0,2.5,96.2,96.2
2026-07-17 13:21:05,69,Talking,24.3,31.9,0.0,133.1,12.8,12.8
2026-07-17 13:21:07,28,Working,215.2,8.7,0.0,2.5,95.1,95.1
2026-07-17 13:21:07,132,Working,109.1,17.7,0.0,21.4,73.6,73.6
2026-07-17 13:21:10,28,Talking,218.0,8.7,0.0,2.5,95.1,95.1
2026-07-17 13:21:10,132,Talking,111.9,17.7,0.0,21.4,74.1,74.1
2026-07-17 13:21:15,69,Working,24.3,31.9,0.0,143.8,12.1,12.1
2026-07-17 13:21:15,196,Looking Away,0.0,2.9,0.0,0.0,0.0,0.0
2026-07-17 13:21:18,28,Working,218.0,8.7,0.0,10.3,92.0,92.0
2026-07-17 13:21:18,132,Working,111.9,17.7,0.0,29.2,70.5,70.5
2026-07-17 13:21:18,198,Looking Away,0.0,2.2,0.0,0.0,0.0,0.0
2026-07-17 13:21:19,69,Talking,28.3,31.9,0.0,143.8,13.9,13.9
2026-07-17 13:21:20,7,Working,123.4,8.5,0.0,145.9,44.4,44.4
2026-07-17 13:21:20,69,Working,28.3,31.9,0.0,144.4,13.8,13.8
2026-07-17 13:21:20,7,Talking,123.9,8.5,0.0,145.9,44.5,44.5
2026-07-17 13:21:20,11,Working,176.9,23.4,0.0,34.1,75.5,75.5
2026-07-17 13:21:20,198,Talking,0.0,2.2,0.0,0.0,0.0,0.0
2026-07-17 13:21:21,7,Working,123.9,8.5,0.0,146.7,44.4,44.4
2026-07-17 13:21:21,11,Talking,177.7,23.4,0.0,34.1,75.6,75.6
2026-07-17 13:21:22,7,Talking,125.1,8.5,0.0,146.7,44.6,44.6
2026-07-17 13:21:22,69,Talking,30.8,31.9,0.0,144.4,14.9,14.9
2026-07-17 13:21:23,69,Working,30.8,31.9,0.0,145.4,14.8,14.8
2026-07-17 13:21:24,69,Talking,31.7,31.9,0.0,145.4,15.2,15.2
2026-07-17 13:21:26,4,Talking,226.0,33.8,0.0,29.4,78.2,78.2
2026-07-17 13:21:26,151,Talking,0.0,0.8,0.0,0.0,0.0,0.0
2026-07-17 13:21:28,11,Working,177.7,23.4,0.0,40.5,73.5,73.5
2026-07-17 13:21:29,4,Working,226.0,33.8,0.0,32.0,77.5,77.5
2026-07-17 13:21:29,7,Working,125.1,8.5,0.0,153.3,43.6,43.6
2026-07-17 13:21:30,7,Talking,125.7,8.5,0.0,153.3,43.7,43.7
2026-07-17 13:21:30,69,Working,31.7,31.9,0.0,150.7,14.8,14.8
2026-07-17 13:21:34,11,Talking,184.3,23.4,0.0,40.5,74.2,74.2
2026-07-17 13:21:35,132,Talking,129.2,17.7,0.0,29.2,73.4,73.4
2026-07-17 13:21:35,69,Talking,35.3,31.9,0.0,150.7,16.2,16.2
2026-07-17 13:21:35,132,Working,129.2,17.7,0.0,29.7,73.2,73.2
2026-07-17 13:21:36,4,Talking,233.1,33.8,0.0,32.0,78.0,78.0
2026-07-17 13:21:37,4,Working,233.1,33.8,0.0,32.6,77.8,77.8
2026-07-17 13:21:42,69,Working,35.3,31.9,0.0,157.5,15.7,15.7
2026-07-17 13:21:45,69,Talking,37.9,31.9,0.0,157.5,16.7,16.7
2026-07-17 13:21:45,151,Working,0.0,0.8,0.0,14.4,0.0,0.0
2026-07-17 13:21:47,151,Talking,2.5,0.8,0.0,14.4,14.0,14.0
2026-07-17 13:21:50,220,No Laptop,0.0,2.5,0.0,0.0,0.0,0.0
2026-07-17 13:21:52,151,Working,2.5,0.8,0.0,19.5,10.8,10.8
2026-07-17 13:21:55,7,Looking Away,125.7,8.5,0.0,178.7,40.2,40.2
2026-07-17 13:21:55,11,Working,184.3,23.4,0.0,61.2,68.5,68.5
2026-07-17 13:21:55,69,Working,37.9,31.9,0.0,167.7,16.0,16.0
2026-07-17 13:21:55,198,Looking Away,0.0,2.2,0.0,19.0,0.0,0.0
2026-07-17 13:21:57,7,Talking,125.7,11.0,0.0,178.7,39.9,39.9
2026-07-17 13:21:57,11,Looking Away,186.8,23.4,0.0,61.2,68.8,68.8
2026-07-17 13:21:57,69,Talking,40.4,31.9,0.0,167.7,16.8,16.8
2026-07-17 13:21:57,220,Talking,0.0,2.5,0.0,0.0,0.0,0.0
2026-07-17 13:22:00,11,Working,186.8,26.1,0.0,61.2,68.2,68.2
2026-07-17 13:22:00,69,Working,40.4,31.9,0.0,170.4,16.6,16.6
2026-07-17 13:22:00,151,Talking,10.3,0.8,0.0,19.5,33.7,33.7
2026-07-17 13:22:02,11,Talking,189.0,26.1,0.0,61.2,68.4,68.4
2026-07-17 13:22:02,69,Talking,42.7,31.9,0.0,170.4,17.4,17.4
2026-07-17 13:22:05,4,Talking,261.2,33.8,0.0,32.6,79.7,79.7
2026-07-17 13:22:05,69,Working,42.7,31.9,0.0,172.9,17.2,17.2
2026-07-17 13:22:05,24,Working,0.0,2.5,0.0,0.0,0.0,0.0
2026-07-17 13:22:07,11,Working,189.0,26.1,0.0,65.5,67.4,67.4
2026-07-17 13:22:07,24,Talking,1.8,2.5,0.0,0.0,41.6,41.6
2026-07-17 13:22:07,4,Looking Away,261.2,33.8,0.0,35.0,79.1,79.1
2026-07-17 13:22:07,69,Talking,45.0,31.9,0.0,172.9,18.0,18.0
2026-07-17 13:22:07,24,Working,1.8,2.5,0.0,0.6,36.6,36.6
2026-07-17 13:22:08,4,Talking,261.2,34.3,0.0,35.0,79.0,79.0
2026-07-17 13:22:08,11,Talking,190.2,26.1,0.0,65.5,67.5,67.5
2026-07-17 13:22:08,24,Talking,2.3,2.5,0.0,0.6,42.9,42.9
2026-07-17 13:22:08,11,Working,190.2,26.1,0.0,66.1,67.4,67.4
2026-07-17 13:22:09,4,Working,261.2,34.3,0.0,36.2,78.7,78.7
2026-07-17 13:22:10,11,Talking,191.4,26.1,0.0,66.1,67.5,67.5
2026-07-17 13:22:11,69,Working,45.0,31.9,0.0,176.5,17.8,17.8
2026-07-17 13:22:12,69,Talking,46.3,31.9,0.0,176.5,18.2,18.2
2026-07-17 13:22:12,198,Talking,0.0,2.2,0.0,19.0,0.0,0.0
2026-07-17 13:22:13,11,Working,191.4,26.1,0.0,69.2,66.8,66.8
2026-07-17 13:22:14,7,Looking Away,125.7,11.0,0.0,195.2,37.9,37.9
2026-07-17 13:22:14,69,Working,46.3,31.9,0.0,178.4,18.0,18.0
2026-07-17 13:22:14,198,Looking Away,0.0,2.2,0.0,20.3,0.0,0.0
2026-07-17 13:22:14,24,Working,2.3,2.5,0.0,6.7,20.2,20.2
2026-07-17 13:22:15,7,Talking,125.7,11.7,0.0,195.2,37.8,37.8
2026-07-17 13:22:15,198,Talking,0.0,2.9,0.0,20.3,0.0,0.0
2026-07-17 13:22:15,24,Talking,3.0,2.5,0.0,6.7,24.5,24.5
2026-07-17 13:22:15,24,Working,3.0,2.5,0.0,7.4,23.3,23.3
2026-07-17 13:22:17,69,Talking,49.5,31.9,0.0,178.4,19.1,19.1
2026-07-17 13:22:17,24,Talking,4.9,2.5,0.0,7.4,33.3,33.3
2026-07-17 13:22:22,7,Looking Away,125.7,11.7,0.0,202.4,37.0,37.0
2026-07-17 13:22:22,69,Working,49.5,31.9,0.0,183.0,18.7,18.7
2026-07-17 13:22:22,132,Looking Away,175.6,17.7,0.0,29.7,78.7,78.7
2026-07-17 13:22:22,24,Working,4.9,2.5,0.0,12.0,25.4,25.4
2026-07-17 13:22:22,7,Talking,125.7,12.1,0.0,202.4,36.9,36.9
2026-07-17 13:22:22,69,Talking,50.0,31.9,0.0,183.0,18.9,18.9
2026-07-17 13:22:22,132,Working,175.6,18.1,0.0,29.7,78.6,78.6
2026-07-17 13:22:22,24,Talking,5.4,2.5,0.0,12.0,27.3,27.3
2026-07-17 13:22:23,216,Looking Away,13.3,0.0,0.0,0.0,100.0,100.0
2026-07-17 13:22:24,69,Working,50.0,31.9,0.0,184.2,18.8,18.8
2026-07-17 13:22:24,216,Working,13.3,0.6,0.0,0.0,95.6,95.6
2026-07-17 13:22:24,69,Talking,50.6,31.9,0.0,184.2,19.0,19.0
2026-07-17 13:22:24,216,Looking Away,13.9,0.6,0.0,0.0,95.7,95.7
2026-07-17 13:22:25,216,Working,13.9,1.2,0.0,0.0,92.1,92.1
2026-07-17 13:22:25,24,Working,5.4,2.5,0.0,15.0,23.6,23.6
2026-07-17 13:22:25,216,Looking Away,14.6,1.2,0.0,0.0,92.5,92.5
2026-07-17 13:22:27,24,Talking,6.6,2.5,0.0,15.0,27.3,27.3
2026-07-17 13:22:28,216,Working,14.6,4.0,0.0,0.0,78.5,78.5
2026-07-17 13:22:29,216,Talking,15.2,4.0,0.0,0.0,79.1,79.1
2026-07-17 13:22:30,216,Working,15.2,4.0,0.0,1.3,74.3,74.3
2026-07-17 13:22:32,11,Talking,210.2,26.1,0.0,69.2,68.8,68.8
2026-07-17 13:22:32,11,Working,210.2,26.1,0.0,69.8,68.7,68.7
2026-07-17 13:22:32,69,Working,50.6,31.9,0.0,192.2,18.4,18.4
2026-07-17 13:22:34,69,Talking,51.9,31.9,0.0,192.2,18.8,18.8
2026-07-17 13:22:34,24,Working,6.6,2.5,0.0,22.0,21.2,21.2
2026-07-17 13:22:34,216,Looking Away,18.6,4.0,0.0,1.3,78.0,78.0
2026-07-17 13:22:35,69,Working,51.9,31.9,0.0,194.0,18.7,18.7
2026-07-17 13:22:35,24,Talking,8.3,2.5,0.0,22.0,25.4,25.4
2026-07-17 13:22:35,216,Working,18.6,5.7,0.0,1.3,72.7,72.7
2026-07-17 13:22:38,69,Talking,54.3,31.9,0.0,194.0,19.4,19.4
2026-07-17 13:22:40,69,Working,54.3,31.9,0.0,196.5,19.2,19.2
2026-07-17 13:22:40,132,Talking,190.7,18.1,0.0,29.7,79.9,79.9
2026-07-17 13:22:40,216,Talking,23.6,5.7,0.0,1.3,77.2,77.2
2026-07-17 13:22:43,132,Working,190.7,18.1,0.0,32.3,79.1,79.1
2026-07-17 13:22:45,69,Talking,59.4,31.9,0.0,196.5,20.6,20.6
2026-07-17 13:22:45,216,Working,23.6,5.7,0.0,6.4,66.1,66.1
2026-07-17 13:22:53,69,Working,59.4,31.9,0.0,203.7,20.1,20.1
2026-07-17 13:22:57,239,No Laptop,0.0,2.2,0.0,0.0,0.0,0.0
2026-07-17 13:22:59,24,Working,8.3,2.5,0.0,45.6,14.7,14.7
2026-07-17 13:23:02,24,Talking,11.1,2.5,0.0,45.6,18.8,18.8
2026-07-17 13:23:02,239,Talking,0.0,7.0,0.0,0.0,0.0,0.0
2026-07-17 13:23:04,69,Talking,70.8,31.9,0.0,203.7,23.1,23.1
2026-07-17 13:23:09,132,Looking Away,210.0,18.1,0.0,32.3,80.6,80.6
2026-07-17 13:23:10,132,Working,210.0,18.6,0.0,32.3,80.5,80.5
2026-07-17 13:23:10,69,Working,70.8,31.9,0.0,210.3,22.6,22.6
2026-07-17 13:23:11,69,Talking,71.1,31.9,0.0,210.3,22.7,22.7
2026-07-17 13:23:13,255,Looking Away,0.0,0.5,0.0,0.0,0.0,0.0
2026-07-17 13:23:13,255,No Laptop,0.0,1.0,0.0,0.0,0.0,0.0
2026-07-17 13:23:14,24,Working,11.1,2.5,0.0,57.9,15.5,15.5
2026-07-17 13:23:14,7,Looking Away,125.7,12.1,0.0,253.9,32.1,32.1
2026-07-17 13:23:14,69,Working,71.1,31.9,0.0,213.9,22.4,22.4
2026-07-17 13:23:14,216,Looking Away,36.4,5.7,0.0,6.4,75.0,75.0
2026-07-17 13:23:15,216,Working,36.4,6.3,0.0,6.4,74.2,74.2
2026-07-17 13:23:16,7,Talking,125.7,13.4,0.0,253.9,32.0,32.0
2026-07-17 13:23:16,24,Talking,12.8,2.5,0.0,57.9,17.5,17.5
2026-07-17 13:23:16,216,Looking Away,37.1,6.3,0.0,6.4,74.5,74.5
2026-07-17 13:23:16,7,Looking Away,125.7,13.4,0.0,254.4,31.9,31.9
2026-07-17 13:23:16,24,Working,12.8,2.5,0.0,58.4,17.4,17.4
2026-07-17 13:23:17,216,Working,37.1,7.3,0.0,6.4,73.0,73.0
2026-07-17 13:23:18,28,Talking,333.1,8.7,0.0,10.3,94.6,94.6
2026-07-17 13:23:18,132,Talking,218.9,18.6,0.0,32.3,81.1,81.1
2026-07-17 13:23:21,7,Talking,125.7,17.9,0.0,254.4,31.6,31.6
2026-07-17 13:23:21,69,Talking,77.4,31.9,0.0,213.9,23.9,23.9
2026-07-17 13:23:26,11,Talking,264.3,26.1,0.0,69.8,73.4,73.4
2026-07-17 13:23:26,24,Talking,23.0,2.5,0.0,58.4,27.4,27.4
2026-07-17 13:23:29,284,Looking Away,0.0,3.0,0.0,0.0,0.0,0.0
2026-07-17 13:23:32,11,Working,264.3,26.1,0.0,75.7,72.2,72.2
2026-07-17 13:23:32,69,Working,77.4,31.9,0.0,225.5,23.1,23.1
2026-07-17 13:23:32,132,Working,218.9,18.6,0.0,46.1,77.2,77.2
2026-07-17 13:23:32,284,Working,0.0,3.0,0.0,0.0,0.0,0.0
2026-07-17 13:23:35,132,Talking,221.8,18.6,0.0,46.1,77.4,77.4
2026-07-17 13:23:38,69,Talking,83.3,31.9,0.0,225.5,24.4,24.4
2026-07-17 13:23:38,24,Working,23.0,2.5,0.0,70.2,24.0,24.0
2026-07-17 13:23:38,216,Talking,58.5,7.3,0.0,6.4,81.0,81.0
2026-07-17 13:23:41,11,Talking,272.7,26.1,0.0,75.7,72.8,72.8
2026-07-17 13:23:41,69,Working,83.3,31.9,0.0,227.9,24.3,24.3
2026-07-17 13:23:41,24,Talking,25.4,2.5,0.0,70.2,25.9,25.9
2026-07-17 13:23:43,7,Looking Away,125.7,17.9,0.0,277.1,29.9,29.9
2026-07-17 13:23:43,11,Looking Away,272.7,26.1,0.0,78.4,72.3,72.3
2026-07-17 13:23:43,132,Working,221.8,18.6,0.0,54.4,75.2,75.2
2026-07-17 13:23:43,24,Working,25.4,2.5,0.0,73.0,25.2,25.2
2026-07-17 13:23:43,216,Looking Away,58.5,7.3,0.0,11.6,75.6,75.6
2026-07-17 13:23:46,7,Talking,125.7,20.6,0.0,277.1,29.7,29.7
2026-07-17 13:23:46,11,Working,272.7,28.8,0.0,78.4,71.8,71.8
2026-07-17 13:23:46,24,Talking,28.1,2.5,0.0,73.0,27.1,27.1
2026-07-17 13:23:46,216,Working,58.5,10.0,0.0,11.6,73.0,73.0
2026-07-17 13:23:49,216,Talking,61.0,10.0,0.0,11.6,73.9,73.9
2026-07-17 13:23:51,132,Talking,229.3,18.6,0.0,54.4,75.9,75.9
2026-07-17 13:23:51,284,Talking,16.2,3.0,0.0,0.0,84.2,84.2
2026-07-17 13:23:53,132,Working,229.3,18.6,0.0,56.2,75.4,75.4
2026-07-17 13:23:53,216,Working,61.0,10.0,0.0,15.7,70.4,70.4
2026-07-17 13:23:53,284,Working,16.2,3.0,0.0,1.8,76.8,76.8
2026-07-17 13:23:55,7,Working,125.7,20.6,0.0,286.3,29.1,29.1
2026-07-17 13:23:55,24,Looking Away,28.1,2.5,0.0,82.2,24.9,24.9
2026-07-17 13:23:58,7,Talking,128.1,20.6,0.0,286.3,29.5,29.5
2026-07-17 13:23:58,132,Talking,234.3,18.6,0.0,56.2,75.8,75.8
2026-07-17 13:23:58,24,Talking,28.1,5.0,0.0,82.2,24.4,24.4
2026-07-17 13:23:58,216,Talking,63.6,10.0,0.0,15.7,71.2,71.2
2026-07-17 13:23:58,284,Talking,21.2,3.0,0.0,1.8,81.3,81.3
2026-07-17 13:24:00,24,Working,28.1,5.0,0.0,84.6,23.9,23.9
2026-07-17 13:24:03,7,Working,128.1,20.6,0.0,291.1,29.1,29.1
2026-07-17 13:24:03,24,Talking,30.5,5.0,0.0,84.6,25.4,25.4
2026-07-17 13:24:03,306,Looking Away,5.0,0.0,0.0,0.0,100.0,100.0
2026-07-17 13:24:04,28,Working,333.1,8.7,0.0,30.1,89.6,89.6
2026-07-17 13:24:04,216,Working,63.6,10.0,0.0,21.8,66.7,66.7
2026-07-17 13:24:04,306,Working,5.0,1.2,0.0,0.0,80.3,80.3
2026-07-17 13:24:04,7,Talking,130.0,20.6,0.0,291.1,29.4,29.4
2026-07-17 13:24:04,216,Talking,64.3,10.0,0.0,21.8,66.9,66.9
2026-07-17 13:24:04,284,Working,21.2,3.0,0.0,8.6,64.6,64.6
2026-07-17 13:24:05,216,Working,64.3,10.0,0.0,22.3,66.5,66.5
2026-07-17 13:24:06,7,Working,130.0,20.6,0.0,292.4,29.4,29.4
2026-07-17 13:24:06,132,Working,234.3,18.6,0.0,63.0,74.2,74.2
2026-07-17 13:24:06,284,Talking,22.4,3.0,0.0,8.6,65.8,65.8
2026-07-17 13:24:06,24,Looking Away,30.5,5.0,0.0,88.5,24.6,24.6
2026-07-17 13:24:06,284,Working,22.4,3.0,0.0,9.3,64.5,64.5
2026-07-17 13:24:08,7,Talking,131.9,20.6,0.0,292.4,29.7,29.7
2026-07-17 13:24:08,69,Talking,92.6,31.9,0.0,227.9,26.3,26.3
2026-07-17 13:24:08,24,Talking,30.5,6.2,0.0,88.5,24.4,24.4
2026-07-17 13:24:08,216,Talking,66.8,10.0,0.0,22.3,67.4,67.4
2026-07-17 13:24:08,132,Talking,236.8,18.6,0.0,63.0,74.4,74.4
2026-07-17 13:24:08,216,Working,66.8,10.0,0.0,23.0,67.0,67.0
2026-07-17 13:24:08,284,Talking,24.3,3.0,0.0,9.3,66.3,66.3
2026-07-17 13:24:09,7,Looking Away,131.9,20.6,0.0,293.8,29.6,29.6
2026-07-17 13:24:09,11,Talking,295.6,28.8,0.0,78.4,73.4,73.4
2026-07-17 13:24:09,69,Working,92.6,31.9,0.0,229.3,26.2,26.2
2026-07-17 13:24:09,24,Working,30.5,6.2,0.0,89.9,24.1,24.1
2026-07-17 13:24:09,216,Talking,67.6,10.0,0.0,23.0,67.2,67.2
2026-07-17 13:24:09,284,Working,24.3,3.0,0.0,10.1,64.9,64.9
2026-07-17 13:24:11,7,Talking,131.9,22.3,0.0,293.8,29.4,29.4
2026-07-17 13:24:11,11,Working,295.6,28.8,0.0,80.1,73.1,73.1
2026-07-17 13:24:11,132,Working,236.8,18.6,0.0,65.5,73.8,73.8
2026-07-17 13:24:11,24,Talking,32.3,6.2,0.0,89.9,25.1,25.1
2026-07-17 13:24:11,7,Looking Away,131.9,22.3,0.0,294.3,29.4,29.4
2026-07-17 13:24:11,24,Working,32.3,6.2,0.0,90.4,25.0,25.0
2026-07-17 13:24:11,216,Looking Away,67.6,10.0,0.0,25.2,65.8,65.8
2026-07-17 13:24:12,7,Talking,131.9,23.2,0.0,294.3,29.4,29.4
2026-07-17 13:24:12,69,Talking,95.2,31.9,0.0,229.3,26.7,26.7
2026-07-17 13:24:12,132,Talking,238.3,18.6,0.0,65.5,73.9,73.9
2026-07-17 13:24:12,216,Talking,67.6,10.9,0.0,25.2,65.2,65.2
2026-07-17 13:24:13,69,Working,95.2,31.9,0.0,229.9,26.7,26.7
2026-07-17 13:24:13,132,Working,238.3,18.6,0.0,66.0,73.8,73.8
2026-07-17 13:24:13,24,Talking,33.7,6.2,0.0,90.4,25.9,25.9
2026-07-17 13:24:13,216,Working,67.6,10.9,0.0,25.8,64.8,64.8
2026-07-17 13:24:13,69,Talking,95.9,31.9,0.0,229.9,26.8,26.8
2026-07-17 13:24:14,7,Working,131.9,23.2,0.0,296.0,29.2,29.2
2026-07-17 13:24:14,7,Talking,132.5,23.2,0.0,296.0,29.3,29.3
2026-07-17 13:24:14,284,Talking,25.7,3.0,0.0,10.1,66.3,66.3
2026-07-17 13:24:15,7,Working,132.5,23.2,0.0,296.6,29.3,29.3
2026-07-17 13:24:15,69,Working,95.9,31.9,0.0,231.7,26.7,26.7
2026-07-17 13:24:15,24,Looking Away,33.7,6.2,0.0,92.8,25.4,25.4
2026-07-17 13:24:15,284,Working,25.7,3.0,0.0,10.7,65.1,65.1
2026-07-17 13:24:16,69,Talking,96.6,31.9,0.0,231.7,26.8,26.8
2026-07-17 13:24:16,24,Talking,33.7,6.9,0.0,92.8,25.3,25.3
2026-07-17 13:24:16,284,Talking,26.5,3.0,0.0,10.7,65.8,65.8
2026-07-17 13:24:16,284,Working,26.5,3.0,0.0,11.3,64.8,64.8
2026-07-17 13:24:16,316,No Laptop,0.0,0.6,0.0,0.0,0.0,0.0
2026-07-17 13:24:18,11,Looking Away,302.6,28.8,0.0,80.1,73.5,73.5
2026-07-17 13:24:18,24,Working,33.7,6.9,0.0,94.6,24.9,24.9
2026-07-17 13:24:18,284,Talking,27.7,3.0,0.0,11.3,65.9,65.9
2026-07-17 13:24:18,7,Talking,135.9,23.2,0.0,296.6,29.8,29.8
2026-07-17 13:24:18,11,Talking,302.6,29.5,0.0,80.1,73.4,73.4
2026-07-17 13:24:18,24,Talking,34.5,6.9,0.0,94.6,25.3,25.3
2026-07-17 13:24:18,306,Talking,0.0,0.8,0.0,0.0,0.0,0.0
2026-07-17 13:24:19,11,Working,302.6,29.5,0.0,80.9,73.3,73.3
2026-07-17 13:24:19,284,Working,27.7,3.0,0.0,12.8,63.6,63.6
2026-07-17 13:24:20,24,Working,34.5,6.9,0.0,96.0,25.1,25.1
2026-07-17 13:24:20,284,Talking,28.4,3.0,0.0,12.8,64.2,64.2
2026-07-17 13:24:20,306,No Laptop,0.0,0.8,0.0,1.4,0.0,0.0
2026-07-17 13:24:21,24,Talking,35.2,6.9,0.0,96.0,25.5,25.5
2026-07-17 13:24:21,306,Talking,0.0,1.5,0.0,1.4,0.0,0.0
2026-07-17 13:24:21,7,Working,135.9,23.2,0.0,299.5,29.6,29.6
2026-07-17 13:24:21,24,Working,35.2,6.9,0.0,96.7,25.3,25.3
2026-07-17 13:24:21,284,Working,28.4,3.0,0.0,14.2,62.2,62.2
2026-07-17 13:24:21,310,Looking Away,2.7,0.0,0.0,0.0,100.0,100.0
2026-07-17 13:24:21,316,Talking,0.0,5.4,0.0,0.0,0.0,0.0
2026-07-17 13:24:22,69,Working,96.6,31.9,0.0,237.9,26.4,26.4
2026-07-17 13:24:22,284,Talking,29.3,3.0,0.0,14.2,62.9,62.9
2026-07-17 13:24:22,310,Working,2.7,0.9,0.0,0.0,76.3,76.3
2026-07-17 13:24:23,69,Talking,97.4,31.9,0.0,237.9,26.5,26.5
2026-07-17 13:24:24,7,Talking,138.2,23.2,0.0,299.5,30.0,30.0
2026-07-17 13:24:24,7,Working,138.2,23.2,0.0,300.1,29.9,29.9
2026-07-17 13:24:24,24,Talking,38.1,6.9,0.0,96.7,26.9,26.9
2026-07-17 13:24:25,310,Looking Away,4.2,0.9,0.0,0.0,83.2,83.2
2026-07-17 13:24:26,24,Working,38.1,6.9,0.0,98.6,26.5,26.5
2026-07-17 13:24:26,310,Working,4.2,2.1,0.0,0.0,67.0,67.0
2026-07-17 13:24:27,24,Talking,38.7,6.9,0.0,98.6,26.8,26.8
2026-07-17 13:24:27,334,No Laptop,0.0,0.7,0.0,0.0,0.0,0.0
2026-07-17 13:24:28,11,Talking,311.5,29.5,0.0,80.9,73.8,73.8
2026-07-17 13:24:29,11,Working,311.5,29.5,0.0,81.7,73.7,73.7
2026-07-17 13:24:29,310,Talking,7.0,2.1,0.0,0.0,77.1,77.1
2026-07-17 13:24:30,24,Working,38.7,6.9,0.0,101.7,26.3,26.3
2026-07-17 13:24:30,310,Working,7.0,2.1,0.0,0.8,70.6,70.6
2026-07-17 13:24:30,11,Looking Away,313.1,29.5,0.0,81.7,73.8,73.8
2026-07-17 13:24:31,7,Talking,145.2,23.2,0.0,300.1,31.0,31.0
2026-07-17 13:24:31,11,Working,313.1,30.3,0.0,81.7,73.7,73.7
2026-07-17 13:24:31,310,Talking,8.5,2.1,0.0,0.8,74.3,74.3
2026-07-17 13:24:31,334,Working,0.0,4.5,0.0,0.0,0.0,0.0
2026-07-17 13:24:32,11,Talking,313.8,30.3,0.0,81.7,73.7,73.7
2026-07-17 13:24:32,24,Talking,40.9,6.9,0.0,101.7,27.4,27.4
2026-07-17 13:24:32,310,Working,8.5,2.1,0.0,1.6,69.7,69.7
2026-07-17 13:24:32,334,Talking,0.7,4.5,0.0,0.0,14.3,14.3
2026-07-17 13:24:35,132,Talking,260.4,18.6,0.0,66.0,75.5,75.5
2026-07-17 13:24:35,310,Talking,11.4,2.1,0.0,1.6,75.6,75.6
2026-07-17 13:24:37,11,Working,313.8,30.3,0.0,87.1,72.8,72.8
2026-07-17 13:24:37,132,Looking Away,260.4,18.6,0.0,68.5,74.9,74.9
2026-07-17 13:24:37,24,Working,40.9,6.9,0.0,107.0,26.4,26.4
2026-07-17 13:24:37,310,Working,11.4,2.1,0.0,4.1,64.9,64.9
2026-07-17 13:24:37,334,No Laptop,0.7,4.5,0.0,5.4,7.0,7.0
2026-07-17 13:24:39,7,Working,145.2,23.2,0.0,308.3,30.5,30.5
2026-07-17 13:24:39,11,Talking,315.9,30.3,0.0,87.1,72.9,72.9
2026-07-17 13:24:39,132,Working,260.4,20.7,0.0,68.5,74.5,74.5
2026-07-17 13:24:39,24,Talking,43.0,6.9,0.0,107.0,27.4,27.4
2026-07-17 13:24:39,310,Talking,13.5,2.1,0.0,4.1,68.7,68.7
2026-07-17 13:24:39,334,Talking,0.7,6.6,0.0,5.4,5.9,5.9
2026-07-17 13:24:42,7,Talking,147.7,23.2,0.0,308.3,30.8,30.8
2026-07-17 13:24:42,11,Working,315.9,30.3,0.0,89.6,72.5,72.5
2026-07-17 13:24:42,284,Working,29.3,3.0,0.0,31.5,45.9,45.9
2026-07-17 13:24:44,284,Talking,31.5,3.0,0.0,31.5,47.7,47.7
2026-07-17 13:24:44,310,Working,13.5,2.1,0.0,8.8,55.3,55.3
2026-07-17 13:24:47,11,Talking,320.7,30.3,0.0,89.6,72.8,72.8
2026-07-17 13:24:47,310,Talking,16.0,2.1,0.0,8.8,59.5,59.5
2026-07-17 13:24:49,284,Working,31.5,3.0,0.0,36.5,44.4,44.4
2026-07-17 13:24:51,284,Talking,33.8,3.0,0.0,36.5,46.1,46.1
2026-07-17 13:24:51,310,Working,16.0,2.1,0.0,13.4,50.8,50.8
2026-07-17 13:24:54,7,Working,147.7,23.2,0.0,320.4,30.1,30.1
2026-07-17 13:24:54,11,Working,320.7,30.3,0.0,96.9,71.6,71.6
2026-07-17 13:24:54,24,Working,43.0,6.9,0.0,121.7,25.0,25.0
2026-07-17 13:24:54,310,Talking,18.7,2.1,0.0,13.4,54.7,54.7
2026-07-17 13:24:54,334,No Laptop,0.7,6.6,0.0,17.5,3.0,3.0
2026-07-17 13:24:57,69,Working,97.4,31.9,0.0,257.6,25.2,25.2
2026-07-17 13:24:57,310,Looking Away,18.7,2.1,0.0,16.1,50.7,50.7
2026-07-17 13:24:59,7,Talking,152.8,23.2,0.0,320.4,30.8,30.8
2026-07-17 13:24:59,69,Talking,99.9,31.9,0.0,257.6,25.6,25.6
2026-07-17 13:24:59,310,Working,18.7,4.5,0.0,16.1,47.6,47.6
2026-07-17 13:25:02,7,Looking Away,152.8,23.2,0.0,323.0,30.6,30.6
2026-07-17 13:25:02,69,Working,99.9,31.9,0.0,260.2,25.5,25.5
2026-07-17 13:25:04,7,Talking,152.8,25.6,0.0,323.0,30.5,30.5
2026-07-17 13:25:04,69,Talking,102.2,31.9,0.0,260.2,25.9,25.9
2026-07-17 13:25:06,69,Working,102.2,31.9,0.0,262.4,25.8,25.8
2026-07-17 13:25:06,24,Talking,55.2,6.9,0.0,121.7,30.0,30.0
2026-07-17 13:25:06,310,Talking,25.8,4.5,0.0,16.1,55.6,55.6
2026-07-17 13:25:06,334,Talking,0.7,18.8,0.0,17.5,2.0,2.0
2026-07-17 13:25:09,310,Working,25.8,4.5,0.0,18.5,52.8,52.8
2026-07-17 13:25:11,11,Talking,337.7,30.3,0.0,96.9,72.6,72.6
2026-07-17 13:25:11,310,Talking,28.2,4.5,0.0,18.5,55.0,55.0
2026-07-17 13:25:11,334,Working,0.7,18.8,0.0,22.3,1.8,1.8
2026-07-17 13:25:13,7,Looking Away,152.8,25.6,0.0,332.3,29.9,29.9
2026-07-17 13:25:13,11,Looking Away,337.7,30.3,0.0,99.3,72.3,72.3
2026-07-17 13:25:13,24,Working,55.2,6.9,0.0,128.9,28.9,28.9
2026-07-17 13:25:13,310,Working,28.2,4.5,0.0,20.9,52.6,52.6
2026-07-17 13:25:16,7,Talking,152.8,28.2,0.0,332.3,29.8,29.8
2026-07-17 13:25:16,11,Talking,337.7,32.9,0.0,99.3,71.9,71.9
2026-07-17 13:25:16,69,Talking,112.0,31.9,0.0,262.4,27.6,27.6
2026-07-17 13:25:16,24,Talking,57.8,6.9,0.0,128.9,29.9,29.9
2026-07-17 13:25:16,310,Talking,30.8,4.5,0.0,20.9,54.8,54.8
2026-07-17 13:25:16,347,Working,0.0,2.6,0.0,0.0,0.0,0.0
2026-07-17 13:25:18,69,Working,112.0,31.9,0.0,264.6,27.4,27.4
2026-07-17 13:25:18,347,Looking Away,2.2,2.6,0.0,0.0,46.1,46.1
2026-07-17 13:25:20,11,Working,337.7,32.9,0.0,103.8,71.2,71.2
2026-07-17 13:25:20,69,Talking,114.2,31.9,0.0,264.6,27.8,27.8
2026-07-17 13:25:23,69,Working,114.2,31.9,0.0,267.0,27.6,27.6
2026-07-17 13:25:25,7,Working,152.8,28.2,0.0,341.3,29.3,29.3
2026-07-17 13:25:28,7,Talking,155.4,28.2,0.0,341.3,29.6,29.6
2026-07-17 13:25:32,11,Talking,348.8,32.9,0.0,103.8,71.9,71.9
2026-07-17 13:25:38,363,No Laptop,0.0,2.2,0.0,0.0,0.0,0.0
2026-07-17 13:25:45,7,Looking Away,155.4,28.2,0.0,358.4,28.7,28.7
2026-07-17 13:25:45,11,Working,348.8,32.9,0.0,116.8,70.0,70.0
2026-07-17 13:25:45,24,Working,57.8,6.9,0.0,157.5,26.0,26.0
2026-07-17 13:25:45,310,Working,30.8,4.5,0.0,45.5,38.1,38.1
2026-07-17 13:25:49,7,Working,155.4,32.9,0.0,358.4,28.4,28.4
2026-07-17 13:25:52,7,Looking Away,158.1,32.9,0.0,358.4,28.8,28.8
2026-07-17 13:25:55,7,Working,158.1,35.5,0.0,358.4,28.6,28.6
2026-07-17 13:25:55,11,Talking,358.9,32.9,0.0,116.8,70.6,70.6
2026-07-17 13:25:55,24,Talking,67.9,6.9,0.0,157.5,29.2,29.2
2026-07-17 13:25:55,310,Talking,40.9,4.5,0.0,45.5,45.0,45.0
2026-07-17 13:25:57,7,Talking,160.7,35.5,0.0,358.4,29.0,29.0
2026-07-17 13:25:59,7,Working,160.7,35.5,0.0,360.3,28.9,28.9
2026-07-17 13:26:01,7,Talking,162.8,35.5,0.0,360.3,29.1,29.1
2026-07-17 13:26:03,7,Working,162.8,35.5,0.0,362.3,29.0,29.0
2026-07-17 13:26:05,11,Working,358.9,32.9,0.0,127.5,69.1,69.1
2026-07-17 13:26:05,24,Looking Away,67.9,6.9,0.0,168.1,27.9,27.9
2026-07-17 13:26:08,11,Talking,361.2,32.9,0.0,127.5,69.3,69.3
2026-07-17 13:26:08,69,Talking,159.0,31.9,0.0,267.0,34.7,34.7
2026-07-17 13:26:08,24,Talking,67.9,9.2,0.0,168.1,27.7,27.7
2026-07-17 13:26:10,69,Working,159.0,31.9,0.0,269.2,34.6,34.6
2026-07-17 13:26:16,7,Talking,175.3,35.5,0.0,362.3,30.6,30.6
2026-07-17 13:26:18,69,Talking,167.1,31.9,0.0,269.2,35.7,35.7
2026-07-17 13:26:20,11,Working,361.2,32.9,0.0,139.9,67.6,67.6
2026-07-17 13:26:22,69,Looking Away,167.1,31.9,0.0,273.3,35.4,35.4
2026-07-17 13:26:22,24,Working,67.9,9.2,0.0,182.5,26.1,26.1
2026-07-17 13:26:24,69,Talking,167.1,33.8,0.0,273.3,35.2,35.2
2026-07-17 13:26:24,24,Talking,69.8,9.2,0.0,182.5,26.7,26.7
2026-07-17 13:26:29,7,Looking Away,175.3,35.5,0.0,371.2,30.1,30.1
2026-07-17 13:26:29,11,Looking Away,369.7,32.9,0.0,139.9,68.2,68.2
2026-07-17 13:26:29,69,Working,167.1,33.8,0.0,278.0,34.9,34.9
2026-07-17 13:26:29,24,Working,69.8,9.2,0.0,187.2,26.2,26.2
2026-07-17 13:26:31,7,Talking,175.3,37.6,0.0,371.2,30.0,30.0
2026-07-17 13:26:31,11,Talking,369.7,35.0,0.0,139.9,67.9,67.9
2026-07-17 13:26:31,24,Talking,71.9,9.2,0.0,187.2,26.8,26.8
2026-07-17 13:26:37,69,Talking,175.9,33.8,0.0,278.0,36.1,36.1
2026-07-17 13:26:40,363,Talking,0.0,2.1,0.0,0.0,0.0,0.0
2026-07-17 13:26:42,69,Working,175.9,33.8,0.0,282.2,35.8,35.8
2026-07-17 13:26:48,69,Talking,181.9,33.8,0.0,282.2,36.5,36.5
2026-07-17 13:26:48,390,Working,0.0,2.1,0.0,0.0,0.0,0.0
2026-07-17 13:26:52,7,Working,175.3,37.6,0.0,392.5,28.9,28.9
2026-07-17 13:26:52,69,Working,181.9,33.8,0.0,286.6,36.2,36.2
2026-07-17 13:26:54,7,Talking,177.6,37.6,0.0,392.5,29.2,29.2
2026-07-17 13:26:57,334,Talking,99.4,18.8,0.0,22.3,70.8,70.8
2026-07-17 13:27:01,334,Working,99.4,18.8,0.0,26.2,68.8,68.8
2026-07-17 13:27:03,69,Talking,192.7,33.8,0.0,286.6,37.6,37.6
2026-07-17 13:27:03,334,Talking,101.6,18.8,0.0,26.2,69.3,69.3
2026-07-17 13:27:05,334,Working,101.6,18.8,0.0,28.6,68.2,68.2
2026-07-17 13:27:05,406,No Laptop,0.0,2.3,0.0,0.0,0.0,0.0
2026-07-17 13:27:08,11,Looking Away,369.7,35.0,0.0,176.7,63.6,63.6
2026-07-17 13:27:08,24,Working,71.9,9.2,0.0,224.0,23.6,23.6
2026-07-17 13:27:08,409,Looking Away,0.0,2.4,0.0,0.0,0.0,0.0
2026-07-17 13:27:09,11,Working,369.7,36.1,0.0,176.7,63.5,63.5
2026-07-17 13:27:09,24,Talking,73.0,9.2,0.0,224.0,23.8,23.8
2026-07-17 13:27:09,406,Talking,0.0,5.8,0.0,0.0,0.0,0.0
2026-07-17 13:27:10,69,Working,192.7,33.8,0.0,293.9,37.0,37.0
2026-07-17 13:27:10,334,Talking,106.6,18.8,0.0,28.6,69.3,69.3
2026-07-17 13:27:10,400,Looking Away,11.5,0.0,0.0,0.0,100.0,100.0
2026-07-17 13:27:10,409,Talking,0.0,3.4,0.0,0.0,0.0,0.0
2026-07-17 13:27:12,11,Talking,373.5,36.1,0.0,176.7,63.7,63.7
2026-07-17 13:27:12,24,Working,73.0,9.2,0.0,227.8,23.5,23.5
2026-07-17 13:27:12,400,Working,11.5,2.3,0.0,0.0,83.5,83.5
2026-07-17 13:27:15,24,Talking,75.6,9.2,0.0,227.8,24.2,24.2
2026-07-17 13:27:17,7,Looking Away,177.6,37.6,0.0,412.9,28.3,28.3
2026-07-17 13:27:17,24,Working,75.6,9.2,0.0,229.9,24.0,24.0
2026-07-17 13:27:17,406,No Laptop,0.0,5.8,0.0,8.5,0.0,0.0
2026-07-17 13:27:19,7,Talking,177.6,39.8,0.0,412.9,28.2,28.2
2026-07-17 13:27:19,406,Talking,0.0,7.9,0.0,8.5,0.0,0.0
2026-07-17 13:27:19,417,Looking Away,0.0,2.1,0.0,0.0,0.0,0.0
2026-07-17 13:27:21,24,Talking,79.8,9.2,0.0,229.9,25.0,25.0
2026-07-17 13:27:24,417,Talking,0.0,6.6,0.0,0.0,0.0,0.0
2026-07-17 13:27:34,24,Working,79.8,9.2,0.0,242.7,24.1,24.1
2026-07-17 13:27:52,11,Working,373.5,36.1,0.0,216.1,59.7,59.7
2026-07-17 13:27:52,69,Talking,234.4,33.8,0.0,293.9,41.7,41.7
2026-07-17 13:27:52,334,Looking Away,106.6,18.8,0.0,70.3,54.5,54.5
2026-07-17 13:27:55,69,Working,234.4,33.8,0.0,297.4,41.4,41.4
2026-07-17 13:27:55,417,Working,0.0,6.6,0.0,31.6,0.0,0.0
2026-07-17 13:27:59,417,Talking,3.7,6.6,0.0,31.6,8.9,8.9
2026-07-17 13:28:01,24,Talking,97.5,9.2,0.0,242.7,27.9,27.9
2026-07-17 13:28:12,444,No Laptop,0.0,1.6,0.0,0.0,0.0,0.0
2026-07-17 13:28:16,444,Talking,0.0,3.7,0.0,0.0,0.0,0.0
2026-07-17 13:28:18,69,Talking,256.9,33.8,0.0,297.4,43.7,43.7
2026-07-17 13:28:20,69,Working,256.9,33.8,0.0,299.2,43.5,43.5
2026-07-17 13:28:26,7,Looking Away,177.6,39.8,0.0,479.4,25.5,25.5
2026-07-17 13:28:26,24,Working,97.5,9.2,0.0,267.5,26.1,26.1
2026-07-17 13:28:28,7,Talking,177.6,42.1,0.0,479.4,25.4,25.4
2026-07-17 13:28:33,444,Looking Away,0.0,3.7,0.0,7.2,0.0,0.0
2026-07-17 13:28:35,444,Talking,0.0,5.9,0.0,7.2,0.0,0.0
2026-07-17 13:28:36,458,No Laptop,0.0,0.7,0.0,0.0,0.0,0.0
2026-07-17 13:28:37,7,Looking Away,177.6,42.1,0.0,484.1,25.2,25.2
2026-07-17 13:28:38,334,Looking Away,4.6,0.0,0.0,0.0,100.0,100.0
2026-07-17 13:28:38,7,Talking,177.6,43.5,0.0,484.1,25.2,25.2
2026-07-17 13:28:40,11,Looking Away,421.7,36.1,0.0,216.1,62.6,62.6
2026-07-17 13:28:41,7,Looking Away,177.6,43.5,0.0,486.3,25.1,25.1
2026-07-17 13:28:41,11,Working,421.7,36.6,0.0,216.1,62.5,62.5
2026-07-17 13:28:41,449,Looking Away,20.5,0.0,0.0,0.0,100.0,100.0
2026-07-17 13:28:41,11,Looking Away,422.2,36.6,0.0,216.1,62.6,62.6
2026-07-17 13:28:41,423,Looking Away,41.7,0.0,0.0,0.0,100.0,100.0
2026-07-17 13:28:42,7,Talking,177.6,44.5,0.0,486.3,25.1,25.1
2026-07-17 13:28:42,11,Working,422.2,37.1,0.0,216.1,62.5,62.5
2026-07-17 13:28:42,24,Talking,113.4,9.2,0.0,267.5,29.1,29.1
2026-07-17 13:28:42,423,Working,41.7,0.5,0.0,0.0,98.8,98.8
2026-07-17 13:28:42,423,Looking Away,42.2,0.5,0.0,0.0,98.8,98.8
2026-07-17 13:28:43,11,Talking,423.1,37.1,0.0,216.1,62.6,62.6
2026-07-17 13:28:44,7,Looking Away,177.6,44.5,0.0,488.7,25.0,25.0
2026-07-17 13:28:44,11,Looking Away,423.1,37.1,0.0,217.6,62.4,62.4
2026-07-17 13:28:44,24,Working,113.4,9.2,0.0,269.9,28.9,28.9
2026-07-17 13:28:44,11,Talking,423.1,37.6,0.0,217.6,62.4,62.4
2026-07-17 13:28:44,334,Talking,4.6,0.9,0.0,0.0,83.7,83.7
2026-07-17 13:28:46,11,Working,423.1,37.6,0.0,219.0,62.3,62.3
2026-07-17 13:28:46,449,Working,20.5,4.3,0.0,0.0,82.6,82.6
2026-07-17 13:28:46,334,Looking Away,4.6,0.9,0.0,1.4,67.0,67.0
2026-07-17 13:28:47,334,Working,4.6,1.4,0.0,1.4,62.9,62.9
2026-07-17 13:28:47,11,Talking,424.5,37.6,0.0,219.0,62.3,62.3
2026-07-17 13:28:47,423,Talking,42.2,1.5,0.0,0.0,96.6,96.6
2026-07-17 13:28:47,449,Talking,21.9,4.3,0.0,0.0,83.4,83.4
2026-07-17 13:28:48,11,Working,424.5,37.6,0.0,219.5,62.3,62.3
2026-07-17 13:28:48,423,Working,42.2,1.5,0.0,0.5,95.5,95.5
2026-07-17 13:28:48,449,Looking Away,21.9,4.3,0.0,0.5,81.9,81.9
2026-07-17 13:28:48,11,Talking,424.9,37.6,0.0,219.5,62.3,62.3
2026-07-17 13:28:48,423,Talking,42.7,1.5,0.0,0.5,95.5,95.5
2026-07-17 13:28:48,449,Talking,21.9,4.8,0.0,0.5,80.4,80.4
2026-07-17 13:28:49,334,Talking,6.1,1.4,0.0,1.4,69.0,69.0
2026-07-17 13:28:49,423,Working,42.7,1.5,0.0,1.6,93.3,93.3
2026-07-17 13:28:49,449,Working,21.9,4.8,0.0,1.0,78.9,78.9
2026-07-17 13:28:50,11,Working,424.9,37.6,0.0,221.1,62.2,62.2
2026-07-17 13:28:50,423,Talking,43.2,1.5,0.0,1.6,93.4,93.4
2026-07-17 13:28:50,449,Talking,22.4,4.8,0.0,1.0,79.3,79.3
2026-07-17 13:28:50,334,Working,6.1,1.4,0.0,2.4,61.8,61.8
2026-07-17 13:28:50,423,Working,43.2,1.5,0.0,2.0,92.5,92.5
2026-07-17 13:28:50,449,Looking Away,22.4,4.8,0.0,1.5,78.0,78.0
2026-07-17 13:28:51,449,Working,22.4,5.3,0.0,1.5,76.8,76.8
2026-07-17 13:28:56,504,No Laptop,0.0,0.4,0.0,0.0,0.0,0.0
2026-07-17 13:28:58,11,Looking Away,432.8,37.6,0.0,221.1,62.6,62.6
2026-07-17 13:28:58,11,Talking,432.8,38.2,0.0,221.1,62.5,62.5
2026-07-17 13:28:58,449,Talking,29.9,5.3,0.0,1.5,81.5,81.5
2026-07-17 13:28:58,498,Looking Away,3.8,0.0,0.0,0.0,100.0,100.0
2026-07-17 13:28:59,498,Working,3.8,0.5,0.0,0.0,88.3,88.3
2026-07-17 13:28:59,11,Looking Away,432.8,38.2,0.0,222.2,62.4,62.4
2026-07-17 13:28:59,449,Working,29.9,5.3,0.0,2.6,79.1,79.1
2026-07-17 13:29:00,11,Working,432.8,38.9,0.0,222.2,62.4,62.4
2026-07-17 13:29:01,11,Looking Away,434.2,38.9,0.0,222.2,62.4,62.4
2026-07-17 13:29:01,506,Looking Away,1.9,0.0,0.0,0.0,100.0,100.0
2026-07-17 13:29:01,510,No Laptop,0.0,0.7,0.0,0.0,0.0,0.0
2026-07-17 13:29:02,11,Talking,434.2,39.6,0.0,222.2,62.4,62.4
2026-07-17 13:29:02,449,Talking,32.7,5.3,0.0,2.6,80.5,80.5
2026-07-17 13:29:04,11,Working,434.2,39.6,0.0,223.9,62.2,62.2
2026-07-17 13:29:04,449,Looking Away,32.7,5.3,0.0,4.3,77.3,77.3
2026-07-17 13:29:04,11,Talking,434.6,39.6,0.0,223.9,62.3,62.3
2026-07-17 13:29:04,449,Talking,32.7,5.7,0.0,4.3,76.4,76.4
2026-07-17 13:29:06,11,Looking Away,434.6,39.6,0.0,225.4,62.1,62.1
2026-07-17 13:29:06,11,Talking,434.6,40.2,0.0,225.4,62.1,62.1
2026-07-17 13:29:08,7,Talking,177.6,68.2,0.0,488.7,24.2,24.2
2026-07-17 13:29:08,24,Talking,137.0,9.2,0.0,269.9,32.9,32.9
2026-07-17 13:29:08,501,Looking Away,12.3,0.0,0.0,0.0,100.0,100.0
2026-07-17 13:29:09,501,Working,12.3,0.5,0.0,0.0,96.1,96.1
2026-07-17 13:29:09,501,Looking Away,12.9,0.5,0.0,0.0,96.3,96.3
2026-07-17 13:29:10,501,Working,12.9,1.1,0.0,0.0,92.4,92.4
2026-07-17 13:29:13,501,Looking Away,16.1,1.1,0.0,0.0,93.8,93.8
2026-07-17 13:29:14,501,Working,16.1,1.6,0.0,0.0,90.7,90.7
2026-07-17 13:29:18,7,Looking Away,177.6,68.2,0.0,498.9,23.8,23.8
2026-07-17 13:29:18,11,Looking Away,434.6,40.2,0.0,236.9,61.1,61.1
2026-07-17 13:29:18,24,Working,137.0,9.2,0.0,280.2,32.1,32.1
2026-07-17 13:29:20,449,Working,32.7,5.7,0.0,13.5,63.0,63.0
2026-07-17 13:29:21,7,Talking,177.6,71.5,0.0,498.9,23.7,23.7
2026-07-17 13:29:21,11,Talking,434.6,43.6,0.0,236.9,60.8,60.8
2026-07-17 13:29:21,24,Talking,140.4,9.2,0.0,280.2,32.7,32.7
2026-07-17 13:29:25,449,Talking,34.6,5.7,0.0,13.5,64.3,64.3
2026-07-17 13:29:26,11,Working,434.6,43.6,0.0,241.9,60.4,60.4
2026-07-17 13:29:27,7,Working,177.6,71.5,0.0,504.5,23.6,23.6
2026-07-17 13:29:27,24,Working,140.4,9.2,0.0,285.8,32.2,32.2
2026-07-17 13:29:27,449,Looking Away,34.6,5.7,0.0,14.8,62.7,62.7
2026-07-17 13:29:27,7,Talking,178.1,71.5,0.0,504.5,23.6,23.6
2026-07-17 13:29:27,11,Talking,435.8,43.6,0.0,241.9,60.4,60.4
2026-07-17 13:29:27,24,Talking,140.9,9.2,0.0,285.8,32.3,32.3
2026-07-17 13:29:27,449,Talking,34.6,6.3,0.0,14.8,62.1,62.1
2026-07-17 13:29:28,531,Looking Away,12.7,0.0,0.0,0.0,100.0,100.0
2026-07-17 13:29:28,536,Looking Away,17.4,0.0,0.0,0.0,100.0,100.0
2026-07-17 13:29:28,557,No Laptop,0.0,0.6,0.0,0.0,0.0,0.0
2026-07-17 13:29:30,564,Looking Away,0.0,0.5,0.0,0.0,0.0,0.0
2026-07-17 13:29:30,531,Working,12.7,1.6,0.0,0.0,88.9,88.9
2026-07-17 13:29:30,536,Working,17.4,1.6,0.0,0.0,91.6,91.6
2026-07-17 13:29:30,564,Working,0.0,1.0,0.0,0.0,0.0,0.0
2026-07-17 13:29:31,7,Working,178.1,71.5,0.0,508.4,23.5,23.5
2026-07-17 13:29:31,536,Looking Away,18.6,1.6,0.0,0.0,92.1,92.1
2026-07-17 13:29:31,564,Looking Away,1.2,1.0,0.0,0.0,54.7,54.7
2026-07-17 13:29:31,567,No Laptop,0.0,0.6,0.0,0.0,0.0,0.0
2026-07-17 13:29:32,7,Talking,178.8,71.5,0.0,508.4,23.6,23.6
2026-07-17 13:29:32,531,Looking Away,14.6,1.6,0.0,0.0,90.2,90.2
2026-07-17 13:29:32,7,Looking Away,178.8,71.5,0.0,508.9,23.6,23.6
2026-07-17 13:29:32,11,Looking Away,435.8,43.6,0.0,247.0,60.0,60.0
2026-07-17 13:29:32,24,Working,140.9,9.2,0.0,290.9,32.0,32.0
2026-07-17 13:29:34,7,Talking,178.8,73.2,0.0,508.9,23.5,23.5
2026-07-17 13:29:34,501,Talking,36.5,1.6,0.0,0.0,95.7,95.7
2026-07-17 13:29:34,531,Working,14.6,3.7,0.0,0.0,79.8,79.8
2026-07-17 13:29:34,536,Working,18.6,4.4,0.0,0.0,80.8,80.8
2026-07-17 13:29:34,557,Talking,0.0,5.7,0.0,0.0,0.0,0.0
2026-07-17 13:29:34,564,Working,1.2,3.8,0.0,0.0,23.8,23.8
2026-07-17 13:29:36,11,Talking,435.8,47.5,0.0,247.0,59.7,59.7
2026-07-17 13:29:36,24,Talking,144.8,9.2,0.0,290.9,32.6,32.6
2026-07-17 13:29:36,531,Talking,16.9,3.7,0.0,0.0,82.1,82.1
2026-07-17 13:29:36,536,Talking,20.9,4.4,0.0,0.0,82.5,82.5
2026-07-17 13:29:36,564,Talking,3.5,3.8,0.0,0.0,47.5,47.5
2026-07-17 13:29:40,531,Working,16.9,3.7,0.0,3.2,71.0,71.0
2026-07-17 13:29:40,536,Working,20.9,4.4,0.0,3.2,73.2,73.2
2026-07-17 13:29:40,564,Working,3.5,3.8,0.0,3.2,33.0,33.0
2026-07-17 13:29:45,11,Looking Away,435.8,47.5,0.0,255.2,59.0,59.0
2026-07-17 13:29:45,557,Working,0.0,5.7,0.0,5.3,0.0,0.0
2026-07-17 13:29:45,11,Talking,435.8,48.0,0.0,255.2,59.0,59.0
2026-07-17 13:29:45,536,Talking,26.3,4.4,0.0,3.2,77.5,77.5
2026-07-17 13:29:45,564,Talking,7.0,3.8,0.0,3.2,49.8,49.8
2026-07-17 13:29:45,575,No Laptop,0.0,0.5,0.0,0.0,0.0,0.0
2026-07-17 13:29:45,567,Talking,0.0,1.4,0.0,0.0,0.0,0.0
2026-07-17 13:29:46,557,Talking,1.3,5.7,0.0,5.3,10.4,10.4
2026-07-17 13:29:46,11,Looking Away,435.8,48.0,0.0,256.4,58.9,58.9
2026-07-17 13:29:46,536,Working,26.3,4.4,0.0,4.4,74.9,74.9
2026-07-17 13:29:46,564,Working,7.0,3.8,0.0,4.4,45.9,45.9
2026-07-17 13:29:46,533,Working,0.0,0.4,0.0,0.0,0.0,0.0
2026-07-17 13:29:52,11,Talking,435.8,53.4,0.0,256.4,58.4,58.4
2026-07-17 13:29:52,449,Talking,0.0,0.5,0.0,0.0,0.0,0.0
2026-07-17 13:29:53,11,Working,435.8,53.4,0.0,257.3,58.4,58.4
2026-07-17 13:29:53,449,Working,0.0,0.5,0.0,0.5,0.0,0.0
2026-07-17 13:29:55,11,Looking Away,437.8,53.4,0.0,257.3,58.5,58.5
2026-07-17 13:29:56,590,Looking Away,0.5,0.0,0.0,0.0,100.0,100.0
2026-07-17 13:29:59,11,Working,437.8,57.4,0.0,257.3,58.2,58.2
2026-07-17 13:29:59,11,Looking Away,438.1,57.4,0.0,257.3,58.2,58.2
2026-07-17 13:30:00,590,Working,0.5,2.2,0.0,0.0,18.4,18.4
2026-07-17 13:30:01,11,Working,438.1,59.3,0.0,257.3,58.0,58.0
2026-07-17 13:30:01,11,Talking,438.6,59.3,0.0,257.3,58.1,58.1
2026-07-17 13:30:01,590,Talking,1.6,2.2,0.0,0.0,41.8,41.8
2026-07-17 13:30:03,7,Looking Away,178.8,73.2,0.0,537.9,22.6,22.6
2026-07-17 13:30:03,501,Working,36.5,1.6,0.0,29.0,54.3,54.3
2026-07-17 13:30:04,602,Looking Away,0.0,0.6,0.0,0.0,0.0,0.0
2026-07-17 13:30:06,11,Looking Away,438.6,59.3,0.0,261.5,57.8,57.8
2026-07-17 13:30:08,610,Looking Away,0.0,0.4,0.0,0.0,0.0,0.0
2026-07-17 13:30:09,7,Talking,178.8,78.8,0.0,537.9,22.5,22.5
2026-07-17 13:30:09,11,Talking,438.6,62.4,0.0,261.5,57.5,57.5
2026-07-17 13:30:09,602,Talking,0.0,5.2,0.0,0.0,0.0,0.0
2026-07-17 13:30:19,7,Looking Away,178.8,78.8,0.0,548.5,22.2,22.2
2026-07-17 13:30:19,11,Looking Away,438.6,62.4,0.0,272.2,56.7,56.7
2026-07-17 13:30:19,602,Working,0.0,5.2,0.0,10.6,0.0,0.0
2026-07-17 13:30:20,11,Working,438.6,63.5,0.0,272.2,56.6,56.6
2026-07-17 13:30:21,11,Looking Away,439.1,63.5,0.0,272.2,56.7,56.7
2026-07-17 13:30:21,7,Talking,178.8,80.8,0.0,548.5,22.1,22.1
2026-07-17 13:30:21,11,Talking,439.1,64.0,0.0,272.2,56.6,56.6
2026-07-17 13:30:21,602,Talking,2.0,5.2,0.0,10.6,11.3,11.3
2026-07-17 13:30:22,11,Working,439.1,64.0,0.0,272.9,56.6,56.6
2026-07-17 13:30:22,616,Looking Away,0.0,0.7,0.0,0.0,0.0,0.0
2026-07-17 13:30:22,619,Looking Away,0.0,0.7,0.0,0.0,0.0,0.0
2026-07-17 13:30:23,7,Looking Away,178.8,80.8,0.0,549.7,22.1,22.1
2026-07-17 13:30:23,602,Working,2.0,5.2,0.0,11.8,10.6,10.6
2026-07-17 13:30:23,621,No Laptop,0.0,0.5,0.0,0.0,0.0,0.0
2026-07-17 13:30:23,616,Working,0.0,1.6,0.0,0.0,0.0,0.0
2026-07-17 13:30:24,11,Looking Away,440.5,64.0,0.0,272.9,56.7,56.7
2026-07-17 13:30:24,616,Looking Away,0.5,1.6,0.0,0.0,23.2,23.2
2026-07-17 13:30:24,11,Working,440.5,64.4,0.0,272.9,56.6,56.6
2026-07-17 13:30:24,11,Looking Away,440.9,64.4,0.0,272.9,56.7,56.7
2026-07-17 13:30:25,616,Working,0.5,2.9,0.0,0.0,14.5,14.5
2026-07-17 13:30:27,11,Working,440.9,66.9,0.0,272.9,56.5,56.5
2026-07-17 13:30:27,621,Working,0.0,2.4,0.0,0.0,0.0,0.0
2026-07-17 13:30:29,641,Looking Away,0.0,0.5,0.0,0.0,0.0,0.0
2026-07-17 13:30:30,11,Looking Away,443.8,66.9,0.0,272.9,56.6,56.6
2026-07-17 13:30:30,11,Working,443.8,67.4,0.0,272.9,56.6,56.6
2026-07-17 13:30:30,616,Looking Away,6.0,2.9,0.0,0.0,67.3,67.3
2026-07-17 13:30:31,11,Talking,444.3,67.4,0.0,272.9,56.6,56.6
2026-07-17 13:30:31,616,Talking,6.0,3.4,0.0,0.0,63.5,63.5
2026-07-17 13:30:31,621,Talking,1.8,2.4,0.0,0.0,42.3,42.3
2026-07-17 13:30:32,7,Talking,178.8,89.9,0.0,549.7,21.9,21.9
2026-07-17 13:30:32,602,Talking,11.1,5.2,0.0,11.8,39.5,39.5
2026-07-17 13:30:32,619,Talking,0.0,0.6,0.0,0.0,0.0,0.0
2026-07-17 13:30:33,7,Looking Away,178.8,89.9,0.0,551.2,21.8,21.8
2026-07-17 13:30:33,602,Working,11.1,5.2,0.0,13.3,37.5,37.5
2026-07-17 13:30:36,7,Talking,178.8,92.5,0.0,551.2,21.7,21.7
2026-07-17 13:30:36,602,Talking,13.7,5.2,0.0,13.3,42.5,42.5
2026-07-17 13:30:36,7,Looking Away,178.8,92.5,0.0,551.7,21.7,21.7
2026-07-17 13:30:36,11,Working,444.3,67.4,0.0,278.3,56.2,56.2
2026-07-17 13:30:36,602,Working,13.7,5.2,0.0,13.8,41.9,41.9
2026-07-17 13:30:36,616,Working,6.0,3.4,0.0,5.5,40.1,40.1
2026-07-17 13:30:36,621,No Laptop,1.8,2.4,0.0,5.0,19.1,19.1
2026-07-17 13:30:37,11,Talking,444.9,67.4,0.0,278.3,56.3,56.3
2026-07-17 13:30:37,621,Talking,1.8,3.0,0.0,5.0,18.0,18.0
2026-07-17 13:30:37,616,Talking,7.1,3.4,0.0,5.5,44.6,44.6
2026-07-17 13:30:38,616,Working,7.1,3.4,0.0,6.0,43.0,43.0
2026-07-17 13:30:39,11,Working,444.9,67.4,0.0,280.1,56.1,56.1
2026-07-17 13:30:39,621,No Laptop,1.8,3.0,0.0,6.8,15.2,15.2
2026-07-17 13:30:39,11,Talking,445.5,67.4,0.0,280.1,56.2,56.2
2026-07-17 13:30:39,621,Talking,1.8,3.6,0.0,6.8,14.5,14.5
2026-07-17 13:30:40,11,Working,445.5,67.4,0.0,280.7,56.1,56.1
2026-07-17 13:30:40,621,No Laptop,1.8,3.6,0.0,7.4,13.8,13.8
2026-07-17 13:30:40,11,Talking,446.1,67.4,0.0,280.7,56.2,56.2
2026-07-17 13:30:40,616,Talking,9.5,3.4,0.0,6.0,50.1,50.1
2026-07-17 13:30:40,621,Talking,1.8,4.1,0.0,7.4,13.2,13.2
2026-07-17 13:30:40,663,Looking Away,0.0,0.5,0.0,0.0,0.0,0.0
2026-07-17 13:30:44,621,Working,1.8,4.1,0.0,9.5,11.5,11.5
2026-07-17 13:30:45,11,Working,446.1,67.4,0.0,285.0,55.9,55.9
2026-07-17 13:30:45,616,Looking Away,9.5,3.4,0.0,10.3,41.0,41.0
2026-07-17 13:30:45,616,Working,9.5,3.9,0.0,10.3,40.1,40.1
2026-07-17 13:30:45,621,No Laptop,3.1,4.1,0.0,9.5,18.7,18.7
2026-07-17 13:30:46,11,Talking,447.5,67.4,0.0,285.0,55.9,55.9
2026-07-17 13:30:46,616,Talking,10.4,3.9,0.0,10.3,42.4,42.4
2026-07-17 13:30:47,7,Talking,178.8,103.0,0.0,551.7,21.5,21.5
2026-07-17 13:30:47,602,Talking,24.3,5.2,0.0,13.8,56.0,56.0
2026-07-17 13:30:47,663,Talking,0.0,4.8,0.0,0.0,0.0,0.0
2026-07-17 13:30:47,11,Working,447.5,67.4,0.0,286.2,55.9,55.9
2026-07-17 13:30:47,602,Working,24.3,5.2,0.0,14.3,55.5,55.5
2026-07-17 13:30:47,616,Working,10.4,3.9,0.0,11.5,40.4,40.4
2026-07-17 13:30:48,602,Talking,24.6,5.2,0.0,14.3,55.9,55.9
2026-07-17 13:30:48,684,Looking Away,0.0,0.5,0.0,0.0,0.0,0.0
2026-07-17 13:30:48,641,Talking,0.0,0.5,0.0,0.0,0.0,0.0
2026-07-17 13:30:49,684,Working,0.0,0.9,0.0,0.0,0.0,0.0
2026-07-17 13:30:49,684,Looking Away,0.3,0.9,0.0,0.0,26.4,26.4
2026-07-17 13:30:49,684,Working,0.3,1.2,0.0,0.0,20.3,20.3
2026-07-17 13:30:50,684,Looking Away,0.7,1.2,0.0,0.0,35.4,35.4
2026-07-17 13:30:50,684,Working,0.7,1.6,0.0,0.0,29.3,29.3
2026-07-17 13:30:50,691,Looking Away,0.0,0.4,0.0,0.0,0.0,0.0
2026-07-17 13:30:51,684,Looking Away,2.0,1.6,0.0,0.0,54.4,54.4
2026-07-17 13:30:53,616,Looking Away,15.9,3.9,0.0,11.5,50.8,50.8
2026-07-17 13:30:53,684,Talking,2.0,3.1,0.0,0.0,38.6,38.6
2026-07-17 13:30:53,616,Working,15.9,4.3,0.0,11.5,50.1,50.1
2026-07-17 13:30:54,11,Looking Away,454.4,67.4,0.0,286.2,56.2,56.2
2026-07-17 13:30:55,7,Working,178.8,103.0,0.0,559.7,21.3,21.3
2026-07-17 13:30:55,11,Talking,454.4,68.0,0.0,286.2,56.2,56.2
2026-07-17 13:30:55,691,Talking,0.0,5.2,0.0,0.0,0.0,0.0
2026-07-17 13:30:55,11,Working,454.4,68.0,0.0,286.8,56.2,56.2
2026-07-17 13:30:55,616,Looking Away,18.1,4.3,0.0,11.5,53.3,53.3
2026-07-17 13:30:56,7,Talking,180.0,103.0,0.0,559.7,21.4,21.4
2026-07-17 13:30:56,11,Looking Away,455.0,68.0,0.0,286.8,56.2,56.2
2026-07-17 13:30:56,616,Working,18.1,4.9,0.0,11.5,52.4,52.4
2026-07-17 13:30:57,11,Talking,455.0,68.6,0.0,286.8,56.1,56.1
2026-07-17 13:30:57,616,Talking,18.7,4.9,0.0,11.5,53.2,53.2
2026-07-17 13:30:57,7,Looking Away,180.0,103.0,0.0,560.8,21.3,21.3
2026-07-17 13:30:57,602,Working,24.6,5.2,0.0,17.1,52.4,52.4
2026-07-17 13:30:57,684,Working,2.0,3.1,0.0,4.4,20.7,20.7
2026-07-17 13:30:58,11,Looking Away,455.0,68.6,0.0,288.0,56.1,56.1
2026-07-17 13:30:58,616,Working,18.7,4.9,0.0,12.7,51.5,51.5
2026-07-17 13:30:58,7,Talking,180.0,104.3,0.0,560.8,21.3,21.3
2026-07-17 13:30:58,11,Working,455.0,69.3,0.0,288.0,56.0,56.0
2026-07-17 13:30:58,711,Looking Away,0.7,0.0,0.0,0.0,100.0,100.0
2026-07-17 13:30:59,11,Talking,455.6,69.3,0.0,288.0,56.0,56.0
2026-07-17 13:30:59,616,Talking,20.1,4.9,0.0,12.7,53.3,53.3
2026-07-17 13:31:00,11,Working,455.6,69.3,0.0,288.6,56.0,56.0
2026-07-17 13:31:00,616,Looking Away,20.1,4.9,0.0,13.4,52.3,52.3
2026-07-17 13:31:00,711,Working,0.7,1.3,0.0,0.0,35.5,35.5
2026-07-17 13:31:01,616,Working,20.1,5.7,0.0,13.4,51.3,51.3
2026-07-17 13:31:01,711,Looking Away,1.5,1.3,0.0,0.0,53.2,53.2
2026-07-17 13:31:01,11,Looking Away,457.0,69.3,0.0,288.6,56.1,56.1
2026-07-17 13:31:02,11,Working,457.0,70.0,0.0,288.6,56.0,56.0
2026-07-17 13:31:02,602,Talking,28.7,5.2,0.0,17.1,56.2,56.2
2026-07-17 13:31:02,616,Looking Away,21.3,5.7,0.0,13.4,52.8,52.8
2026-07-17 13:31:02,7,Looking Away,180.0,104.3,0.0,564.7,21.2,21.2
2026-07-17 13:31:02,602,Working,28.7,5.2,0.0,17.6,55.7,55.7
2026-07-17 13:31:03,7,Talking,180.0,104.8,0.0,564.7,21.2,21.2
2026-07-17 13:31:03,602,Talking,29.2,5.2,0.0,17.6,56.1,56.1
2026-07-17 13:31:03,616,Working,21.3,6.7,0.0,13.4,51.5,51.5
2026-07-17 13:31:03,7,Looking Away,180.0,104.8,0.0,565.2,21.2,21.2
2026-07-17 13:31:03,602,Working,29.2,5.2,0.0,18.2,55.6,55.6
2026-07-17 13:31:04,7,Talking,180.0,105.4,0.0,565.2,21.2,21.2
2026-07-17 13:31:04,11,Talking,459.1,70.0,0.0,288.6,56.1,56.1
2026-07-17 13:31:04,602,Talking,29.8,5.2,0.0,18.2,56.1,56.1
2026-07-17 13:31:04,616,Talking,22.4,6.7,0.0,13.4,52.8,52.8
2026-07-17 13:31:04,724,Looking Away,1.1,0.0,0.0,0.0,100.0,100.0
2026-07-17 13:31:04,7,Working,180.0,105.4,0.0,565.7,21.1,21.1
2026-07-17 13:31:04,11,Working,459.1,70.0,0.0,289.2,56.1,56.1
2026-07-17 13:31:04,616,Looking Away,22.4,6.7,0.0,13.9,52.1,52.1
2026-07-17 13:31:04,684,Talking,5.9,3.1,0.0,4.4,44.2,44.2
2026-07-17 13:31:04,724,Working,1.1,0.6,0.0,0.0,66.7,66.7
2026-07-17 13:31:05,7,Talking,180.6,105.4,0.0,565.7,21.2,21.2
2026-07-17 13:31:06,616,Working,22.4,7.8,0.0,13.9,50.8,50.8
2026-07-17 13:31:08,602,Working,29.8,5.2,0.0,21.5,52.7,52.7
2026-07-17 13:31:08,616,Looking Away,25.1,7.8,0.0,13.9,53.6,53.6
2026-07-17 13:31:09,602,Talking,30.4,5.2,0.0,21.5,53.2,53.2
2026-07-17 13:31:09,616,Working,25.1,8.4,0.0,13.9,53.0,53.0
2026-07-17 13:31:10,602,Working,30.4,5.2,0.0,22.2,52.6,52.6
2026-07-17 13:31:10,616,Looking Away,25.8,8.4,0.0,13.9,53.7,53.7
2026-07-17 13:31:10,7,Looking Away,180.6,105.4,0.0,570.9,21.1,21.1
2026-07-17 13:31:10,616,Working,25.8,9.0,0.0,13.9,52.9,52.9
2026-07-17 13:31:10,711,Working,1.5,2.6,0.0,0.0,37.2,37.2
2026-07-17 13:31:11,11,Looking Away,465.5,70.0,0.0,289.2,56.4,56.4
2026-07-17 13:31:11,11,Talking,465.5,70.6,0.0,289.2,56.4,56.4
2026-07-17 13:31:11,602,Talking,32.4,5.2,0.0,22.2,54.1,54.1
2026-07-17 13:31:11,616,Talking,27.1,9.0,0.0,13.9,54.2,54.2
2026-07-17 13:31:11,711,Talking,2.8,2.6,0.0,0.0,52.5,52.5
2026-07-17 13:31:12,11,Looking Away,465.5,70.6,0.0,289.7,56.4,56.4
2026-07-17 13:31:12,616,Working,27.1,9.0,0.0,14.5,53.6,53.6
2026-07-17 13:31:13,11,Working,465.5,71.1,0.0,289.7,56.3,56.3
2026-07-17 13:31:13,616,Looking Away,27.6,9.0,0.0,14.5,54.0,54.0
2026-07-17 13:31:13,616,Working,27.6,9.5,0.0,14.5,53.5,53.5
2026-07-17 13:31:13,684,Working,5.9,3.1,0.0,7.9,35.1,35.1
2026-07-17 13:31:13,11,Talking,466.4,71.1,0.0,289.7,56.4,56.4
2026-07-17 13:31:13,616,Talking,28.0,9.5,0.0,14.5,53.9,53.9
2026-07-17 13:31:14,602,Working,32.4,5.2,0.0,24.3,52.3,52.3
2026-07-17 13:31:14,711,Looking Away,2.8,2.6,0.0,2.4,36.2,36.2
2026-07-17 13:31:15,11,Working,466.4,71.1,0.0,291.3,56.3,56.3
2026-07-17 13:31:15,616,Looking Away,28.0,9.5,0.0,16.0,52.4,52.4
2026-07-17 13:31:15,616,Working,28.0,10.0,0.0,16.0,51.9,51.9
2026-07-17 13:31:17,602,Talking,35.8,5.2,0.0,24.3,54.8,54.8
2026-07-17 13:31:17,711,Talking,2.8,6.0,0.0,2.4,25.2,25.2
2026-07-17 13:31:18,11,Looking Away,469.3,71.1,0.0,291.3,56.4,56.4
2026-07-17 13:31:18,11,Working,469.3,71.6,0.0,291.3,56.4,56.4
2026-07-17 13:31:18,602,Working,35.8,5.2,0.0,25.2,54.1,54.1
2026-07-17 13:31:18,711,Looking Away,2.8,6.0,0.0,3.3,23.3,23.3
2026-07-17 13:31:19,602,Talking,36.4,5.2,0.0,25.2,54.5,54.5
2026-07-17 13:31:19,616,Looking Away,31.5,10.0,0.0,16.0,54.8,54.8
2026-07-17 13:31:19,711,Talking,2.8,6.6,0.0,3.3,22.2,22.2
2026-07-17 13:31:19,602,Working,36.4,5.2,0.0,25.6,54.1,54.1
2026-07-17 13:31:19,616,Working,31.5,10.4,0.0,16.0,54.4,54.4
2026-07-17 13:31:19,711,Looking Away,2.8,6.6,0.0,3.8,21.4,21.4
2026-07-17 13:32:26,0,Looking Away,0.0,2.2,0.0,0.0,0.0,0.0
2026-07-17 13:32:26,2,Looking Away,0.0,2.2,0.0,0.0,0.0,0.0
2026-07-17 13:32:26,3,Looking Away,0.0,2.2,0.0,0.0,0.0,0.0
2026-07-17 13:32:26,4,Looking Away,0.0,2.2,0.0,0.0,0.0,0.0
2026-07-17 13:32:26,5,Looking Away,2.2,0.0,0.0,0.0,100.0,100.0
2026-07-17 13:32:27,4,Working,0.0,3.6,0.0,0.0,0.0,0.0
2026-07-17 13:32:28,4,Looking Away,0.7,3.6,0.0,0.0,17.4,17.4
2026-07-17 13:32:28,8,Looking Away,0.0,0.7,0.0,0.0,0.0,0.0
2026-07-17 13:32:29,0,Talking,0.0,5.0,0.0,0.0,0.0,0.0
2026-07-17 13:32:29,2,Talking,0.0,5.0,0.0,0.0,0.0,0.0
2026-07-17 13:32:29,3,Talking,0.0,5.0,0.0,0.0,0.0,0.0
2026-07-17 13:32:29,4,Talking,0.7,4.3,0.0,0.0,15.0,15.0
2026-07-17 13:32:29,9,Looking Away,0.0,0.7,0.0,0.0,0.0,0.0
2026-07-17 13:32:29,0,Looking Away,0.0,5.0,0.0,0.6,0.0,0.0
2026-07-17 13:32:29,1,Looking Away,5.6,0.0,0.0,0.0,100.0,100.0
2026-07-17 13:32:29,4,Working,0.7,4.3,0.0,0.6,13.3,13.3
2026-07-17 13:32:29,6,Looking Away,5.6,0.0,0.0,0.0,100.0,100.0
2026-07-17 13:32:29,8,Working,0.0,2.1,0.0,0.0,0.0,0.0
2026-07-17 13:32:30,0,Talking,0.0,5.6,0.0,0.6,0.0,0.0
2026-07-17 13:32:30,2,Looking Away,0.0,5.0,0.0,1.2,0.0,0.0
2026-07-17 13:32:30,4,Talking,1.3,4.3,0.0,0.6,21.5,21.5
2026-07-17 13:32:30,6,Working,5.6,0.6,0.0,0.0,90.5,90.5
2026-07-17 13:32:30,8,Looking Away,0.6,2.1,0.0,0.0,22.2,22.2
2026-07-17 13:32:30,1,Working,5.6,1.3,0.0,0.0,81.7,81.7
2026-07-17 13:32:30,6,Looking Away,6.3,0.6,0.0,0.0,91.4,91.4
2026-07-17 13:32:30,8,Working,0.6,2.7,0.0,0.0,17.7,17.7
2026-07-17 13:32:30,11,Looking Away,0.0,0.7,0.0,0.0,0.0,0.0
2026-07-17 13:32:31,2,Working,0.0,6.4,0.0,1.2,0.0,0.0
2026-07-17 13:32:31,6,Working,6.3,1.3,0.0,0.0,83.1,83.1
2026-07-17 13:32:32,2,Looking Away,0.6,6.4,0.0,1.2,7.5,7.5
2026-07-17 13:32:32,12,Looking Away,2.0,0.0,0.0,0.0,100.0,100.0
2026-07-17 13:32:32,6,Looking Away,7.4,1.3,0.0,0.0,85.2,85.2
2026-07-17 13:32:32,13,Looking Away,2.4,0.0,0.0,0.0,100.0,100.0
2026-07-17 13:32:34,6,Talking,7.4,3.2,0.0,0.0,69.5,69.5
2026-07-17 13:32:35,15,Looking Away,0.0,0.6,0.0,0.0,0.0,0.0
2026-07-17 13:32:35,16,Looking Away,0.0,0.6,0.0,0.0,0.0,0.0
2026-07-17 13:32:35,6,Working,7.4,3.2,0.0,1.4,61.6,61.6
2026-07-17 13:32:35,15,Working,0.0,1.4,0.0,0.0,0.0,0.0
2026-07-17 13:32:35,17,Looking Away,0.8,0.0,0.0,0.0,100.0,100.0
2026-07-17 13:32:36,15,Looking Away,0.7,1.4,0.0,0.0,34.4,34.4
2026-07-17 13:32:36,17,Working,0.8,0.7,0.0,0.0,52.3,52.3
2026-07-17 13:32:37,12,Talking,2.0,5.1,0.0,0.0,27.8,27.8
2026-07-17 13:32:37,17,Looking Away,1.4,0.7,0.0,0.0,66.3,66.3
2026-07-17 13:32:37,19,Looking Away,0.0,0.6,0.0,0.0,0.0,0.0
2026-07-17 13:32:38,15,Working,0.7,2.7,0.0,0.0,21.0,21.0
2026-07-17 13:32:38,0,Working,0.0,5.6,0.0,8.9,0.0,0.0
2026-07-17 13:32:38,20,Looking Away,0.0,0.5,0.0,0.0,0.0,0.0
2026-07-17 13:32:39,0,Talking,0.5,5.6,0.0,8.9,3.2,3.2
2026-07-17 13:32:39,20,Working,0.0,1.0,0.0,0.0,0.0,0.0
2026-07-17 13:32:39,0,Working,0.5,5.6,0.0,9.5,3.1,3.1
2026-07-17 13:32:40,2,Working,0.6,14.5,0.0,1.2,3.8,3.8
2026-07-17 13:32:40,15,Talking,3.0,2.7,0.0,0.0,53.1,53.1
2026-07-17 13:32:40,17,Working,1.4,3.7,0.0,0.0,27.3,27.3
2026-07-17 13:32:40,20,Looking Away,1.3,1.0,0.0,0.0,56.4,56.4
2026-07-17 13:32:41,2,Looking Away,2.1,14.5,0.0,1.2,11.6,11.6
2026-07-17 13:32:41,17,Talking,2.8,3.7,0.0,0.0,43.4,43.4
2026-07-17 13:32:42,0,Talking,3.3,5.6,0.0,9.5,17.8,17.8
2026-07-17 13:32:42,15,Working,3.0,2.7,0.0,2.0,39.1,39.1
2026-07-17 13:32:43,0,Working,3.3,5.6,0.0,10.3,17.0,17.0
2026-07-17 13:32:43,17,Working,2.8,3.7,0.0,1.4,35.8,35.8
2026-07-17 13:32:43,0,Talking,4.0,5.6,0.0,10.3,20.1,20.1
2026-07-17 13:32:43,15,Talking,4.6,2.7,0.0,2.0,49.3,49.3
2026-07-17 13:32:43,17,Talking,3.6,3.7,0.0,1.4,41.4,41.4
2026-07-17 13:32:44,4,Working,1.3,4.3,0.0,14.8,6.6,6.6
2026-07-17 13:32:44,15,Working,4.6,2.7,0.0,2.6,46.6,46.6
2026-07-17 13:32:44,17,Working,3.6,3.7,0.0,1.9,39.0,39.0
2026-07-17 13:32:44,22,Working,0.0,0.5,0.0,0.0,0.0,0.0
2026-07-17 13:32:44,0,Working,4.0,5.6,0.0,11.3,19.1,19.1
2026-07-17 13:32:44,15,Talking,5.1,2.7,0.0,2.6,49.4,49.4
2026-07-17 13:32:44,17,Talking,4.1,3.7,0.0,1.9,42.3,42.3
2026-07-17 13:32:44,22,Looking Away,0.5,0.5,0.0,0.0,50.2,50.2
2026-07-17 13:32:45,0,Talking,4.7,5.6,0.0,11.3,21.7,21.7
2026-07-17 13:32:45,4,Talking,2.6,4.3,0.0,14.8,11.9,11.9
2026-07-17 13:32:45,24,Working,0.0,0.7,0.0,0.0,0.0,0.0
2026-07-17 13:32:46,0,Working,4.7,5.6,0.0,12.0,21.1,21.1
2026-07-17 13:32:46,24,Looking Away,0.7,0.7,0.0,0.0,49.2,49.2
2026-07-17 13:32:47,25,Looking Away,0.0,0.7,0.0,0.0,0.0,0.0
2026-07-17 13:32:47,26,Looking Away,0.0,0.7,0.0,0.0,0.0,0.0
2026-07-17 13:32:47,0,Talking,5.9,5.6,0.0,12.0,25.0,25.0
2026-07-17 13:32:48,12,Working,2.0,5.1,0.0,11.7,10.5,10.5
2026-07-17 13:32:50,2,Working,2.1,22.9,0.0,1.2,7.9,7.9
2026-07-17 13:32:50,2,Looking Away,2.8,22.9,0.0,1.2,10.5,10.5
2026-07-17 13:32:50,27,Looking Away,0.0,0.8,0.0,0.0,0.0,0.0
2026-07-17 13:32:51,4,Working,2.6,4.3,0.0,20.7,9.4,9.4
2026-07-17 13:32:51,25,Working,0.0,5.2,0.0,0.0,0.0,0.0
2026-07-17 13:32:52,4,Talking,3.2,4.3,0.0,20.7,11.5,11.5
2026-07-17 13:32:52,4,Working,3.2,4.3,0.0,21.3,11.2,11.2
2026-07-17 13:32:53,12,Talking,6.4,5.1,0.0,11.7,27.5,27.5
2026-07-17 13:32:54,0,Working,5.9,5.6,0.0,18.6,19.6,19.6
2026-07-17 13:32:54,0,Talking,6.4,5.6,0.0,18.6,21.0,21.0
2026-07-17 13:32:55,0,Working,6.4,5.6,0.0,19.2,20.6,20.6
2026-07-17 13:32:55,12,Looking Away,6.4,5.1,0.0,13.5,25.5,25.5
2026-07-17 13:32:55,17,Working,4.1,3.7,0.0,12.1,20.6,20.6
2026-07-17 13:32:55,4,Talking,6.1,4.3,0.0,21.3,19.2,19.2
2026-07-17 13:32:55,12,Talking,6.4,5.6,0.0,13.5,25.0,25.0
2026-07-17 13:32:55,17,Talking,4.6,3.7,0.0,12.1,22.6,22.6
2026-07-17 13:32:55,25,Talking,4.1,5.2,0.0,0.0,44.4,44.4
2026-07-17 13:32:56,0,Talking,7.4,5.6,0.0,19.2,23.1,23.1
2026-07-17 13:32:56,4,Working,6.1,4.3,0.0,21.8,18.9,18.9
2026-07-17 13:32:56,17,Working,4.6,3.7,0.0,12.7,22.0,22.0
2026-07-17 13:32:56,25,Working,4.1,5.2,0.0,0.5,42.1,42.1
2026-07-17 13:32:56,0,Working,7.4,5.6,0.0,19.8,22.6,22.6
2026-07-17 13:32:56,12,Looking Away,6.4,5.6,0.0,14.7,23.9,23.9
2026-07-17 13:32:57,12,Talking,6.4,6.1,0.0,14.7,23.5,23.5
2026-07-17 13:32:57,17,Talking,5.8,3.7,0.0,12.7,26.2,26.2
2026-07-17 13:32:57,28,Looking Away,4.0,0.0,0.0,0.0,100.0,100.0
2026-07-17 13:32:57,29,Looking Away,0.0,0.5,0.0,0.0,0.0,0.0
2026-07-17 13:32:57,28,Working,4.0,0.6,0.0,0.0,87.0,87.0
2026-07-17 13:32:58,12,Looking Away,6.4,6.1,0.0,15.8,22.5,22.5
2026-07-17 13:32:58,17,Working,5.8,3.7,0.0,13.8,24.9,24.9
2026-07-17 13:33:01,12,Working,6.4,9.2,0.0,15.8,20.3,20.3
2026-07-17 13:33:02,25,Looking Away,10.6,5.2,0.0,0.5,64.9,64.9
2026-07-17 13:33:03,25,Working,10.6,5.8,0.0,0.5,62.6,62.6
2026-07-17 13:33:04,12,Looking Away,9.4,9.2,0.0,15.8,27.4,27.4
2026-07-17 13:33:05,12,Working,9.4,9.8,0.0,15.8,26.9,26.9
2026-07-17 13:33:05,12,Looking Away,10.1,9.8,0.0,15.8,28.4,28.4
2026-07-17 13:33:06,12,Working,10.1,10.3,0.0,15.8,28.0,28.0
2026-07-17 13:33:07,12,Looking Away,11.3,10.3,0.0,15.8,30.2,30.2
2026-07-17 13:33:09,36,Looking Away,2.2,0.0,0.0,0.0,100.0,100.0
2026-07-17 13:33:10,12,Working,11.3,12.9,0.0,15.8,28.2,28.2
2026-07-17 13:33:10,25,Looking Away,17.6,5.8,0.0,0.5,73.6,73.6
2026-07-17 13:33:10,25,Working,17.6,6.3,0.0,0.5,72.0,72.0
2026-07-17 13:33:12,40,Looking Away,0.0,0.6,0.0,0.0,0.0,0.0
2026-07-17 13:33:14,42,Looking Away,0.0,0.7,0.0,0.0,0.0,0.0
2026-07-17 13:33:15,12,Looking Away,17.0,12.9,0.0,15.8,37.2,37.2
2026-07-17 13:33:15,43,Looking Away,0.0,0.5,0.0,0.0,0.0,0.0
2026-07-17 13:33:17,12,Working,17.0,14.6,0.0,15.8,35.9,35.9
2026-07-17 13:33:17,38,Looking Away,7.9,0.0,0.0,0.0,100.0,100.0
2026-07-17 13:33:17,45,Looking Away,0.0,0.7,0.0,0.0,0.0,0.0
2026-07-17 13:33:20,12,Talking,19.8,14.6,0.0,15.8,39.4,39.4
2026-07-17 13:33:20,28,Talking,26.4,0.6,0.0,0.0,97.8,97.8
2026-07-17 13:33:22,12,Looking Away,19.8,14.6,0.0,18.1,37.6,37.6
2026-07-17 13:33:22,28,Working,26.4,0.6,0.0,2.4,89.9,89.9
2026-07-17 13:33:25,12,Talking,19.8,17.4,0.0,18.1,35.7,35.7
2026-07-17 13:33:25,28,Talking,29.2,0.6,0.0,2.4,90.8,90.8
2026-07-17 13:33:25,43,Talking,0.0,10.0,0.0,0.0,0.0,0.0
2026-07-17 13:33:25,46,Looking Away,5.2,0.0,0.0,0.0,100.0,100.0
2026-07-17 13:33:28,4,Talking,37.9,4.3,0.0,21.8,59.2,59.2
2026-07-17 13:33:28,28,Working,29.2,0.6,0.0,4.8,84.4,84.4
2026-07-17 13:33:28,43,Looking Away,0.0,10.0,0.0,2.5,0.0,0.0
2026-07-17 13:33:28,49,Looking Away,0.0,2.5,0.0,0.0,0.0,0.0
2026-07-17 13:33:30,4,Looking Away,37.9,4.3,0.0,24.2,57.2,57.2
2026-07-17 13:33:30,12,Working,19.8,17.4,0.0,22.9,32.9,32.9
2026-07-17 13:33:32,0,Talking,43.4,5.6,0.0,19.8,63.0,63.0
2026-07-17 13:33:32,4,Talking,37.9,6.7,0.0,24.2,55.1,55.1
2026-07-17 13:33:32,12,Talking,22.2,17.4,0.0,22.9,35.5,35.5
2026-07-17 13:33:32,46,Talking,5.2,7.3,0.0,0.0,41.6,41.6
2026-07-17 13:33:32,48,Looking Away,7.3,0.0,0.0,0.0,100.0,100.0
2026-07-17 13:33:35,0,Working,43.4,5.6,0.0,22.5,60.7,60.7
2026-07-17 13:33:35,4,Working,37.9,6.7,0.0,26.8,53.0,53.0
2026-07-17 13:33:35,12,Working,22.2,17.4,0.0,25.6,34.1,34.1
2026-07-17 13:33:35,46,Working,5.2,7.3,0.0,2.7,34.3,34.3
2026-07-17 13:33:35,48,Working,7.3,2.7,0.0,0.0,73.0,73.0
2026-07-17 13:33:35,50,Looking Away,0.0,2.7,0.0,0.0,0.0,0.0
2026-07-17 13:33:37,28,Looking Away,39.2,0.6,0.0,4.8,87.9,87.9
2026-07-17 13:33:37,43,Working,0.0,20.0,0.0,2.5,0.0,0.0
2026-07-17 13:33:40,28,Working,39.2,3.1,0.0,4.8,83.2,83.2
2026-07-17 13:33:40,43,Looking Away,2.5,20.0,0.0,2.5,10.0,10.0
2026-07-17 13:33:43,43,Working,2.5,22.7,0.0,2.5,9.0,9.0
2026-07-17 13:33:43,51,Looking Away,2.7,0.0,0.0,0.0,100.0,100.0
2026-07-17 13:33:43,52,Looking Away,0.0,2.7,0.0,0.0,0.0,0.0
2026-07-17 13:33:45,43,Looking Away,5.0,22.7,0.0,2.5,16.5,16.5
2026-07-17 13:33:45,54,Looking Away,5.2,0.0,0.0,0.0,100.0,100.0
2026-07-17 13:33:46,28,Talking,45.4,3.1,0.0,4.8,85.2,85.2
2026-07-17 13:33:46,43,Talking,5.0,23.7,0.0,2.5,16.0,16.0
2026-07-17 13:33:46,55,Looking Away,0.0,1.0,0.0,0.0,0.0,0.0
2026-07-17 13:33:46,56,Looking Away,1.0,0.0,0.0,0.0,100.0,100.0
2026-07-17 13:33:46,57,Looking Away,1.0,0.0,0.0,0.0,100.0,100.0
2026-07-17 13:33:47,28,Looking Away,45.4,3.1,0.0,5.4,84.3,84.3
2026-07-17 13:33:47,54,Working,5.2,1.6,0.0,0.0,76.3,76.3
2026-07-17 13:33:47,58,Looking Away,0.0,0.6,0.0,0.0,0.0,0.0
2026-07-17 13:33:47,59,Looking Away,0.0,0.6,0.0,0.0,0.0,0.0
2026-07-17 13:33:48,54,Looking Away,6.3,1.6,0.0,0.0,79.8,79.8
2026-07-17 13:33:50,51,Working,2.7,6.9,0.0,0.0,27.8,27.8
2026-07-17 13:33:50,55,No Laptop,0.0,4.5,0.0,0.0,0.0,0.0
2026-07-17 13:33:51,62,Looking Away,0.0,0.5,0.0,0.0,0.0,0.0
2026-07-17 13:33:52,51,Talking,5.0,6.9,0.0,0.0,42.1,42.1
2026-07-17 13:33:52,56,Talking,1.0,5.8,0.0,0.0,15.3,15.3
2026-07-17 13:33:52,58,Talking,0.0,5.2,0.0,0.0,0.0,0.0
2026-07-17 13:33:52,51,Working,5.0,6.9,0.0,0.6,40.2,40.2
2026-07-17 13:33:52,63,Looking Away,0.0,0.6,0.0,0.0,0.0,0.0
2026-07-17 13:33:52,64,No Laptop,0.0,0.6,0.0,0.0,0.0,0.0
2026-07-17 13:33:53,54,Working,6.3,6.7,0.0,0.0,48.6,48.6
2026-07-17 13:33:53,58,Working,0.0,5.2,0.0,1.0,0.0,0.0
2026-07-17 13:33:53,51,Looking Away,5.9,6.9,0.0,0.6,44.1,44.1
2026-07-17 13:33:53,66,Looking Away,0.0,0.4,0.0,0.0,0.0,0.0
2026-07-17 13:33:54,51,Working,5.9,7.4,0.0,0.6,42.7,42.7
2026-07-17 13:33:54,58,Looking Away,0.9,5.2,0.0,1.0,12.0,12.0
2026-07-17 13:33:54,51,Looking Away,6.6,7.4,0.0,0.6,45.3,45.3
2026-07-17 13:33:54,58,Working,0.9,5.9,0.0,1.0,11.0,11.0
2026-07-17 13:33:56,51,Working,6.6,8.5,0.0,0.6,41.9,41.9
2026-07-17 13:33:56,51,Looking Away,7.0,8.5,0.0,0.6,43.3,43.3
2026-07-17 13:33:57,51,Working,7.0,9.1,0.0,0.6,41.8,41.8
2026-07-17 13:33:57,58,Looking Away,3.0,5.9,0.0,1.0,30.1,30.1
2026-07-17 13:33:57,72,Looking Away,0.0,0.7,0.0,0.0,0.0,0.0
2026-07-17 13:33:57,73,Looking Away,0.0,0.7,0.0,0.0,0.0,0.0
2026-07-17 13:33:58,72,Working,0.0,1.2,0.0,0.0,0.0,0.0
2026-07-17 13:33:58,58,Working,3.0,7.8,0.0,1.0,25.2,25.2
2026-07-17 13:34:00,58,Looking Away,4.6,7.8,0.0,1.0,34.1,34.1
2026-07-17 13:34:02,58,Working,4.6,9.3,0.0,1.0,30.6,30.6
2026-07-17 13:34:02,58,Looking Away,5.1,9.3,0.0,1.0,33.0,33.0
2026-07-17 13:34:03,58,Working,5.1,9.8,0.0,1.0,31.9,31.9
2026-07-17 13:34:04,58,Looking Away,6.6,9.8,0.0,1.0,38.0,38.0
2026-07-17 13:34:04,76,Looking Away,0.8,0.0,0.0,0.0,100.0,100.0
2026-07-17 13:34:06,79,Looking Away,0.0,0.6,0.0,0.0,0.0,0.0
2026-07-17 13:34:07,58,Working,6.6,12.4,0.0,1.0,33.1,33.1
2026-07-17 13:34:07,58,Looking Away,7.1,12.4,0.0,1.0,34.4,34.4
2026-07-17 13:34:09,82,Looking Away,1.1,0.0,0.0,0.0,100.0,100.0
2026-07-17 13:34:10,82,No Laptop,1.1,0.8,0.0,0.0,59.8,59.8
2026-07-17 13:34:10,4,Looking Away,72.9,6.7,0.0,26.8,68.5,68.5
2026-07-17 13:34:10,83,No Laptop,0.0,0.4,0.0,0.0,0.0,0.0
2026-07-17 13:34:10,84,Looking Away,0.0,0.4,0.0,0.0,0.0,0.0
2026-07-17 13:34:11,85,Working,0.0,0.4,0.0,0.0,0.0,0.0
2026-07-17 13:34:11,83,Looking Away,0.0,1.4,0.0,0.0,0.0,0.0
2026-07-17 13:34:11,86,Looking Away,0.0,0.5,0.0,0.0,0.0,0.0
2026-07-17 13:34:11,87,Looking Away,0.0,0.5,0.0,0.0,0.0,0.0
2026-07-17 13:34:11,88,Looking Away,0.0,0.5,0.0,0.0,0.0,0.0
2026-07-17 13:34:12,88,Working,0.0,1.1,0.0,0.0,0.0,0.0
2026-07-17 13:34:14,4,Working,72.9,10.4,0.0,26.8,66.2,66.2
2026-07-17 13:34:14,86,Working,0.0,2.8,0.0,0.0,0.0,0.0
2026-07-17 13:34:14,92,Looking Away,0.0,0.5,0.0,0.0,0.0,0.0
2026-07-17 13:34:14,4,Looking Away,73.3,10.4,0.0,26.8,66.3,66.3
2026-07-17 13:34:14,93,Looking Away,0.0,0.4,0.0,0.0,0.0,0.0
2026-07-17 13:34:15,85,Using Phone,3.7,0.4,0.0,0.0,89.8,89.8
2026-07-17 13:34:15,94,Looking Away,0.0,0.4,0.0,0.0,0.0,0.0
2026-07-17 13:34:15,51,Talking,25.4,9.1,0.0,0.6,72.4,72.4
2026-07-17 13:34:15,58,Talking,7.1,20.2,0.0,1.0,24.9,24.9
2026-07-17 13:34:15,85,Working,3.7,0.4,0.5,0.0,80.1,80.1
2026-07-17 13:34:15,51,Working,25.4,9.1,0.0,1.1,71.4,71.4
2026-07-17 13:34:15,58,Looking Away,7.1,20.2,0.0,1.5,24.5,24.5
2026-07-17 13:34:15,95,Looking Away,0.5,0.0,0.0,0.0,100.0,100.0
2026-07-17 13:34:16,4,Working,73.3,12.4,0.0,26.8,65.1,65.1
2026-07-17 13:34:16,96,Looking Away,0.0,0.6,0.0,0.0,0.0,0.0
2026-07-17 13:34:17,4,Looking Away,73.8,12.4,0.0,26.8,65.3,65.3
2026-07-17 13:34:17,95,Working,0.5,1.0,0.0,0.0,32.2,32.2
2026-07-17 13:34:17,4,Working,73.8,12.9,0.0,26.8,65.0,65.0
2026-07-17 13:34:18,51,Talking,27.9,9.1,0.0,1.1,73.3,73.3
2026-07-17 13:34:18,58,Talking,7.1,22.7,0.0,1.5,22.5,22.5
2026-07-17 13:34:18,97,Looking Away,0.0,0.5,0.0,0.0,0.0,0.0
2026-07-17 13:34:18,98,Looking Away,0.0,0.5,0.0,0.0,0.0,0.0
2026-07-17 13:34:18,51,Working,27.9,9.1,0.0,1.4,72.6,72.6
2026-07-17 13:34:18,58,Looking Away,7.1,22.7,0.0,1.9,22.3,22.3
2026-07-17 13:34:19,51,Talking,28.3,9.1,0.0,1.4,72.9,72.9
2026-07-17 13:34:19,58,Talking,7.1,23.2,0.0,1.9,22.0,22.0
2026-07-17 13:34:19,100,Looking Away,0.0,0.4,0.0,0.0,0.0,0.0
2026-07-17 13:34:19,101,Looking Away,0.0,0.4,0.0,0.0,0.0,0.0
2026-07-17 13:34:19,102,Looking Away,0.0,0.5,0.0,0.0,0.0,0.0
2026-07-17 13:34:20,4,Looking Away,76.6,12.9,0.0,26.8,65.8,65.8
2026-07-17 13:34:20,51,Working,28.3,9.1,0.0,2.9,70.3,70.3
2026-07-17 13:34:20,58,Looking Away,7.1,23.2,0.0,3.4,21.0,21.0
2026-07-17 13:34:20,103,Looking Away,1.5,0.0,0.0,0.0,100.0,100.0
2026-07-17 13:34:21,4,Talking,76.6,13.8,0.0,26.8,65.3,65.3
2026-07-17 13:34:21,85,Using Phone,9.4,0.4,0.5,0.0,91.2,91.2
2026-07-17 13:34:21,103,Working,1.5,0.5,0.0,0.0,74.5,74.5
2026-07-17 13:34:21,104,Using Phone,0.5,0.0,0.0,0.0,100.0,100.0
2026-07-17 13:34:21,104,Working,0.5,0.0,0.6,0.0,46.2,46.2
2026-07-17 13:34:22,4,Looking Away,76.6,13.8,0.0,28.0,64.7,64.7
2026-07-17 13:34:22,85,Working,9.4,0.4,1.6,0.0,82.4,82.4
2026-07-17 13:34:22,103,Looking Away,2.6,0.5,0.0,0.0,83.7,83.7
2026-07-17 13:34:22,4,Talking,76.6,14.3,0.0,28.0,64.5,64.5
2026-07-17 13:34:22,51,Talking,30.4,9.1,0.0,2.9,71.7,71.7
2026-07-17 13:34:22,58,Talking,7.1,25.2,0.0,3.4,19.8,19.8
2026-07-17 13:34:23,4,Looking Away,76.6,14.3,0.0,28.4,64.2,64.2
2026-07-17 13:34:23,51,Working,30.4,9.1,0.0,3.4,70.9,70.9
2026-07-17 13:34:23,58,Looking Away,7.1,25.2,0.0,3.9,19.5,19.5
2026-07-17 13:34:23,106,Looking Away,0.0,0.5,0.0,0.0,0.0,0.0
2026-07-17 13:34:23,104,Using Phone,2.5,0.0,0.6,0.0,81.2,81.2
2026-07-17 13:34:24,4,Talking,76.6,15.6,0.0,28.4,63.5,63.5
2026-07-17 13:34:24,51,Talking,31.7,9.1,0.0,3.4,71.7,71.7
2026-07-17 13:34:24,58,Talking,7.1,26.5,0.0,3.9,18.8,18.8
2026-07-17 13:34:24,104,Working,2.5,0.0,1.4,0.0,64.5,64.5
2026-07-17 13:34:24,107,Looking Away,0.0,0.8,0.0,0.0,0.0,0.0
2026-07-17 13:34:24,108,Looking Away,0.0,0.8,0.0,0.0,0.0,0.0
2026-07-17 13:34:25,4,Looking Away,76.6,15.6,0.0,28.9,63.2,63.2
2026-07-17 13:34:25,51,Working,31.7,9.1,0.0,3.8,71.0,71.0
2026-07-17 13:34:25,58,Looking Away,7.1,26.5,0.0,4.3,18.6,18.6
2026-07-17 13:34:25,110,Working,0.0,0.6,0.0,0.0,0.0,0.0
2026-07-17 13:34:25,111,Looking Away,0.0,0.6,0.0,0.0,0.0,0.0
2026-07-17 13:34:26,4,Talking,76.6,16.8,0.0,28.9,62.6,62.6
2026-07-17 13:34:26,58,Working,7.1,27.8,0.0,4.3,18.0,18.0
2026-07-17 13:34:26,103,Talking,2.6,4.5,0.0,0.0,36.4,36.4
2026-07-17 13:34:26,112,Looking Away,0.0,0.6,0.0,0.0,0.0,0.0
2026-07-17 13:34:27,58,Looking Away,8.6,27.8,0.0,4.3,21.1,21.1
2026-07-17 13:34:27,104,Using Phone,5.7,0.0,1.4,0.0,80.6,80.6
2026-07-17 13:34:29,110,Looking Away,3.4,0.6,0.0,0.0,85.2,85.2
2026-07-17 13:34:29,115,Using Phone,1.3,0.0,0.0,0.0,100.0,100.0
2026-07-17 13:34:29,105,Looking Away,6.8,0.0,0.0,0.0,100.0,100.0
2026-07-17 13:34:29,114,Looking Away,2.6,0.0,0.0,0.0,100.0,100.0
2026-07-17 13:34:29,115,Working,1.3,0.0,0.5,0.0,71.3,71.3
2026-07-17 13:34:30,58,Talking,8.6,30.2,0.0,4.3,19.8,19.8
2026-07-17 13:34:30,105,Working,6.8,0.7,0.0,0.0,91.1,91.1
2026-07-17 13:34:30,110,Talking,3.4,1.8,0.0,0.0,65.9,65.9
2026-07-17 13:34:30,51,Talking,37.5,9.1,0.0,3.8,74.3,74.3
2026-07-17 13:34:31,51,Working,37.5,9.1,0.0,4.5,73.3,73.3
2026-07-17 13:34:31,114,Working,2.6,2.0,0.0,0.0,57.2,57.2
2026-07-17 13:34:31,117,Looking Away,0.0,0.7,0.0,0.0,0.0,0.0
2026-07-17 13:34:32,58,Working,8.6,30.2,0.0,6.4,18.9,18.9
2026-07-17 13:34:32,110,Looking Away,3.4,1.8,0.0,2.1,47.1,47.1
2026-07-17 13:34:32,115,Using Phone,4.0,0.0,0.5,0.0,88.6,88.6
2026-07-17 13:34:33,105,Using Phone,9.5,0.7,0.0,0.0,93.5,93.5
2026-07-17 13:34:33,105,Looking Away,9.5,0.7,0.6,0.0,88.5,88.5
2026-07-17 13:34:33,115,Looking Away,4.0,0.0,1.7,0.0,69.8,69.8
2026-07-17 13:34:34,51,Talking,40.2,9.1,0.0,4.5,74.6,74.6
2026-07-17 13:34:34,105,Working,9.5,1.3,0.6,0.0,83.4,83.4
2026-07-17 13:34:34,115,Talking,4.0,0.7,1.7,0.0,62.7,62.7
2026-07-17 13:34:34,51,Working,40.2,9.1,0.0,5.1,73.8,73.8
2026-07-17 13:34:34,115,Working,4.0,0.7,1.7,0.6,57.3,57.3
2026-07-17 13:34:34,120,Looking Away,0.0,0.6,0.0,0.0,0.0,0.0
2026-07-17 13:34:35,4,Looking Away,76.6,16.8,0.0,38.0,58.3,58.3
2026-07-17 13:34:35,103,Working,2.6,4.5,0.0,9.1,15.8,15.8
2026-07-17 13:34:36,4,Talking,76.6,17.5,0.0,38.0,58.0,58.0
2026-07-17 13:34:36,115,Using Phone,5.3,0.7,1.7,0.6,64.0,64.0
2026-07-17 13:34:36,119,Looking Away,2.5,0.0,0.0,0.0,100.0,100.0
2026-07-17 13:34:36,51,Talking,42.0,9.1,0.0,5.1,74.7,74.7
2026-07-17 13:34:36,122,Looking Away,0.0,0.6,0.0,0.0,0.0,0.0
2026-07-17 13:34:37,4,Looking Away,76.6,17.5,0.0,39.1,57.5,57.5
2026-07-17 13:34:37,51,Working,42.0,9.1,0.0,5.6,74.1,74.1
2026-07-17 13:34:37,4,Working,76.6,18.1,0.0,39.1,57.3,57.3
2026-07-17 13:34:37,122,Working,0.0,1.6,0.0,0.0,0.0,0.0
2026-07-17 13:34:38,103,Looking Away,5.3,4.5,0.0,9.1,28.0,28.0
2026-07-17 13:34:38,51,Talking,43.5,9.1,0.0,5.6,74.7,74.7
2026-07-17 13:34:38,103,Talking,5.3,4.9,0.0,9.1,27.3,27.3
2026-07-17 13:34:38,105,Talking,13.9,1.3,0.6,0.0,88.0,88.0
2026-07-17 13:34:38,124,Looking Away,0.0,0.4,0.0,0.0,0.0,0.0
2026-07-17 13:34:39,51,Looking Away,43.5,9.1,0.0,6.1,74.1,74.1
2026-07-17 13:34:39,103,Working,5.3,4.9,0.0,9.7,26.6,26.6
2026-07-17 13:34:39,105,Looking Away,13.9,1.3,0.6,0.5,85.1,85.1
2026-07-17 13:34:39,125,Looking Away,0.0,0.5,0.0,0.0,0.0,0.0
2026-07-17 13:34:39,51,Talking,43.5,9.6,0.0,6.1,73.5,73.5
2026-07-17 13:34:39,103,Talking,5.8,4.9,0.0,9.7,28.3,28.3
2026-07-17 13:34:39,105,Talking,13.9,1.8,0.6,0.5,82.7,82.7
2026-07-17 13:34:39,122,Looking Away,1.9,1.6,0.0,0.0,54.4,54.4
2026-07-17 13:36:50,0,Looking Away,0.0,1.7,0.0,0.0,0.0,0.0
2026-07-17 13:36:50,2,Looking Away,0.0,1.7,0.0,0.0,0.0,0.0
2026-07-17 13:36:50,3,Looking Away,0.0,1.7,0.0,0.0,0.0,0.0
2026-07-17 13:36:50,4,Working,0.0,1.7,0.0,0.0,0.0,0.0
2026-07-17 13:36:50,0,Working,0.0,2.0,0.0,0.0,0.0,0.0
2026-07-17 13:36:50,2,Working,0.0,2.0,0.0,0.0,0.0,0.0
2026-07-17 13:36:50,3,Working,0.0,2.0,0.0,0.0,0.0,0.0
2026-07-17 13:36:50,0,Looking Away,0.4,2.0,0.0,0.0,15.4,15.4
2026-07-17 13:36:50,3,Looking Away,0.4,2.0,0.0,0.0,15.4,15.4
2026-07-17 13:36:51,3,Working,0.4,2.5,0.0,0.0,12.9,12.9
2026-07-17 13:36:51,8,Looking Away,0.5,0.0,0.0,0.0,100.0,100.0
2026-07-17 13:36:51,0,Working,0.4,3.0,0.0,0.0,11.0,11.0
2026-07-17 13:36:52,0,Looking Away,0.8,3.0,0.0,0.0,20.5,20.5
2026-07-17 13:36:52,2,Looking Away,1.7,2.0,0.0,0.0,46.2,46.2
2026-07-17 13:36:52,3,Looking Away,1.3,2.5,0.0,0.0,33.7,33.7
2026-07-17 13:36:52,9,No Laptop,0.0,0.4,0.0,0.0,0.0,0.0
2026-07-17 13:36:53,0,Talking,0.8,4.4,0.0,0.0,14.8,14.8
2026-07-17 13:36:53,2,Talking,1.7,3.5,0.0,0.0,33.3,33.3
2026-07-17 13:36:53,3,Talking,1.3,3.9,0.0,0.0,24.3,24.3
2026-07-17 13:36:53,7,Looking Away,3.2,0.0,0.0,0.0,100.0,100.0
2026-07-17 13:36:53,10,Working,0.0,0.4,0.0,0.0,0.0,0.0
2026-07-17 13:36:54,7,Working,3.2,0.4,0.0,0.0,88.1,88.1
2026-07-17 13:36:54,11,Looking Away,0.0,0.4,0.0,0.0,0.0,0.0
2026-07-17 13:36:54,0,Working,0.8,4.4,0.0,0.8,12.7,12.7
2026-07-17 13:36:54,2,Working,1.7,3.5,0.0,0.8,28.6,28.6
2026-07-17 13:36:54,3,Working,1.3,3.9,0.0,0.8,20.9,20.9
2026-07-17 13:36:54,2,Looking Away,2.1,3.5,0.0,0.8,32.4,32.4
2026-07-17 13:36:55,0,Talking,1.8,4.4,0.0,0.8,25.3,25.3
2026-07-17 13:36:55,2,Working,2.1,4.1,0.0,0.8,29.3,29.3
2026-07-17 13:36:55,3,Talking,2.3,3.9,0.0,0.8,32.3,32.3
2026-07-17 13:36:56,0,Looking Away,1.8,4.4,0.0,2.1,21.4,21.4
2026-07-17 13:36:56,3,Working,2.3,3.9,0.0,2.1,27.3,27.3
2026-07-17 13:36:56,13,No Laptop,0.0,0.4,0.0,0.0,0.0,0.0
2026-07-17 13:36:57,0,Talking,1.8,4.8,0.0,2.1,20.4,20.4
2026-07-17 13:36:57,3,Talking,2.7,3.9,0.0,2.1,30.9,30.9
2026-07-17 13:36:57,13,Looking Away,0.0,0.8,0.0,0.0,0.0,0.0
2026-07-17 13:36:57,14,Looking Away,0.0,0.5,0.0,0.0,0.0,0.0
2026-07-17 13:36:58,2,Talking,5.4,4.1,0.0,0.8,52.2,52.2
2026-07-17 13:37:00,0,Working,1.8,4.8,0.0,5.1,15.2,15.2
2026-07-17 13:37:00,16,No Laptop,0.0,1.3,0.0,0.0,0.0,0.0
2026-07-17 13:37:00,17,Looking Away,0.0,1.3,0.0,0.0,0.0,0.0
2026-07-17 13:37:00,18,Looking Away,0.0,1.3,0.0,0.0,0.0,0.0
2026-07-17 13:37:01,0,Talking,2.9,4.8,0.0,5.1,22.4,22.4
2026-07-17 13:37:02,2,Working,5.4,4.1,0.0,4.7,38.1,38.1
2026-07-17 13:37:02,19,Working,0.0,1.5,0.0,0.0,0.0,0.0
2026-07-17 13:37:04,18,Talking,0.0,5.8,0.0,0.0,0.0,0.0
2026-07-17 13:37:06,0,Working,2.9,4.8,0.0,10.8,15.5,15.5
2026-07-17 13:37:08,0,Talking,4.6,4.8,0.0,10.8,22.9,22.9
2026-07-17 13:37:10,0,Working,4.6,4.8,0.0,12.4,21.2,21.2
2026-07-17 13:37:11,0,Talking,6.0,4.8,0.0,12.4,25.9,25.9
2026-07-17 13:37:13,4,Using Phone,23.0,1.7,0.0,0.0,93.2,93.2
2026-07-17 13:37:13,23,Using Phone,4.3,0.0,0.0,0.0,100.0,100.0
2026-07-17 13:37:14,0,Working,6.0,4.8,0.0,15.4,23.0,23.0
2026-07-17 13:37:14,18,Looking Away,0.0,5.8,0.0,10.0,0.0,0.0
2026-07-17 13:37:14,23,Working,4.3,0.0,1.6,0.0,72.8,72.8
2026-07-17 13:37:15,23,Looking Away,4.7,0.0,1.6,0.0,74.6,74.6
2026-07-17 13:37:15,0,Talking,6.8,4.8,0.0,15.4,25.3,25.3
2026-07-17 13:37:15,18,Talking,0.0,6.7,0.0,10.0,0.0,0.0
2026-07-17 13:37:15,27,Looking Away,2.4,0.0,0.0,0.0,100.0,100.0
2026-07-17 13:37:15,23,Working,4.7,0.8,1.6,0.0,66.4,66.4
2026-07-17 13:37:15,27,Working,2.4,0.4,0.0,0.0,85.8,85.8
2026-07-17 13:37:16,0,Working,6.8,4.8,0.0,16.1,24.6,24.6
2026-07-17 13:37:16,18,Working,0.0,6.7,0.0,10.7,0.0,0.0
2026-07-17 13:37:16,2,Looking Away,19.3,4.1,0.0,4.7,68.6,68.6
2026-07-17 13:37:16,0,Talking,7.6,4.8,0.0,16.1,26.5,26.5
2026-07-17 13:37:16,2,Talking,19.3,4.5,0.0,4.7,67.7,67.7
2026-07-17 13:37:17,18,Talking,1.2,6.7,0.0,10.7,6.5,6.5
2026-07-17 13:37:17,31,Looking Away,0.0,0.5,0.0,0.0,0.0,0.0
2026-07-17 13:37:17,0,Working,7.6,4.8,0.0,16.9,25.8,25.8
2026-07-17 13:37:18,2,No Laptop,19.3,4.5,0.0,6.3,64.2,64.2
2026-07-17 13:37:18,18,Looking Away,1.2,6.7,0.0,11.8,6.1,6.1
2026-07-17 13:37:19,0,Talking,9.6,4.8,0.0,16.9,30.6,30.6
2026-07-17 13:37:19,2,Talking,19.3,5.8,0.0,6.3,61.6,61.6
2026-07-17 13:37:19,18,Working,1.2,7.9,0.0,11.8,5.8,5.8
2026-07-17 13:37:19,33,No Laptop,0.0,0.4,0.0,0.0,0.0,0.0
2026-07-17 13:37:20,18,Talking,1.6,7.9,0.0,11.8,7.5,7.5
2026-07-17 13:37:20,34,No Laptop,0.0,0.4,0.0,0.0,0.0,0.0
2026-07-17 13:37:21,0,Looking Away,9.6,4.8,0.0,18.2,29.4,29.4
2026-07-17 13:37:21,2,Working,19.3,5.8,0.0,7.6,59.1,59.1
2026-07-17 13:37:21,18,Working,1.6,7.9,0.0,12.8,7.2,7.2
2026-07-17 13:37:21,35,Looking Away,0.0,0.5,0.0,0.0,0.0,0.0
2026-07-17 13:37:21,0,Working,9.6,5.2,0.0,18.2,29.1,29.1
2026-07-17 13:37:22,0,Talking,10.4,5.2,0.0,18.2,30.8,30.8
2026-07-17 13:37:22,18,Talking,2.8,7.9,0.0,12.8,11.9,11.9
2026-07-17 13:37:22,2,Talking,21.0,5.8,0.0,7.6,61.1,61.1
2026-07-17 13:37:23,39,No Laptop,0.0,0.6,0.0,0.0,0.0,0.0
2026-07-17 13:37:23,41,No Laptop,0.0,0.5,0.0,0.0,0.0,0.0
2026-07-17 13:37:24,0,Working,10.4,5.2,0.0,20.4,29.0,29.0
2026-07-17 13:37:24,2,Working,21.0,5.8,0.0,9.3,58.2,58.2
2026-07-17 13:37:24,18,Looking Away,2.8,7.9,0.0,14.9,10.9,10.9
2026-07-17 13:37:24,0,Talking,10.9,5.2,0.0,20.4,29.9,29.9
2026-07-17 13:37:24,18,Talking,2.8,8.4,0.0,14.9,10.7,10.7
2026-07-17 13:37:24,37,Looking Away,4.3,0.0,0.0,0.0,100.0,100.0
2026-07-17 13:37:25,0,Working,10.9,5.2,0.0,21.0,29.3,29.3
2026-07-17 13:37:25,18,Looking Away,2.8,8.4,0.0,15.5,10.5,10.5
2026-07-17 13:37:26,0,Talking,11.5,5.2,0.0,21.0,30.5,30.5
2026-07-17 13:37:26,18,Talking,2.8,9.0,0.0,15.5,10.2,10.2
2026-07-17 13:37:26,37,Working,4.3,1.3,0.0,0.0,77.4,77.4
2026-07-17 13:37:26,0,Working,11.5,5.2,0.0,21.5,30.1,30.1
2026-07-17 13:37:26,18,Looking Away,2.8,9.0,0.0,16.0,10.0,10.0
2026-07-17 13:37:27,2,Talking,23.8,5.8,0.0,9.3,61.3,61.3
2026-07-17 13:37:27,18,Talking,2.8,9.6,0.0,16.0,9.8,9.8
2026-07-17 13:37:27,2,Working,23.8,5.8,0.0,9.9,60.4,60.4
2026-07-17 13:37:27,18,Looking Away,2.8,9.6,0.0,16.6,9.6,9.6
2026-07-17 13:37:27,43,Working,0.0,0.6,0.0,0.0,0.0,0.0
2026-07-17 13:37:28,0,Talking,13.3,5.2,0.0,21.5,33.1,33.1
2026-07-17 13:37:28,2,Talking,24.4,5.8,0.0,9.9,60.9,60.9
2026-07-17 13:37:28,18,Talking,2.8,10.2,0.0,16.6,9.4,9.4
2026-07-17 13:37:29,0,Working,13.3,5.2,0.0,22.1,32.6,32.6
2026-07-17 13:37:29,2,Working,24.4,5.8,0.0,10.5,60.0,60.0
2026-07-17 13:37:29,18,Looking Away,2.8,10.2,0.0,17.2,9.3,9.3
2026-07-17 13:37:29,32,Looking Away,10.5,0.0,0.0,0.0,100.0,100.0
2026-07-17 13:37:29,2,Talking,25.0,5.8,0.0,10.5,60.6,60.6
2026-07-17 13:37:29,18,Talking,2.8,10.8,0.0,17.2,9.1,9.1
2026-07-17 13:37:29,32,Working,10.5,0.6,0.0,0.0,94.5,94.5
2026-07-17 13:37:29,43,Looking Away,1.8,0.6,0.0,0.0,75.1,75.1
2026-07-17 13:37:30,32,Looking Away,11.1,0.6,0.0,0.0,94.8,94.8
2026-07-17 13:37:30,0,Talking,15.0,5.2,0.0,22.1,35.4,35.4
2026-07-17 13:37:30,44,Looking Away,1.1,0.0,0.0,0.0,100.0,100.0
2026-07-17 13:37:31,0,Working,15.0,5.2,0.0,22.7,34.9,34.9
2026-07-17 13:37:31,0,Talking,15.5,5.2,0.0,22.7,35.7,35.7
2026-07-17 13:37:32,0,Working,15.5,5.2,0.0,23.2,35.3,35.3
2026-07-17 13:37:33,0,Talking,16.6,5.2,0.0,23.2,36.8,36.8
2026-07-17 13:37:33,45,Looking Away,0.0,0.6,0.0,0.0,0.0,0.0
2026-07-17 13:37:34,0,Working,16.6,5.2,0.0,23.8,36.4,36.4
2026-07-17 13:37:34,2,Working,25.0,5.8,0.0,14.8,54.8,54.8
2026-07-17 13:37:34,18,Looking Away,2.8,10.8,0.0,21.6,7.9,7.9
2026-07-17 13:37:34,32,Using Phone,11.1,4.4,0.0,0.0,71.5,71.5
2026-07-17 13:37:34,44,Using Phone,1.1,3.2,0.0,0.0,25.8,25.8
2026-07-17 13:37:35,0,Talking,17.8,5.2,0.0,23.8,38.0,38.0
2026-07-17 13:37:35,2,Talking,26.2,5.8,0.0,14.8,56.0,56.0
2026-07-17 13:37:35,18,Talking,2.8,11.9,0.0,21.6,7.7,7.7
2026-07-17 13:37:35,32,Looking Away,11.1,4.4,1.2,0.0,66.4,66.4
2026-07-17 13:37:35,44,Working,1.1,3.2,1.2,0.0,20.3,20.3
2026-07-17 13:37:35,2,Working,26.2,5.8,0.0,15.4,55.3,55.3
2026-07-17 13:37:35,32,Working,11.1,5.0,1.2,0.0,64.2,64.2
2026-07-17 13:37:36,2,Talking,26.8,5.8,0.0,15.4,55.9,55.9
2026-07-17 13:37:36,32,Talking,11.7,5.0,1.2,0.0,65.4,65.4
2026-07-17 13:37:36,44,Talking,2.3,3.2,1.2,0.0,34.7,34.7
2026-07-17 13:37:36,46,Looking Away,0.0,0.6,0.0,0.0,0.0,0.0
2026-07-17 13:37:36,0,Working,17.8,5.2,0.0,25.6,36.6,36.6
2026-07-17 13:37:36,2,Working,26.8,5.8,0.0,16.0,55.2,55.2
2026-07-17 13:37:36,18,Looking Away,2.8,11.9,0.0,23.4,7.3,7.3
2026-07-17 13:37:36,32,Looking Away,11.7,5.0,1.2,0.6,63.5,63.5
2026-07-17 13:37:36,44,Working,2.3,3.2,1.2,0.6,32.1,32.1
2026-07-17 13:37:37,0,Talking,18.4,5.2,0.0,25.6,37.4,37.4
2026-07-17 13:37:37,2,Talking,27.5,5.8,0.0,16.0,55.8,55.8
2026-07-17 13:37:37,18,Talking,2.8,12.6,0.0,23.4,7.2,7.2
2026-07-17 13:37:37,20,Looking Away,34.9,0.0,0.0,0.0,100.0,100.0
2026-07-17 13:37:37,32,Talking,11.7,5.6,1.2,0.6,61.4,61.4
2026-07-17 13:37:37,47,Looking Away,0.0,0.6,0.0,0.0,0.0,0.0
2026-07-17 13:37:38,0,Working,18.4,5.2,0.0,26.2,36.9,36.9
2026-07-17 13:37:38,20,Working,34.9,0.6,0.0,0.0,98.3,98.3
2026-07-17 13:37:38,32,Looking Away,11.7,5.6,1.2,1.2,59.5,59.5
2026-07-17 13:37:38,46,Working,0.0,2.4,0.0,0.0,0.0,0.0
2026-07-17 13:37:38,2,Looking Away,27.5,5.8,0.0,17.1,54.5,54.5
2026-07-17 13:37:38,18,Working,2.8,12.6,0.0,24.6,7.0,7.0
2026-07-17 13:37:38,32,Working,11.7,6.2,1.2,1.2,57.8,57.8
2026-07-17 13:37:39,32,Looking Away,12.3,6.2,1.2,1.2,59.0,59.0
2026-07-17 13:37:40,2,Talking,27.5,7.4,0.0,17.1,52.8,52.8
2026-07-17 13:37:40,18,Talking,4.5,12.6,0.0,24.6,10.7,10.7
2026-07-17 13:37:41,0,Talking,21.2,5.2,0.0,26.2,40.3,40.3
2026-07-17 13:37:41,32,Talking,12.3,7.8,1.2,1.2,54.7,54.7
2026-07-17 13:37:41,40,Looking Away,18.2,0.0,0.0,0.0,100.0,100.0
2026-07-17 13:37:41,49,Looking Away,0.0,0.5,0.0,0.0,0.0,0.0
2026-07-17 13:37:41,50,Looking Away,0.0,0.5,0.0,0.0,0.0,0.0
2026-07-17 13:37:42,32,Working,12.3,7.8,1.2,2.2,52.2,52.2
2026-07-17 13:37:42,40,Working,18.2,1.1,0.0,0.0,94.4,94.4
2026-07-17 13:37:42,47,Working,0.0,5.1,0.0,0.0,0.0,0.0
2026-07-17 13:37:42,0,Working,21.2,5.2,0.0,27.8,39.1,39.1
2026-07-17 13:37:42,2,Looking Away,27.5,7.4,0.0,19.3,50.7,50.7
2026-07-17 13:37:42,40,Looking Away,18.7,1.1,0.0,0.0,94.6,94.6
2026-07-17 13:37:43,0,Talking,21.7,5.2,0.0,27.8,39.7,39.7
2026-07-17 13:37:43,2,Talking,27.5,8.0,0.0,19.3,50.2,50.2
2026-07-17 13:37:44,0,Working,21.7,5.2,0.0,28.7,39.0,39.0
2026-07-17 13:37:44,2,Looking Away,27.5,8.0,0.0,20.2,49.4,49.4
2026-07-17 13:37:44,0,Talking,22.1,5.2,0.0,28.7,39.5,39.5
2026-07-17 13:37:44,2,Talking,27.5,8.4,0.0,20.2,49.0,49.0
2026-07-17 13:37:44,40,Working,18.7,2.9,0.0,0.0,86.4,86.4
2026-07-17 13:37:44,52,Looking Away,0.0,0.4,0.0,0.0,0.0,0.0
2026-07-17 13:37:44,53,Working,0.0,0.5,0.0,0.0,0.0,0.0
2026-07-17 13:37:45,54,Looking Away,0.0,0.6,0.0,0.0,0.0,0.0
2026-07-17 13:37:46,50,Talking,0.0,5.4,0.0,0.0,0.0,0.0
2026-07-17 13:38:42,32,Talking,72.6,7.8,1.2,2.2,86.6,86.6
2026-07-17 13:38:42,52,Talking,0.0,58.4,0.0,0.0,0.0,0.0
2026-07-17 13:38:42,53,Talking,57.5,0.5,0.0,0.0,99.2,99.2
2026-07-17 13:38:42,32,No Laptop,72.6,7.8,1.2,2.8,86.0,86.0
2026-07-17 13:38:42,53,No Laptop,57.5,0.5,0.0,0.6,98.2,98.2
2026-07-17 13:38:43,0,Working,22.1,5.2,0.0,88.0,19.2,19.2
2026-07-17 13:38:43,2,Working,27.5,8.4,0.0,79.5,23.8,23.8
2026-07-17 13:38:43,50,Looking Away,0.0,5.4,0.0,57.4,0.0,0.0
2026-07-17 13:38:44,2,Talking,27.9,8.4,0.0,79.5,24.1,24.1
2026-07-17 13:38:44,50,Talking,0.0,5.8,0.0,57.4,0.0,0.0
2026-07-17 13:38:44,56,Looking Away,0.5,0.0,0.0,0.0,100.0,100.0
2026-07-17 13:38:45,0,Talking,23.4,5.2,0.0,88.0,20.1,20.1
2026-07-17 13:38:45,2,Working,27.9,8.4,0.0,80.8,23.8,23.8
2026-07-17 13:38:45,0,Working,23.4,5.2,0.0,88.8,20.0,20.0
2026-07-17 13:38:45,50,Looking Away,0.0,5.8,0.0,59.1,0.0,0.0
2026-07-17 13:38:46,0,Talking,23.9,5.2,0.0,88.8,20.3,20.3
2026-07-17 13:38:46,50,Talking,0.0,6.3,0.0,59.1,0.0,0.0
2026-07-17 13:38:46,56,Working,0.5,2.2,0.0,0.0,17.4,17.4
2026-07-17 13:38:46,57,Looking Away,0.9,0.0,0.0,0.0,100.0,100.0
2026-07-17 13:38:47,2,Talking,29.7,8.4,0.0,80.8,25.0,25.0
2026-07-17 13:38:47,2,Working,29.7,8.4,0.0,81.1,24.9,24.9
2026-07-17 13:38:48,2,Talking,30.5,8.4,0.0,81.1,25.4,25.4
2026-07-17 13:38:50,0,Working,23.9,5.2,0.0,92.5,19.7,19.7
2026-07-17 13:38:50,0,Talking,24.3,5.2,0.0,92.5,19.9,19.9
2026-07-17 13:38:50,58,Looking Away,3.2,0.0,0.0,0.0,100.0,100.0
2026-07-17 13:38:50,59,Looking Away,0.0,0.4,0.0,0.0,0.0,0.0
2026-07-17 13:38:51,0,Working,24.3,5.2,0.0,93.2,19.8,19.8
2026-07-17 13:38:51,58,Working,3.2,0.4,0.0,0.0,89.5,89.5
2026-07-17 13:38:51,59,Working,0.0,0.8,0.0,0.0,0.0,0.0
2026-07-17 13:38:51,0,Talking,24.7,5.2,0.0,93.2,20.0,20.0
2026-07-17 13:38:51,0,Working,24.7,5.2,0.0,93.6,20.0,20.0
2026-07-17 13:38:52,0,Talking,25.6,5.2,0.0,93.6,20.5,20.5
2026-07-17 13:38:52,50,Working,0.0,6.3,0.0,65.5,0.0,0.0
2026-07-17 13:38:52,59,Looking Away,1.6,0.8,0.0,0.0,68.0,68.0
2026-07-17 13:38:53,50,Talking,0.4,6.3,0.0,65.5,0.6,0.6
2026-07-17 13:38:54,0,Working,25.6,5.2,0.0,94.8,20.3,20.3
2026-07-17 13:38:54,61,Looking Away,2.1,0.0,0.0,0.0,100.0,100.0
2026-07-17 13:38:54,0,Talking,26.3,5.2,0.0,94.8,20.8,20.8
2026-07-17 13:38:55,61,Working,2.1,0.7,0.0,0.0,73.7,73.7
2026-07-17 13:38:55,0,Working,26.3,5.2,0.0,95.6,20.7,20.7
2026-07-17 13:38:55,0,Talking,26.7,5.2,0.0,95.6,20.9,20.9
2026-07-17 13:38:55,50,Working,0.4,6.3,0.0,68.2,0.6,0.6
2026-07-17 13:38:56,59,Working,1.6,4.3,0.0,0.0,27.3,27.3
2026-07-17 13:38:56,50,Talking,1.3,6.3,0.0,68.2,1.7,1.7
2026-07-17 13:38:57,50,Working,1.3,6.3,0.0,69.1,1.7,1.7
2026-07-17 13:38:58,0,Working,26.7,5.2,0.0,97.8,20.6,20.6
2026-07-17 13:38:58,2,Looking Away,30.5,8.4,0.0,90.8,23.5,23.5
2026-07-17 13:38:59,0,Talking,27.6,5.2,0.0,97.8,21.1,21.1
2026-07-17 13:38:59,2,Talking,30.5,9.3,0.0,90.8,23.3,23.3
2026-07-17 13:39:01,0,Working,27.6,5.2,0.0,100.3,20.7,20.7
2026-07-17 13:39:01,2,Looking Away,30.5,9.3,0.0,93.3,22.9,22.9
2026-07-17 13:39:01,59,Looking Away,6.8,4.3,0.0,0.0,60.9,60.9
2026-07-17 13:39:01,62,Looking Away,0.9,0.0,0.0,0.0,100.0,100.0
2026-07-17 13:39:01,59,Working,6.8,4.8,0.0,0.0,58.7,58.7
2026-07-17 13:39:04,0,Looking Away,30.6,5.2,0.0,100.3,22.5,22.5
2026-07-17 13:39:04,2,Working,30.5,12.3,0.0,93.3,22.4,22.4
2026-07-17 13:39:05,0,Working,30.6,5.7,0.0,100.3,22.4,22.4
2026-07-17 13:39:05,2,Looking Away,31.0,12.3,0.0,93.3,22.7,22.7
2026-07-17 13:39:05,59,Looking Away,9.9,4.8,0.0,0.0,67.6,67.6
2026-07-17 13:39:05,62,Working,0.9,3.5,0.0,0.0,19.7,19.7
2026-07-17 13:39:05,62,Looking Away,1.3,3.5,0.0,0.0,26.5,26.5
2026-07-17 13:39:06,62,Working,1.3,4.7,0.0,0.0,21.3,21.3
2026-07-17 13:39:07,2,Talking,31.0,14.3,0.0,93.3,22.4,22.4
2026-07-17 13:39:07,62,Talking,1.7,4.7,0.0,0.0,26.0,26.0
2026-07-17 13:39:07,59,Working,9.9,7.1,0.0,0.0,58.1,58.1
2026-07-17 13:39:07,2,Working,31.0,14.3,0.0,94.2,22.2,22.2
2026-07-17 13:39:07,62,Looking Away,1.7,4.7,0.0,0.9,22.9,22.9
2026-07-17 13:39:08,62,Working,1.7,5.1,0.0,0.9,21.7,21.7
2026-07-17 13:39:08,62,Looking Away,2.0,5.1,0.0,0.9,25.0,25.0
2026-07-17 13:39:09,62,Working,2.0,5.7,0.0,0.9,23.3,23.3
2026-07-17 13:39:09,2,Looking Away,32.8,14.3,0.0,94.2,23.2,23.2
2026-07-17 13:39:10,63,Looking Away,1.4,0.0,0.0,0.0,100.0,100.0
2026-07-17 13:39:10,63,Working,1.4,0.4,0.0,0.0,77.8,77.8
2026-07-17 13:39:10,2,Talking,32.8,15.5,0.0,94.2,23.0,23.0
2026-07-17 13:39:10,62,Talking,3.6,5.7,0.0,0.9,35.6,35.6
2026-07-17 13:39:11,0,Talking,36.9,5.7,0.0,100.3,25.8,25.8
2026-07-17 13:39:12,64,Working,0.0,0.5,0.0,0.0,0.0,0.0
2026-07-17 13:39:13,0,Looking Away,36.9,5.7,0.0,102.5,25.4,25.4
2026-07-17 13:39:13,62,Working,3.6,5.7,0.0,3.5,28.3,28.3
2026-07-17 13:39:14,0,Working,36.9,6.2,0.0,102.5,25.3,25.3
2026-07-17 13:39:14,62,Looking Away,4.2,5.7,0.0,3.5,31.1,31.1
2026-07-17 13:39:14,0,Talking,37.3,6.2,0.0,102.5,25.6,25.6
2026-07-17 13:39:14,62,Talking,4.2,6.2,0.0,3.5,30.0,30.0
2026-07-17 13:39:14,64,Looking Away,1.9,0.5,0.0,0.0,80.7,80.7
2026-07-17 13:39:15,64,Working,1.9,1.0,0.0,0.0,65.2,65.2
2026-07-17 13:39:15,0,Working,37.3,6.2,0.0,103.6,25.4,25.4
2026-07-17 13:39:15,62,Working,4.2,6.2,0.0,4.6,27.8,27.8
2026-07-17 13:39:16,62,Looking Away,4.7,6.2,0.0,4.6,30.1,30.1
2026-07-17 13:39:16,63,Looking Away,7.1,0.4,0.0,0.0,94.8,94.8
2026-07-17 13:39:16,65,Looking Away,1.6,0.0,0.0,0.0,100.0,100.0
2026-07-17 13:39:16,63,Working,7.1,0.8,0.0,0.0,90.1,90.1
2026-07-17 13:39:16,65,Working,1.6,0.4,0.0,0.0,80.8,80.8
2026-07-17 13:39:16,62,Working,4.7,7.0,0.0,4.6,28.6,28.6
2026-07-17 13:39:16,64,Looking Away,3.8,1.0,0.0,0.0,78.6,78.6
2026-07-17 13:39:16,65,No Laptop,2.1,0.4,0.0,0.0,84.3,84.3
2026-07-17 13:39:17,64,Working,3.8,1.7,0.0,0.0,69.6,69.6
2026-07-17 13:39:18,66,Working,0.0,0.4,0.0,0.0,0.0,0.0
2026-07-17 13:39:18,67,Working,0.0,0.4,0.0,0.0,0.0,0.0
2026-07-17 13:39:18,64,Looking Away,5.2,1.7,0.0,0.0,75.7,75.7
2026-07-17 13:39:19,66,Looking Away,1.1,0.4,0.0,0.0,72.0,72.0
2026-07-17 13:39:19,69,Looking Away,0.0,0.4,0.0,0.0,0.0,0.0
2026-07-17 13:39:19,64,Working,5.2,2.5,0.0,0.0,67.9,67.9
2026-07-17 13:39:20,64,Looking Away,5.6,2.5,0.0,0.0,69.4,69.4
2026-07-17 13:39:20,67,Looking Away,1.9,0.4,0.0,0.0,81.5,81.5
2026-07-17 13:39:20,67,Working,1.9,1.0,0.0,0.0,66.4,66.4
2026-07-17 13:39:20,68,Looking Away,1.7,0.0,0.0,0.0,100.0,100.0
2026-07-17 13:39:20,70,Working,0.0,0.5,0.0,0.0,0.0,0.0
2026-07-17 13:39:21,68,Working,1.7,0.5,0.0,0.0,78.4,78.4
2026-07-17 13:39:21,71,Looking Away,0.0,0.5,0.0,0.0,0.0,0.0
2026-07-17 13:39:21,70,Looking Away,0.9,0.5,0.0,0.0,63.9,63.9
2026-07-17 13:39:22,70,Working,0.9,1.5,0.0,0.0,38.7,38.7
2026-07-17 13:39:23,70,Looking Away,1.4,1.5,0.0,0.0,48.0,48.0
2026-07-17 13:39:23,71,Working,0.0,2.3,0.0,0.0,0.0,0.0
2026-07-17 13:39:23,66,Talking,1.1,4.6,0.0,0.0,19.4,19.4
2026-07-17 13:39:23,67,Talking,4.8,1.0,0.0,0.0,83.2,83.2
2026-07-17 13:39:23,67,Looking Away,4.8,1.0,0.0,0.4,78.4,78.4
2026-07-17 13:39:24,64,Working,5.6,6.6,0.0,0.0,45.9,45.9
2026-07-17 13:39:24,72,No Laptop,0.0,0.4,0.0,0.0,0.0,0.0
2026-07-17 13:39:24,64,Looking Away,5.9,6.6,0.0,0.0,47.3,47.3
2026-07-17 13:39:24,67,Working,4.8,1.7,0.0,0.4,70.3,70.3
2026-07-17 13:39:24,73,Looking Away,0.7,0.0,0.0,0.0,100.0,100.0
2026-07-17 13:39:25,67,Looking Away,5.2,1.7,0.0,0.4,72.2,72.2
2026-07-17 13:39:25,68,Looking Away,5.7,0.5,0.0,0.0,92.2,92.2
2026-07-17 13:39:25,73,Working,0.7,0.5,0.0,0.0,60.1,60.1
2026-07-17 13:39:25,67,Working,5.2,2.0,0.0,0.4,68.8,68.8
2026-07-17 13:39:25,67,Looking Away,5.7,2.0,0.0,0.4,70.4,70.4
2026-07-17 13:39:25,74,Working,0.0,0.4,0.0,0.0,0.0,0.0
2026-07-17 13:39:26,64,Working,5.9,8.3,0.0,0.0,41.7,41.7
2026-07-17 13:39:26,68,Working,5.7,2.0,0.0,0.0,73.4,73.4
2026-07-17 13:39:29,74,Looking Away,3.2,0.4,0.0,0.0,88.3,88.3
2026-07-17 13:39:29,74,Working,3.2,1.1,0.0,0.0,73.9,73.9
2026-07-17 13:39:30,68,No Laptop,9.1,2.0,0.0,0.0,81.6,81.6
2026-07-17 13:39:30,74,No Laptop,3.5,1.1,0.0,0.0,76.1,76.1
2026-07-17 13:39:30,75,No Laptop,0.4,0.0,0.0,0.0,100.0,100.0
2026-07-17 13:39:30,76,No Laptop,0.4,0.0,0.0,0.0,100.0,100.0
2026-07-17 13:39:30,68,Working,9.1,2.4,0.0,0.0,79.1,79.1
2026-07-17 13:39:30,74,Looking Away,3.5,1.5,0.0,0.0,70.7,70.7
2026-07-17 13:39:30,75,Working,0.4,0.4,0.0,0.0,51.8,51.8
2026-07-17 13:39:30,76,Working,0.4,0.4,0.0,0.0,51.8,51.8
2026-07-17 13:39:32,75,Looking Away,2.1,0.4,0.0,0.0,85.4,85.4
2026-07-17 13:39:33,68,No Laptop,11.7,2.4,0.0,0.0,83.0,83.0
2026-07-17 13:39:33,75,No Laptop,2.1,1.3,0.0,0.0,61.8,61.8
2026-07-17 13:39:33,76,No Laptop,3.0,0.4,0.0,0.0,89.4,89.4
2026-07-17 13:39:34,78,No Laptop,0.0,0.4,0.0,0.0,0.0,0.0
2026-07-17 13:39:35,75,Talking,2.1,3.5,0.0,0.0,37.1,37.1
2026-07-17 13:39:35,76,Talking,3.0,2.6,0.0,0.0,53.7,53.7
2026-07-17 13:39:36,79,No Laptop,0.0,0.5,0.0,0.0,0.0,0.0
2026-07-17 13:39:36,80,No Laptop,0.0,0.5,0.0,0.0,0.0,0.0
2026-07-17 13:39:37,76,No Laptop,3.0,2.6,0.0,2.4,37.5,37.5
2026-07-17 13:39:38,81,No Laptop,0.0,0.6,0.0,0.0,0.0,0.0
2026-07-17 13:39:39,82,No Laptop,0.0,0.5,0.0,0.0,0.0,0.0
2026-07-17 13:39:42,76,Working,3.0,7.4,0.0,2.4,23.5,23.5
2026-07-17 13:39:42,79,Working,0.0,6.9,0.0,0.0,0.0,0.0
2026-07-17 13:39:42,81,Working,0.0,4.8,0.0,0.0,0.0,0.0
2026-07-17 13:39:43,76,Talking,3.8,7.4,0.0,2.4,28.0,28.0
2026-07-17 13:39:43,79,Talking,0.8,6.9,0.0,0.0,10.3,10.3
2026-07-17 13:39:43,81,Talking,0.8,4.8,0.0,0.0,14.3,14.3
2026-07-17 13:39:43,83,No Laptop,0.8,0.0,0.0,0.0,100.0,100.0
2026-07-17 13:39:43,76,Working,3.8,7.4,0.0,2.8,27.2,27.2
2026-07-17 13:39:43,79,No Laptop,0.8,6.9,0.0,0.4,9.8,9.8
2026-07-17 13:39:43,81,Working,0.8,4.8,0.0,0.4,13.4,13.4
2026-07-17 13:39:44,84,No Laptop,0.0,0.4,0.0,0.0,0.0,0.0
2026-07-17 13:39:45,84,Working,0.0,0.8,0.0,0.0,0.0,0.0
2026-07-17 13:39:46,86,Looking Away,0.3,0.0,0.0,0.0,100.0,100.0
2026-07-17 13:39:46,86,Working,0.3,0.3,0.0,0.0,50.9,50.9
2026-07-17 13:39:47,87,Looking Away,0.0,0.5,0.0,0.0,0.0,0.0
2026-07-17 13:39:48,86,Looking Away,2.3,0.3,0.0,0.0,88.2,88.2
2026-07-17 13:39:49,79,Working,0.8,12.4,0.0,0.4,5.9,5.9
2026-07-17 13:39:49,86,Working,2.3,0.8,0.0,0.0,73.3,73.3
2026-07-17 13:39:50,86,Looking Away,3.3,0.8,0.0,0.0,80.1,80.1
2026-07-17 13:39:50,86,Working,3.3,1.3,0.0,0.0,71.5,71.5
2026-07-17 13:39:53,87,Working,0.0,6.4,0.0,0.0,0.0,0.0
2026-07-17 13:39:53,87,Looking Away,0.7,6.4,0.0,0.0,9.4,9.4
2026-07-17 13:39:54,86,Looking Away,7.4,1.3,0.0,0.0,84.8,84.8
2026-07-17 13:39:55,87,Working,0.7,8.0,0.0,0.0,7.7,7.7
2026-07-17 13:39:55,90,No Laptop,0.0,0.6,0.0,0.0,0.0,0.0
2026-07-17 13:39:55,86,Working,7.4,2.3,0.0,0.0,76.1,76.1
2026-07-17 13:39:55,90,Looking Away,0.0,1.0,0.0,0.0,0.0,0.0
2026-07-17 13:39:56,90,No Laptop,0.0,1.8,0.0,0.0,0.0,0.0
2026-07-17 13:39:57,90,Looking Away,0.0,3.0,0.0,0.0,0.0,0.0
2026-07-17 13:39:58,90,No Laptop,0.0,3.3,0.0,0.0,0.0,0.0
2026-07-17 13:39:59,92,Looking Away,0.0,0.4,0.0,0.0,0.0,0.0
2026-07-17 13:40:01,92,Working,0.0,1.9,0.0,0.0,0.0,0.0
2026-07-17 13:40:01,86,Looking Away,13.3,2.3,0.0,0.0,85.2,85.2
2026-07-17 13:40:01,92,Looking Away,0.4,1.9,0.0,0.0,16.2,16.2
2026-07-17 13:40:02,92,Working,0.4,2.3,0.0,0.0,13.9,13.9
2026-07-17 13:40:02,86,Working,13.3,3.0,0.0,0.0,81.5,81.5
2026-07-17 13:40:02,90,Looking Away,0.0,7.6,0.0,0.0,0.0,0.0
2026-07-17 13:40:02,92,Looking Away,0.7,2.3,0.0,0.0,23.7,23.7
2026-07-17 13:40:02,90,Working,0.0,8.0,0.0,0.0,0.0,0.0
2026-07-17 13:40:03,90,Looking Away,0.4,8.0,0.0,0.0,4.9,4.9
2026-07-17 13:40:03,90,Working,0.4,8.5,0.0,0.0,4.7,4.7
2026-07-17 13:40:07,92,Working,0.7,7.3,0.0,0.0,9.0,9.0
2026-07-17 13:41:24,85,No Laptop,99.0,0.0,0.0,0.0,100.0,100.0
2026-07-17 13:41:24,91,No Laptop,86.5,0.0,0.0,0.0,100.0,100.0
2026-07-17 13:41:24,92,No Laptop,77.6,7.3,0.0,0.0,91.4,91.4
2026-07-17 13:41:25,95,No Laptop,0.0,1.1,0.0,0.0,0.0,0.0
2026-07-17 13:41:28,85,Working,99.0,3.7,0.0,0.0,96.4,96.4
2026-07-17 13:41:28,91,Working,86.5,3.7,0.0,0.0,95.9,95.9
2026-07-17 13:41:28,92,Working,77.6,11.0,0.0,0.0,87.6,87.6
2026-07-17 13:41:28,95,Looking Away,0.0,3.7,0.0,0.0,0.0,0.0
2026-07-17 13:41:30,85,Talking,101.5,3.7,0.0,0.0,96.5,96.5
2026-07-17 13:41:30,91,Talking,88.9,3.7,0.0,0.0,96.0,96.0
2026-07-17 13:41:30,92,Talking,80.1,11.0,0.0,0.0,87.9,87.9
2026-07-17 13:41:30,95,Talking,0.0,6.1,0.0,0.0,0.0,0.0
2026-07-17 13:41:31,85,Working,101.5,3.7,0.0,1.2,95.4,95.4
2026-07-17 13:41:31,92,Working,80.1,11.0,0.0,1.2,86.8,86.8
2026-07-17 13:41:32,85,Talking,102.8,3.7,0.0,1.2,95.5,95.5
2026-07-17 13:41:32,91,Working,88.9,3.7,0.0,2.5,93.5,93.5
2026-07-17 13:41:34,85,Looking Away,102.8,3.7,0.0,2.4,94.4,94.4
2026-07-17 13:41:34,91,Looking Away,90.2,3.7,0.0,2.5,93.6,93.6
2026-07-17 13:41:34,95,Working,0.0,6.1,0.0,3.8,0.0,0.0
2026-07-17 13:41:35,85,Working,102.8,5.0,0.0,2.4,93.3,93.3
2026-07-17 13:41:36,85,Talking,103.8,5.0,0.0,2.4,93.3,93.3
2026-07-17 13:41:36,91,Talking,90.2,6.0,0.0,2.5,91.4,91.4
2026-07-17 13:41:36,95,Talking,2.3,6.1,0.0,3.8,18.9,18.9
2026-07-17 13:41:39,95,Working,2.3,6.1,0.0,7.2,14.7,14.7
2026-07-17 13:41:41,85,Working,103.8,5.0,0.0,7.2,89.5,89.5
2026-07-17 13:41:41,91,Looking Away,90.2,6.0,0.0,7.2,87.2,87.2
2026-07-17 13:41:42,91,Talking,90.2,7.3,0.0,7.2,86.2,86.2
2026-07-17 13:41:42,95,Talking,4.8,6.1,0.0,7.2,26.4,26.4
2026-07-17 13:41:43,85,Looking Away,106.1,5.0,0.0,7.2,89.7,89.7
2026-07-17 13:41:43,92,Talking,92.0,11.0,0.0,1.2,88.3,88.3
2026-07-17 13:41:43,95,Working,4.8,6.1,0.0,8.3,25.0,25.0
2026-07-17 13:41:44,85,Talking,106.1,6.1,0.0,7.2,88.9,88.9
2026-07-17 13:41:44,91,Working,90.2,7.3,0.0,9.4,84.4,84.4
2026-07-17 13:41:44,95,Talking,5.9,6.1,0.0,8.3,29.0,29.0
2026-07-17 13:41:45,85,Working,106.1,6.1,0.0,8.3,88.0,88.0
2026-07-17 13:41:46,85,Talking,107.1,6.1,0.0,8.3,88.1,88.1
2026-07-17 13:41:48,85,Working,107.1,6.1,0.0,9.7,87.2,87.2
2026-07-17 13:41:48,92,Working,92.0,11.0,0.0,5.8,84.6,84.6
2026-07-17 13:41:48,95,Looking Away,5.9,6.1,0.0,11.9,24.7,24.7
2026-07-17 13:41:49,85,Talking,108.6,6.1,0.0,9.7,87.3,87.3
2026-07-17 13:41:49,92,Talking,93.5,11.0,0.0,5.8,84.8,84.8
2026-07-17 13:41:49,95,Talking,5.9,7.6,0.0,11.9,23.2,23.2
2026-07-17 13:41:50,85,Working,108.6,6.1,0.0,10.8,86.5,86.5
2026-07-17 13:41:53,92,Working,93.5,11.0,0.0,9.4,82.1,82.1
2026-07-17 13:41:53,95,Looking Away,5.9,7.6,0.0,15.5,20.3,20.3
2026-07-17 13:41:54,92,Talking,94.9,11.0,0.0,9.4,82.3,82.3
2026-07-17 13:41:54,95,Talking,5.9,9.1,0.0,15.5,19.4,19.4
2026-07-17 13:41:55,91,Talking,101.4,7.3,0.0,9.4,85.9,85.9
2026-07-17 13:41:55,95,Working,5.9,9.1,0.0,16.6,18.7,18.7
2026-07-17 13:41:57,91,Working,101.4,7.3,0.0,10.7,85.0,85.0
2026-07-17 13:41:57,95,Talking,7.2,9.1,0.0,16.6,21.9,21.9
2026-07-17 13:41:58,91,Talking,102.5,7.3,0.0,10.7,85.1,85.1
2026-07-17 13:41:59,91,Working,102.5,7.3,0.0,11.7,84.4,84.4
2026-07-17 13:41:59,92,Working,94.9,11.0,0.0,14.0,79.2,79.2
2026-07-17 13:41:59,95,Looking Away,7.2,9.1,0.0,18.7,20.6,20.6
2026-07-17 13:42:00,91,Talking,103.6,7.3,0.0,11.7,84.5,84.5
2026-07-17 13:42:00,92,Talking,96.0,11.0,0.0,14.0,79.4,79.4
2026-07-17 13:42:00,95,Talking,7.2,10.2,0.0,18.7,20.0,20.0
2026-07-17 13:42:01,91,Working,103.6,7.3,0.0,12.7,83.8,83.8
2026-07-17 13:42:01,92,Working,96.0,11.0,0.0,15.0,78.7,78.7
2026-07-17 13:42:01,95,Looking Away,7.2,10.2,0.0,19.7,19.4,19.4
2026-07-17 13:42:02,92,Talking,97.1,11.0,0.0,15.0,78.9,78.9
2026-07-17 13:42:02,95,Talking,7.2,11.2,0.0,19.7,18.9,18.9
2026-07-17 13:42:07,92,Working,97.1,11.0,0.0,19.6,76.0,76.0
2026-07-17 13:42:07,95,Working,7.2,11.2,0.0,24.4,16.8,16.8
2026-07-17 13:42:08,92,Looking Away,98.1,11.0,0.0,19.6,76.2,76.2
2026-07-17 13:42:09,92,Talking,98.1,11.9,0.0,19.6,75.6,75.6
2026-07-17 13:42:09,95,Talking,9.1,11.2,0.0,24.4,20.4,20.4
2026-07-17 13:42:11,92,Looking Away,98.1,11.9,0.0,22.6,73.9,73.9
2026-07-17 13:42:11,95,Working,9.1,11.2,0.0,27.3,19.1,19.1
2026-07-17 13:42:13,85,Talking,130.9,6.1,0.0,10.8,88.6,88.6
2026-07-17 13:42:13,92,Talking,98.1,13.0,0.0,22.6,73.3,73.3
2026-07-17 13:42:13,95,Talking,10.2,11.2,0.0,27.3,21.0,21.0
2026-07-17 13:42:14,85,Working,130.9,6.1,0.0,12.0,87.9,87.9
2026-07-17 13:42:15,92,Working,98.1,13.0,0.0,24.8,72.2,72.2
2026-07-17 13:42:15,95,Looking Away,10.2,11.2,0.0,29.5,20.0,20.0
2026-07-17 13:42:16,92,Talking,99.0,13.0,0.0,24.8,72.3,72.3
2026-07-17 13:42:16,95,Talking,10.2,12.2,0.0,29.5,19.7,19.7
2026-07-17 13:42:17,92,Looking Away,99.0,13.0,0.0,25.8,71.8,71.8
2026-07-17 13:42:17,95,Working,10.2,12.2,0.0,30.6,19.3,19.3
2026-07-17 13:42:18,92,Talking,99.0,14.0,0.0,25.8,71.3,71.3
2026-07-17 13:42:18,95,Talking,11.2,12.2,0.0,30.6,20.8,20.8
2026-07-17 13:42:19,91,Talking,121.5,7.3,0.0,12.7,85.9,85.9
2026-07-17 13:42:20,91,Working,121.5,7.3,0.0,13.8,85.2,85.2
2026-07-17 13:42:24,92,Working,99.0,14.0,0.0,31.7,68.4,68.4
2026-07-17 13:42:24,95,Looking Away,11.2,12.2,0.0,36.5,18.7,18.7
2026-07-17 13:42:25,92,Talking,100.1,14.0,0.0,31.7,68.6,68.6
2026-07-17 13:42:25,95,Talking,11.2,13.3,0.0,36.5,18.4,18.4
2026-07-17 13:42:26,92,Looking Away,100.1,14.0,0.0,32.7,68.2,68.2
2026-07-17 13:42:26,95,Working,11.2,13.3,0.0,37.5,18.1,18.1
2026-07-17 13:42:28,92,Talking,100.1,15.9,0.0,32.7,67.3,67.3
2026-07-17 13:42:28,95,Talking,13.1,13.3,0.0,37.5,20.5,20.5
2026-07-17 13:42:29,92,Looking Away,100.1,15.9,0.0,33.8,66.8,66.8
2026-07-17 13:42:29,95,Working,13.1,13.3,0.0,38.5,20.2,20.2
2026-07-17 13:42:31,91,Talking,133.1,7.3,0.0,13.8,86.3,86.3
2026-07-17 13:42:31,92,Talking,100.1,18.7,0.0,33.8,65.6,65.6
2026-07-17 13:42:34,92,Working,100.1,18.7,0.0,35.9,64.7,64.7
2026-07-17 13:42:34,95,Talking,18.0,13.3,0.0,38.5,25.8,25.8
2026-07-17 13:42:35,91,Working,133.1,7.3,0.0,17.0,84.6,84.6
2026-07-17 13:42:35,92,Talking,101.2,18.7,0.0,35.9,65.0,65.0
2026-07-17 13:42:36,92,Looking Away,101.2,18.7,0.0,36.9,64.6,64.6
2026-07-17 13:42:36,95,Working,18.0,13.3,0.0,40.6,25.0,25.0
2026-07-17 13:42:37,91,Talking,135.1,7.3,0.0,17.0,84.8,84.8
2026-07-17 13:42:37,92,Working,101.2,19.7,0.0,36.9,64.1,64.1
2026-07-17 13:42:37,95,Talking,19.0,13.3,0.0,40.6,26.1,26.1
2026-07-17 13:42:38,91,Working,135.1,7.3,0.0,18.4,84.0,84.0
2026-07-17 13:42:38,95,Looking Away,19.0,13.3,0.0,42.0,25.6,25.6
2026-07-17 13:42:43,91,Talking,140.1,7.3,0.0,18.4,84.5,84.5
2026-07-17 13:42:43,95,Talking,19.0,18.3,0.0,42.0,24.0,24.0
2026-07-17 13:42:43,97,Looking Away,1.3,0.0,0.0,0.0,100.0,100.0
2026-07-17 13:42:44,91,Working,140.1,7.3,0.0,19.6,83.9,83.9
2026-07-17 13:42:44,95,Working,19.0,18.3,0.0,43.1,23.6,23.6
2026-07-17 13:42:45,91,Talking,140.5,7.3,0.0,19.6,84.0,84.0
2026-07-17 13:42:45,95,Talking,19.4,18.3,0.0,43.1,24.0,24.0
2026-07-17 13:42:45,97,Working,1.3,1.6,0.0,0.0,44.5,44.5
2026-07-17 13:42:45,98,No Laptop,0.0,0.4,0.0,0.0,0.0,0.0
2026-07-17 13:42:45,97,Looking Away,1.6,1.6,0.0,0.0,51.0,51.0
2026-07-17 13:42:45,98,Looking Away,0.0,0.8,0.0,0.0,0.0,0.0
2026-07-17 13:42:45,91,Working,140.5,7.3,0.0,20.3,83.6,83.6
2026-07-17 13:42:45,95,Looking Away,19.4,18.3,0.0,43.9,23.8,23.8
2026-07-17 13:42:45,97,Working,1.6,1.9,0.0,0.0,46.0,46.0
2026-07-17 13:42:46,91,Talking,140.9,7.3,0.0,20.3,83.6,83.6
2026-07-17 13:42:46,95,Talking,19.4,18.6,0.0,43.9,23.7,23.7
2026-07-17 13:42:46,97,Looking Away,2.0,1.9,0.0,0.0,51.2,51.2
2026-07-17 13:42:46,97,Working,2.0,2.3,0.0,0.0,46.5,46.5
2026-07-17 13:42:47,97,Looking Away,2.8,2.3,0.0,0.0,54.8,54.8
2026-07-17 13:42:48,97,Talking,2.8,3.5,0.0,0.0,45.1,45.1
2026-07-17 13:42:48,91,Working,140.9,7.3,0.0,23.0,82.3,82.3
2026-07-17 13:42:49,95,Looking Away,19.4,18.6,0.0,47.0,22.9,22.9
2026-07-17 13:42:49,97,Working,2.8,3.5,0.0,0.8,40.2,40.2
2026-07-17 13:42:50,95,Talking,19.4,19.6,0.0,47.0,22.6,22.6
2026-07-17 13:42:50,98,Talking,0.0,5.6,0.0,0.0,0.0,0.0
2026-07-17 13:42:53,95,Looking Away,19.4,19.6,0.0,50.4,21.7,21.7
2026-07-17 13:42:53,98,Working,0.0,5.6,0.0,3.5,0.0,0.0
2026-07-17 13:42:56,95,Working,19.4,22.4,0.0,50.4,21.1,21.1
2026-07-17 13:42:59,91,Talking,151.5,7.3,0.0,23.0,83.4,83.4
2026-07-17 13:42:59,95,Talking,22.3,22.4,0.0,50.4,23.5,23.5
2026-07-17 13:42:59,97,Talking,13.0,3.5,0.0,0.8,75.5,75.5
2026-07-17 13:43:00,95,Working,22.3,22.4,0.0,51.6,23.2,23.2
2026-07-17 13:43:01,95,Talking,23.6,22.4,0.0,51.6,24.1,24.1
2026-07-17 13:43:03,97,Working,13.0,3.5,0.0,4.3,62.5,62.5
2026-07-17 13:43:04,95,Working,23.6,22.4,0.0,54.0,23.6,23.6
2026-07-17 13:43:04,97,Talking,14.2,3.5,0.0,4.3,64.6,64.6
2026-07-17 13:43:05,95,Talking,24.6,22.4,0.0,54.0,24.4,24.4
2026-07-17 13:43:05,97,Working,14.2,3.5,0.0,5.4,61.7,61.7
2026-07-17 13:43:06,97,Talking,15.5,3.5,0.0,5.4,63.6,63.6
2026-07-17 13:43:07,97,Working,15.5,3.5,0.0,6.5,60.9,60.9
2026-07-17 13:43:07,98,Talking,13.9,5.6,0.0,3.5,60.4,60.4
2026-07-17 13:43:08,91,Working,151.5,7.3,0.0,32.4,79.3,79.3
2026-07-17 13:43:09,91,Talking,152.5,7.3,0.0,32.4,79.4,79.4
2026-07-17 13:43:09,98,Working,13.9,5.6,0.0,5.7,55.1,55.1
2026-07-17 13:43:11,97,Talking,18.9,3.5,0.0,6.5,65.5,65.5
2026-07-17 13:43:13,98,Talking,17.4,5.6,0.0,5.7,60.6,60.6
2026-07-17 13:43:13,98,Working,17.4,5.6,0.0,6.2,59.4,59.4
2026-07-17 13:43:14,91,Working,152.5,7.3,0.0,36.9,77.5,77.5
2026-07-17 13:43:14,91,Talking,152.9,7.3,0.0,36.9,77.6,77.6
2026-07-17 13:43:14,95,Working,24.6,22.4,0.0,63.6,22.3,22.3
2026-07-17 13:43:14,98,Talking,18.4,5.6,0.0,6.2,60.8,60.8
2026-07-17 13:43:15,95,Talking,25.1,22.4,0.0,63.6,22.6,22.6
2026-07-17 13:43:15,97,Working,18.9,3.5,0.0,10.7,57.1,57.1
2026-07-17 13:43:15,98,Working,18.4,5.6,0.0,6.7,59.9,59.9
2026-07-17 13:43:16,95,Working,25.1,22.4,0.0,64.7,22.3,22.3
2026-07-17 13:43:16,97,Talking,20.0,3.5,0.0,10.7,58.5,58.5
2026-07-17 13:43:17,91,Working,152.9,7.3,0.0,39.5,76.6,76.6
2026-07-17 13:43:17,97,Looking Away,20.0,3.5,0.0,11.8,56.8,56.8
2026-07-17 13:43:17,98,Looking Away,20.5,5.6,0.0,6.7,62.5,62.5
2026-07-17 13:43:18,91,Talking,153.9,7.3,0.0,39.5,76.7,76.7
2026-07-17 13:43:18,95,Talking,27.1,22.4,0.0,64.7,23.7,23.7
2026-07-17 13:43:18,97,Talking,20.0,4.4,0.0,11.8,55.2,55.2
2026-07-17 13:43:18,98,Working,20.5,6.6,0.0,6.7,60.7,60.7
2026-07-17 13:43:19,91,Working,153.9,7.3,0.0,40.7,76.2,76.2
2026-07-17 13:43:19,98,Talking,21.7,6.6,0.0,6.7,62.0,62.0
2026-07-17 13:43:20,91,Talking,155.0,7.3,0.0,40.7,76.4,76.4
2026-07-17 13:43:23,95,Working,27.1,22.4,0.0,69.2,22.8,22.8
2026-07-17 13:43:24,95,Talking,28.2,22.4,0.0,69.2,23.5,23.5
2026-07-17 13:43:25,99,Looking Away,0.0,1.1,0.0,0.0,0.0,0.0
2026-07-17 13:43:28,98,Working,21.7,6.6,0.0,15.5,49.5,49.5
2026-07-17 13:43:29,95,Working,28.2,22.4,0.0,75.1,22.4,22.4
2026-07-17 13:43:29,99,Talking,0.0,5.9,0.0,0.0,0.0,0.0
2026-07-17 13:43:31,91,Working,155.0,7.3,0.0,51.3,72.6,72.6
2026-07-17 13:43:31,95,Talking,29.6,22.4,0.0,75.1,23.3,23.3
2026-07-17 13:43:35,91,Talking,159.1,7.3,0.0,51.3,73.1,73.1
2026-07-17 13:43:35,98,Talking,28.6,6.6,0.0,15.5,56.4,56.4
2026-07-17 13:43:37,91,Working,159.1,7.3,0.0,53.0,72.5,72.5
2026-07-17 13:43:37,91,Talking,159.7,7.3,0.0,53.0,72.6,72.6
2026-07-17 13:43:40,99,Looking Away,0.0,5.9,0.0,10.1,0.0,0.0
2026-07-17 13:43:41,101,Looking Away,0.0,1.0,0.0,0.0,0.0,0.0
2026-07-17 13:43:42,102,Looking Away,0.0,1.3,0.0,0.0,0.0,0.0
2026-07-17 13:43:42,100,No Laptop,4.4,0.0,0.0,0.0,100.0,100.0
2026-07-17 13:43:43,100,Working,4.4,0.8,0.0,0.0,85.2,85.2
2026-07-17 13:43:43,101,Working,0.0,3.7,0.0,0.0,0.0,0.0
2026-07-17 13:43:47,101,Looking Away,3.8,3.7,0.0,0.0,50.8,50.8
2026-07-17 13:43:47,104,Looking Away,2.4,0.0,0.0,0.0,100.0,100.0
2026-07-17 13:43:47,105,Looking Away,0.0,0.9,0.0,0.0,0.0,0.0
2026-07-17 13:43:49,103,Looking Away,6.6,0.0,0.0,0.0,100.0,100.0
2026-07-17 13:43:49,104,Working,2.4,2.0,0.0,0.0,54.5,54.5
2026-07-17 13:43:50,104,Looking Away,3.2,2.0,0.0,0.0,61.4,61.4
2026-07-17 13:43:51,103,Working,6.6,1.7,0.0,0.0,79.2,79.2
2026-07-17 13:43:52,101,Working,3.8,8.6,0.0,0.0,30.5,30.5
2026-07-17 13:43:54,105,Working,0.0,8.3,0.0,0.0,0.0,0.0
2026-07-17 13:43:56,105,Looking Away,1.1,8.3,0.0,0.0,11.3,11.3
2026-07-17 13:43:59,101,Talking,10.4,8.6,0.0,0.0,54.8,54.8
2026-07-17 13:43:59,105,Talking,1.1,11.5,0.0,0.0,8.5,8.5
2026-07-17 13:43:59,107,Looking Away,6.0,0.0,0.0,0.0,100.0,100.0
2026-07-17 13:44:01,101,Looking Away,10.4,8.6,0.0,1.9,49.8,49.8
2026-07-17 13:44:01,105,Working,1.1,11.5,0.0,1.9,7.3,7.3
2026-07-17 13:44:01,107,Working,6.0,1.1,0.0,0.0,84.5,84.5
2026-07-17 13:44:04,101,Working,10.4,12.1,0.0,1.9,42.7,42.7
2026-07-17 13:44:04,105,Looking Away,4.5,11.5,0.0,1.9,25.4,25.4
2026-07-17 13:44:04,108,Looking Away,0.0,1.2,0.0,0.0,0.0,0.0
2026-07-17 13:44:06,106,Looking Away,13.5,0.0,0.0,0.0,100.0,100.0
2026-07-17 13:44:07,106,Working,13.5,1.1,0.0,0.0,92.8,92.8
2026-07-17 13:44:08,105,Working,4.5,15.8,0.0,1.9,20.5,20.5
2026-07-17 13:44:10,105,Looking Away,6.1,15.8,0.0,1.9,25.7,25.7
2026-07-17 13:44:11,101,Talking,17.4,12.1,0.0,1.9,55.4,55.4
2026-07-17 13:44:11,105,Talking,6.1,16.9,0.0,1.9,24.6,24.6
2026-07-17 13:44:12,101,Working,17.4,12.1,0.0,3.1,53.4,53.4
2026-07-17 13:44:12,103,Talking,28.0,1.7,0.0,0.0,94.2,94.2
2026-07-17 13:44:13,101,Talking,18.6,12.1,0.0,3.1,55.1,55.1
2026-07-17 13:44:13,106,Talking,19.7,1.1,0.0,0.0,94.9,94.9
2026-07-17 13:44:14,106,Working,19.7,1.1,0.0,1.0,90.5,90.5
2026-07-17 13:44:16,101,Working,18.6,12.1,0.0,5.5,51.4,51.4
2026-07-17 13:44:16,103,Looking Away,28.0,1.7,0.0,3.6,84.0,84.0
2026-07-17 13:44:16,105,Working,6.1,16.9,0.0,6.7,20.6,20.6
2026-07-17 13:44:16,106,Looking Away,21.1,1.1,0.0,1.0,91.1,91.1
2026-07-17 13:44:17,103,Talking,28.0,2.9,0.0,3.6,81.0,81.0
2026-07-17 13:44:17,105,Talking,7.3,16.9,0.0,6.7,23.7,23.7
2026-07-17 13:44:17,106,Working,21.1,2.3,0.0,1.0,86.5,86.5
2026-07-17 13:44:22,103,Looking Away,28.0,2.9,0.0,8.3,71.4,71.4
2026-07-17 13:44:22,105,Working,7.3,16.9,0.0,11.4,20.6,20.6
2026-07-17 13:44:23,103,Talking,28.0,3.8,0.0,8.3,70.0,70.0
2026-07-17 13:44:23,105,Talking,8.2,16.9,0.0,11.4,22.4,22.4
2026-07-17 13:44:25,113,Looking Away,0.0,0.7,0.0,0.0,0.0,0.0
2026-07-17 13:44:26,114,No Laptop,1.7,0.0,0.0,0.0,100.0,100.0
2026-07-17 13:44:27,106,Looking Away,31.2,2.3,0.0,1.0,90.5,90.5
2026-07-17 13:44:28,106,Working,31.2,3.2,0.0,1.0,88.2,88.2
2026-07-17 13:44:28,113,Working,0.0,4.2,0.0,0.0,0.0,0.0
2026-07-17 13:44:28,115,Looking Away,0.0,0.9,0.0,0.0,0.0,0.0
2026-07-17 13:44:29,106,Looking Away,32.3,3.2,0.0,1.0,88.6,88.6
2026-07-17 13:44:29,113,Looking Away,1.1,4.2,0.0,0.0,21.3,21.3
2026-07-17 13:44:29,115,Working,0.0,2.0,0.0,0.0,0.0,0.0
2026-07-17 13:44:30,114,Working,1.7,3.9,0.0,0.0,30.3,30.3
2026-07-17 13:44:30,115,Looking Away,1.0,2.0,0.0,0.0,33.1,33.1
2026-07-17 13:44:31,106,Working,32.3,4.9,0.0,1.0,84.5,84.5
2026-07-17 13:44:32,114,No Laptop,3.3,3.9,0.0,0.0,46.1,46.1
2026-07-17 13:44:32,117,Looking Away,0.0,0.9,0.0,0.0,0.0,0.0
2026-07-17 13:44:33,114,Working,3.3,4.8,0.0,0.0,41.0,41.0
2026-07-17 13:44:35,119,Looking Away,0.0,1.3,0.0,0.0,0.0,0.0
2026-07-17 13:44:39,114,Looking Away,9.3,4.8,0.0,0.0,65.8,65.8
2026-07-17 13:44:39,120,Looking Away,0.0,1.0,0.0,0.0,0.0,0.0
2026-07-17 13:44:41,114,Working,9.3,6.7,0.0,0.0,58.0,58.0
2026-07-17 13:44:41,121,Looking Away,0.0,1.0,0.0,0.0,0.0,0.0
2026-07-17 13:44:42,114,Looking Away,10.6,6.7,0.0,0.0,61.1,61.1
2026-07-17 13:44:42,116,Looking Away,13.8,0.0,0.0,0.0,100.0,100.0
2026-07-17 13:44:42,119,Working,0.0,8.0,0.0,0.0,0.0,0.0
2026-07-17 13:44:42,121,Working,0.0,2.3,0.0,0.0,0.0,0.0
2026-07-17 13:44:43,114,Working,10.6,8.0,0.0,0.0,56.7,56.7
2026-07-17 13:44:43,118,Looking Away,10.4,0.0,0.0,0.0,100.0,100.0
2026-07-17 13:44:43,119,Looking Away,1.3,8.0,0.0,0.0,14.2,14.2
2026-07-17 13:44:43,121,Looking Away,1.3,2.3,0.0,0.0,36.9,36.9
2026-07-17 13:44:45,118,Working,10.4,1.4,0.0,0.0,88.3,88.3
2026-07-17 13:44:45,119,Working,1.3,9.4,0.0,0.0,12.4,12.4
2026-07-17 13:44:45,121,Working,1.3,3.6,0.0,0.0,26.7,26.7
2026-07-17 13:44:46,106,Looking Away,47.3,4.9,0.0,1.0,88.9,88.9
2026-07-17 13:44:46,118,Looking Away,11.8,1.4,0.0,0.0,89.6,89.6
2026-07-17 13:44:46,119,Talking,2.7,9.4,0.0,0.0,22.5,22.5
2026-07-17 13:44:46,121,Talking,2.7,3.6,0.0,0.0,42.8,42.8
2026-07-17 13:44:47,118,Working,11.8,2.8,0.0,0.0,81.1,81.1
2026-07-17 13:44:49,116,Talking,13.8,7.0,0.0,0.0,66.3,66.3
2026-07-17 13:44:49,121,Working,2.7,3.6,0.0,2.9,29.4,29.4
2026-07-17 13:44:50,116,Working,13.8,7.0,0.0,1.3,62.3,62.3
2026-07-17 13:44:50,119,Looking Away,2.7,9.4,0.0,4.2,16.7,16.7
2026-07-17 13:44:52,106,Working,47.3,10.6,0.0,1.0,80.4,80.4
2026-07-17 13:44:52,116,Talking,15.2,7.0,0.0,1.3,64.6,64.6
2026-07-17 13:44:52,119,Talking,2.7,10.8,0.0,4.2,15.4,15.4
2026-07-17 13:44:52,121,Talking,5.5,3.6,0.0,2.9,45.6,45.6
2026-07-17 13:44:53,116,Working,15.2,7.0,0.0,2.7,61.1,61.1
2026-07-17 13:44:53,122,No Laptop,1.4,0.0,0.0,0.0,100.0,100.0
2026-07-17 13:44:54,116,Talking,16.5,7.0,0.0,2.7,63.1,63.1
2026-07-17 13:44:57,116,Working,16.5,7.0,0.0,5.6,56.8,56.8
2026-07-17 13:44:59,121,Working,5.5,3.6,0.0,9.9,28.8,28.8
2026-07-17 13:44:59,122,Talking,1.4,5.6,0.0,0.0,19.3,19.3
2026-07-17 13:45:00,116,Talking,19.4,7.0,0.0,5.6,60.7,60.7
2026-07-17 13:45:03,118,Talking,27.5,2.8,0.0,0.0,90.9,90.9
2026-07-17 13:45:04,116,Working,19.4,7.0,0.0,9.7,53.8,53.8
2026-07-17 13:45:04,118,Working,27.5,2.8,0.0,1.2,87.4,87.4
2026-07-17 13:45:05,123,Looking Away,0.0,1.1,0.0,0.0,0.0,0.0
2026-07-17 13:45:08,119,Working,2.7,10.8,0.0,20.4,8.0,8.0
2026-07-17 13:45:08,122,Looking Away,1.4,5.6,0.0,9.2,8.4,8.4
2026-07-17 13:45:08,123,Working,0.0,3.6,0.0,0.0,0.0,0.0
2026-07-17 13:45:09,116,Talking,24.3,7.0,0.0,9.7,59.3,59.3
2026-07-17 13:45:09,118,Talking,32.4,2.8,0.0,1.2,89.1,89.1
2026-07-17 13:45:09,119,Talking,4.0,10.8,0.0,20.4,11.4,11.4
2026-07-17 13:45:09,122,Working,1.4,6.9,0.0,9.2,7.7,7.7
2026-07-17 13:45:10,118,Working,32.4,2.8,0.0,2.6,85.8,85.8
2026-07-17 13:45:12,116,Working,24.3,7.0,0.0,12.5,55.5,55.5
2026-07-17 13:45:12,122,Talking,4.2,6.9,0.0,9.2,20.5,20.5
2026-07-17 13:45:13,119,Looking Away,4.0,10.8,0.0,24.8,10.1,10.1
2026-07-17 13:45:13,122,Working,4.2,6.9,0.0,10.8,19.0,19.0
2026-07-17 13:45:17,119,Working,4.0,13.9,0.0,24.8,9.4,9.4
2026-07-17 13:45:18,119,Talking,5.1,13.9,0.0,24.8,11.7,11.7
2026-07-17 13:45:18,122,Talking,8.4,6.9,0.0,10.8,32.1,32.1
2026-07-17 13:45:19,116,Talking,31.3,7.0,0.0,12.5,61.7,61.7
2026-07-17 13:45:20,116,Working,31.3,7.0,0.0,13.7,60.3,60.3
2026-07-17 13:45:21,116,Talking,32.5,7.0,0.0,13.7,61.1,61.1
2026-07-17 13:45:22,124,Working,0.0,1.3,0.0,0.0,0.0,0.0
2026-07-17 13:45:24,106,Talking,80.0,10.6,0.0,1.0,87.4,87.4
2026-07-17 13:45:25,106,Working,80.0,10.6,0.0,2.2,86.3,86.3
2026-07-17 13:45:25,123,Talking,17.6,3.6,0.0,0.0,83.0,83.0
2026-07-17 13:45:26,106,Talking,80.8,10.6,0.0,2.2,86.4,86.4
2026-07-17 13:45:26,124,Talking,3.8,1.3,0.0,0.0,75.1,75.1
2026-07-17 13:45:27,106,Working,80.8,10.6,0.0,3.1,85.5,85.5
2026-07-17 13:45:27,123,Working,17.6,3.6,0.0,1.8,76.6,76.6
2026-07-17 13:45:27,124,Working,3.8,1.3,0.0,0.9,63.4,63.4
2026-07-17 13:45:31,119,Looking Away,5.1,13.9,0.0,38.6,8.9,8.9
2026-07-17 13:45:34,106,Talking,87.7,10.6,0.0,3.1,86.5,86.5
2026-07-17 13:45:34,119,Talking,5.1,16.6,0.0,38.6,8.5,8.5
2026-07-17 13:45:34,106,Working,87.7,10.6,0.0,3.5,86.2,86.2
2026-07-17 13:45:34,119,Looking Away,5.1,16.6,0.0,38.9,8.5,8.5
2026-07-17 13:45:34,125,Looking Away,0.0,0.4,0.0,0.0,0.0,0.0
2026-07-17 13:45:36,125,Working,0.0,1.5,0.0,0.0,0.0,0.0
2026-07-17 13:45:36,119,Talking,5.1,18.1,0.0,38.9,8.3,8.3
2026-07-17 13:45:36,124,Talking,12.6,1.3,0.0,0.9,85.2,85.2
2026-07-17 13:45:36,125,Looking Away,0.4,1.5,0.0,0.0,20.5,20.5
2026-07-17 13:45:36,119,Looking Away,5.1,18.1,0.0,39.2,8.2,8.2
2026-07-17 13:45:36,124,Working,12.6,1.3,0.0,1.3,83.4,83.4
2026-07-17 13:45:36,125,Working,0.4,1.8,0.0,0.0,17.5,17.5
2026-07-17 13:45:37,119,Talking,5.1,19.0,0.0,39.2,8.1,8.1
2026-07-17 13:45:37,124,Talking,13.5,1.3,0.0,1.3,84.3,84.3
2026-07-17 13:45:37,125,Looking Away,1.3,1.8,0.0,0.0,40.7,40.7
2026-07-17 13:45:38,125,Working,1.3,2.2,0.0,0.0,36.5,36.5
2026-07-17 13:45:38,125,Looking Away,1.6,2.2,0.0,0.0,42.0,42.0
2026-07-17 13:45:38,106,Talking,91.4,10.6,0.0,3.5,86.7,86.7
2026-07-17 13:45:38,124,Working,13.5,1.3,0.0,2.2,79.4,79.4
2026-07-17 13:45:39,124,Talking,14.8,1.3,0.0,2.2,80.9,80.9
2026-07-17 13:45:41,126,Looking Away,0.4,0.0,0.0,0.0,100.0,100.0
2026-07-17 13:45:41,127,Looking Away,0.0,0.4,0.0,0.0,0.0,0.0
2026-07-17 13:45:43,127,Working,0.0,1.7,0.0,0.0,0.0,0.0
2026-07-17 13:45:43,127,Looking Away,0.5,1.7,0.0,0.0,23.8,23.8
2026-07-17 13:45:44,127,Working,0.5,2.1,0.0,0.0,19.5,19.5
2026-07-17 13:45:45,106,Looking Away,91.4,10.6,0.0,9.9,81.7,81.7
2026-07-17 13:45:45,119,Working,5.1,19.0,0.0,46.6,7.3,7.3
2026-07-17 13:45:45,127,Looking Away,1.5,2.1,0.0,0.0,41.0,41.0
2026-07-17 13:45:46,106,Talking,91.4,11.8,0.0,9.9,80.8,80.8
2026-07-17 13:45:46,119,Talking,6.4,19.0,0.0,46.6,8.9,8.9
2026-07-17 13:45:46,125,Talking,1.6,10.1,0.0,0.0,13.6,13.6
2026-07-17 13:45:46,126,Talking,0.4,5.2,0.0,0.0,7.6,7.6
2026-07-17 13:45:46,127,Working,1.5,3.4,0.0,0.0,30.5,30.5
2026-07-17 13:45:47,106,Working,91.4,11.8,0.0,11.1,79.9,79.9
2026-07-17 13:45:48,127,Talking,3.7,3.4,0.0,0.0,52.3,52.3
2026-07-17 13:45:49,127,Working,3.7,3.4,0.0,1.0,45.8,45.8
2026-07-17 13:45:50,127,Talking,4.8,3.4,0.0,1.0,51.9,51.9
2026-07-17 13:45:51,127,Working,4.8,3.4,0.0,2.0,46.8,46.8
2026-07-17 13:45:52,127,Talking,5.8,3.4,0.0,2.0,51.6,51.6
2026-07-17 13:45:53,127,Working,5.8,3.4,0.0,3.0,47.2,47.2
2026-07-17 13:45:54,106,Talking,98.4,11.8,0.0,11.1,81.1,81.1
2026-07-17 13:45:55,106,Working,98.4,11.8,0.0,12.1,80.4,80.4
2026-07-17 13:45:55,125,Working,1.6,10.1,0.0,9.2,7.6,7.6
2026-07-17 13:46:00,125,Talking,7.0,10.1,0.0,9.2,26.6,26.6
2026-07-17 13:46:03,106,Talking,106.0,11.8,0.0,12.1,81.6,81.6
2026-07-17 13:46:03,127,Talking,15.7,3.4,0.0,3.0,70.9,70.9
2026-07-17 13:46:03,127,Working,15.7,3.4,0.0,3.5,69.6,69.6
2026-07-17 13:46:04,106,Working,106.0,11.8,0.0,13.3,80.8,80.8
2026-07-17 13:46:04,106,Talking,106.7,11.8,0.0,13.3,80.9,80.9
2026-07-17 13:46:05,119,Working,6.4,19.0,0.0,66.0,7.0,7.0
2026-07-17 13:46:05,119,Talking,6.7,19.0,0.0,66.0,7.3,7.3
2026-07-17 13:46:06,119,Working,6.7,19.0,0.0,66.4,7.3,7.3
2026-07-17 13:46:06,106,Working,106.7,11.8,0.0,15.1,79.9,79.9
2026-07-17 13:46:07,119,Talking,7.5,19.0,0.0,66.4,8.0,8.0
2026-07-17 13:46:07,127,Talking,19.6,3.4,0.0,3.5,74.1,74.1
2026-07-17 13:46:08,127,Working,19.6,3.4,0.0,3.8,73.0,73.0
2026-07-17 13:46:08,127,Talking,20.3,3.4,0.0,3.8,73.7,73.7
2026-07-17 13:46:09,119,Working,7.5,19.0,0.0,68.5,7.9,7.9
2026-07-17 13:46:09,127,Working,20.3,3.4,0.0,4.2,72.7,72.7
2026-07-17 13:46:09,119,Talking,7.8,19.0,0.0,68.5,8.2,8.2
2026-07-17 13:46:12,106,Talking,112.6,11.8,0.0,15.1,80.7,80.7
2026-07-17 13:46:13,106,Working,112.6,11.8,0.0,15.5,80.5,80.5
2026-07-17 13:46:14,106,Talking,114.0,11.8,0.0,15.5,80.6,80.6
2026-07-17 13:46:14,125,Looking Away,7.0,10.1,0.0,22.8,17.6,17.6
2026-07-17 13:46:14,126,Working,0.4,5.2,0.0,28.2,1.3,1.3
2026-07-17 13:46:14,106,Working,114.0,11.8,0.0,16.0,80.4,80.4
2026-07-17 13:46:14,125,Talking,7.0,10.6,0.0,22.8,17.4,17.4
2026-07-17 13:46:14,126,Talking,0.9,5.2,0.0,28.2,2.7,2.7
2026-07-17 13:46:16,119,Working,7.8,19.0,0.0,75.2,7.7,7.7
2026-07-17 13:46:16,127,Talking,27.3,3.4,0.0,4.2,78.3,78.3
2026-07-17 13:46:17,119,Talking,8.7,19.0,0.0,75.2,8.5,8.5
2026-07-17 13:46:17,127,Working,27.3,3.4,0.0,5.1,76.3,76.3
2026-07-17 13:46:17,119,Looking Away,8.7,19.0,0.0,75.6,8.4,8.4
2026-07-17 13:46:17,125,Looking Away,7.0,10.6,0.0,25.4,16.3,16.3
2026-07-17 13:46:17,126,Working,0.9,5.2,0.0,30.8,2.5,2.5
2026-07-17 13:46:18,119,Talking,8.7,19.4,0.0,75.6,8.4,8.4
2026-07-17 13:46:18,125,Talking,7.0,11.1,0.0,25.4,16.1,16.1
2026-07-17 13:46:18,126,Talking,1.4,5.2,0.0,30.8,3.6,3.6
2026-07-17 13:46:19,127,Talking,29.5,3.4,0.0,5.1,77.7,77.7
2026-07-17 13:46:19,106,Talking,118.8,11.8,0.0,16.0,81.0,81.0
2026-07-17 13:46:19,127,Working,29.5,3.4,0.0,5.5,76.8,76.8
2026-07-17 13:46:20,106,Working,118.8,11.8,0.0,16.5,80.8,80.8
2026-07-17 13:46:20,119,Working,8.7,19.4,0.0,77.8,8.2,8.2
2026-07-17 13:46:20,119,Talking,9.2,19.4,0.0,77.8,8.6,8.6
2026-07-17 13:46:21,127,Talking,30.8,3.4,0.0,5.5,77.6,77.6
2026-07-17 13:46:21,119,Looking Away,9.2,19.4,0.0,78.6,8.6,8.6
2026-07-17 13:46:21,125,Looking Away,7.0,11.1,0.0,28.8,14.9,14.9
2026-07-17 13:46:21,127,Working,30.8,3.4,0.0,5.9,76.8,76.8
2026-07-17 13:46:21,106,Talking,120.5,11.8,0.0,16.5,81.0,81.0
2026-07-17 13:46:21,119,Talking,9.2,19.9,0.0,78.6,8.5,8.5
2026-07-17 13:46:22,106,Working,120.5,11.8,0.0,16.9,80.7,80.7
2026-07-17 13:46:22,119,Looking Away,9.2,19.9,0.0,79.0,8.5,8.5
2026-07-17 13:46:23,106,Looking Away,121.3,11.8,0.0,16.9,80.8,80.8
2026-07-17 13:46:23,119,Working,9.2,20.7,0.0,79.0,8.4,8.4
2026-07-17 13:46:23,106,Working,121.3,12.3,0.0,16.9,80.6,80.6
2026-07-17 13:46:24,119,Looking Away,10.0,20.7,0.0,79.0,9.1,9.1
2026-07-17 13:46:24,106,Talking,122.2,12.3,0.0,16.9,80.7,80.7
2026-07-17 13:46:24,119,Talking,10.0,21.2,0.0,79.0,9.1,9.1
2026-07-17 13:46:24,125,Talking,7.0,14.2,0.0,28.8,14.0,14.0
2026-07-17 13:46:24,127,Talking,33.9,3.4,0.0,5.9,78.5,78.5
2026-07-17 13:46:25,106,Working,122.2,12.3,0.0,17.4,80.5,80.5
2026-07-17 13:46:25,119,Looking Away,10.0,21.2,0.0,79.5,9.1,9.1
2026-07-17 13:46:25,128,Looking Away,0.0,0.4,0.0,0.0,0.0,0.0
2026-07-17 13:46:25,125,Looking Away,7.0,14.2,0.0,30.1,13.7,13.7
2026-07-17 13:46:25,127,Working,33.9,3.4,0.0,7.1,76.4,76.4
2026-07-17 13:46:26,119,Talking,10.0,22.4,0.0,79.5,9.0,9.0
2026-07-17 13:46:26,123,Talking,76.2,3.6,0.0,1.8,93.4,93.4
2026-07-17 13:46:26,125,Talking,7.0,14.6,0.0,30.1,13.6,13.6
2026-07-17 13:46:26,127,Talking,34.3,3.4,0.0,7.1,76.6,76.6
2026-07-17 13:46:26,129,Looking Away,0.0,0.4,0.0,0.0,0.0,0.0
2026-07-17 13:46:27,106,Talking,124.3,12.3,0.0,17.4,80.7,80.7
2026-07-17 13:46:27,123,Working,76.2,3.6,0.0,2.6,92.4,92.4
2026-07-17 13:46:27,106,Working,124.3,12.3,0.0,17.9,80.5,80.5
2026-07-17 13:46:27,119,Looking Away,10.0,22.4,0.0,80.8,8.9,8.9
2026-07-17 13:46:27,125,Looking Away,7.0,14.6,0.0,31.4,13.2,13.2
2026-07-17 13:46:27,127,Working,34.3,3.4,0.0,8.4,74.3,74.3
2026-07-17 13:46:29,119,Working,10.0,24.1,0.0,80.8,8.7,8.7
2026-07-17 13:46:29,119,Looking Away,10.5,24.1,0.0,80.8,9.1,9.1
2026-07-17 13:46:30,119,Working,10.5,24.6,0.0,80.8,9.0,9.0
2026-07-17 13:46:30,119,Looking Away,11.0,24.6,0.0,80.8,9.4,9.4
2026-07-17 13:46:31,119,Working,11.0,25.5,0.0,80.8,9.4,9.4
2026-07-17 13:46:31,119,Talking,11.4,25.5,0.0,80.8,9.6,9.6
2026-07-17 13:46:31,129,Talking,0.0,5.8,0.0,0.0,0.0,0.0
2026-07-17 13:48:27,0,Working,0.0,5.3,0.0,0.0,0.0,0.0
2026-07-17 13:48:27,2,Talking,0.0,5.3,0.0,0.0,0.0,0.0
2026-07-17 13:48:27,3,Talking,0.0,5.3,0.0,0.0,0.0,0.0
2026-07-17 13:48:27,6,Talking,0.0,5.3,0.0,0.0,0.0,0.0
2026-07-17 13:48:28,2,Looking Away,0.0,5.3,0.0,1.6,0.0,0.0
2026-07-17 13:48:28,3,Working,0.0,5.3,0.0,1.6,0.0,0.0
2026-07-17 13:48:28,6,Looking Away,0.0,5.3,0.0,1.6,0.0,0.0
2026-07-17 13:48:29,2,Talking,0.0,6.6,0.0,1.6,0.0,0.0
2026-07-17 13:48:29,3,Talking,1.3,5.3,0.0,1.6,15.7,15.7
2026-07-17 13:48:29,6,Working,0.0,6.6,0.0,1.6,0.0,0.0
2026-07-17 13:48:31,2,Looking Away,0.0,6.6,0.0,3.0,0.0,0.0
2026-07-17 13:48:31,3,Working,1.3,5.3,0.0,3.0,13.2,13.2
2026-07-17 13:48:31,9,Looking Away,0.0,1.5,0.0,0.0,0.0,0.0
2026-07-17 13:48:32,0,Talking,5.6,5.3,0.0,0.0,51.5,51.5
2026-07-17 13:48:32,2,Talking,0.0,7.9,0.0,3.0,0.0,0.0
2026-07-17 13:48:32,3,Talking,2.6,5.3,0.0,3.0,23.6,23.6
2026-07-17 13:48:32,6,Talking,2.8,6.6,0.0,1.6,25.5,25.5
2026-07-17 13:48:33,0,Working,5.6,5.3,0.0,1.3,46.1,46.1
2026-07-17 13:48:33,2,Using Phone,0.0,7.9,0.0,4.3,0.0,0.0
2026-07-17 13:48:33,3,Using Phone,2.6,5.3,0.0,4.3,21.1,21.1
2026-07-17 13:48:33,6,Working,2.8,6.6,0.0,2.8,22.8,22.8
2026-07-17 13:48:35,0,Talking,7.0,5.3,0.0,1.3,51.6,51.6
2026-07-17 13:48:35,2,Talking,0.0,7.9,1.4,4.3,0.0,0.0
2026-07-17 13:48:35,3,Talking,2.6,5.3,1.4,4.3,18.9,18.9
2026-07-17 13:48:35,6,Talking,4.2,6.6,0.0,2.8,30.6,30.6
2026-07-17 13:48:35,9,Talking,0.0,5.4,0.0,0.0,0.0,0.0
2026-07-17 13:48:36,6,Working,4.2,6.6,0.0,4.2,27.9,27.9
2026-07-17 13:48:38,9,Working,0.0,5.4,0.0,2.8,0.0,0.0
2026-07-17 13:48:39,0,Working,7.0,5.3,0.0,5.5,39.2,39.2
2026-07-17 13:48:39,5,Looking Away,17.8,0.0,0.0,0.0,100.0,100.0
2026-07-17 13:48:39,6,Talking,7.1,6.6,0.0,4.2,39.8,39.8
2026-07-17 13:48:39,9,Talking,1.5,5.4,0.0,2.8,15.4,15.4
2026-07-17 13:48:40,0,Talking,8.2,5.3,0.0,5.5,43.2,43.2
2026-07-17 13:48:40,2,Using Phone,0.0,7.9,1.4,9.8,0.0,0.0
2026-07-17 13:48:40,3,Using Phone,2.6,5.3,1.4,9.8,13.5,13.5
2026-07-17 13:48:40,5,Working,17.8,1.2,0.0,0.0,93.5,93.5
2026-07-17 13:48:42,2,Talking,0.0,7.9,3.0,9.8,0.0,0.0
2026-07-17 13:48:42,3,Talking,2.6,5.3,3.0,9.8,12.4,12.4
2026-07-17 13:48:43,0,Working,8.2,5.3,0.0,8.6,37.2,37.2
2026-07-17 13:48:43,1,Looking Away,22.1,0.0,0.0,0.0,100.0,100.0
2026-07-17 13:48:43,5,Looking Away,20.9,1.2,0.0,0.0,94.4,94.4
2026-07-17 13:48:43,6,Working,7.1,6.6,0.0,8.5,32.1,32.1
2026-07-17 13:48:45,1,Working,22.1,1.2,0.0,0.0,94.8,94.8
2026-07-17 13:48:45,3,Using Phone,2.6,5.3,3.0,12.5,11.0,11.0
2026-07-17 13:48:45,5,Talking,20.9,2.4,0.0,0.0,89.5,89.5
2026-07-17 13:48:45,6,Talking,8.3,6.6,0.0,8.5,35.6,35.6
2026-07-17 13:48:46,3,Working,2.6,5.3,4.2,12.5,10.5,10.5
2026-07-17 13:48:46,4,Looking Away,24.5,0.0,0.0,0.0,100.0,100.0
2026-07-17 13:48:46,5,Working,20.9,2.4,0.0,1.2,85.3,85.3
2026-07-17 13:48:47,0,Talking,11.7,5.3,0.0,8.6,45.7,45.7
2026-07-17 13:48:47,3,Using Phone,3.7,5.3,4.2,12.5,14.4,14.4
2026-07-17 13:48:48,4,Working,24.5,2.5,0.0,0.0,90.7,90.7
2026-07-17 13:48:48,6,Working,8.3,6.6,0.0,12.2,30.7,30.7
2026-07-17 13:48:50,0,Working,11.7,5.3,0.0,11.3,41.4,41.4
2026-07-17 13:48:50,9,Working,1.5,5.4,0.0,13.3,7.4,7.4
2026-07-17 13:48:51,0,Talking,13.1,5.3,0.0,11.3,44.1,44.1
2026-07-17 13:48:51,3,Working,3.7,5.3,8.2,12.5,12.4,12.4
2026-07-17 13:48:51,9,Talking,2.9,5.4,0.0,13.3,13.2,13.2
2026-07-17 13:48:52,3,Using Phone,4.7,5.3,8.2,12.5,15.3,15.3
2026-07-17 13:48:53,0,Working,13.1,5.3,0.0,13.3,41.3,41.3
2026-07-17 13:48:54,5,Looking Away,29.4,2.4,0.0,1.2,89.0,89.0
2026-07-17 13:48:55,9,Looking Away,2.9,5.4,0.0,17.6,11.0,11.0
2026-07-17 13:48:55,15,Looking Away,0.0,0.0,2.3,0.0,0.0,0.0
2026-07-17 13:48:56,0,Talking,16.5,5.3,0.0,13.3,47.1,47.1
2026-07-17 13:48:56,1,Talking,33.9,1.2,0.0,0.0,96.5,96.5
2026-07-17 13:48:56,5,Talking,29.4,4.6,0.0,1.2,83.5,83.5
2026-07-17 13:48:56,9,Talking,2.9,6.6,0.0,17.6,10.5,10.5
2026-07-17 13:48:56,15,Using Phone,0.0,1.2,2.3,0.0,0.0,0.0
2026-07-17 13:48:56,17,Looking Away,0.0,1.2,0.0,0.0,0.0,0.0
2026-07-17 13:48:58,0,Working,16.5,5.3,0.0,14.5,45.5,45.5
2026-07-17 13:48:58,1,Working,33.9,1.2,0.0,1.2,93.4,93.4
2026-07-17 13:48:58,5,Working,29.4,4.6,0.0,2.4,80.7,80.7
2026-07-17 13:48:58,9,Looking Away,2.9,6.6,0.0,18.8,10.1,10.1
2026-07-17 13:48:58,15,Working,0.0,1.2,3.5,0.0,0.0,0.0
2026-07-17 13:48:58,18,Looking Away,0.0,1.2,0.0,0.0,0.0,0.0
2026-07-17 13:48:59,1,Talking,35.1,1.2,0.0,1.2,93.6,93.6
2026-07-17 13:48:59,5,Talking,30.5,4.6,0.0,2.4,81.3,81.3
2026-07-17 13:48:59,9,Talking,2.9,7.7,0.0,18.8,9.7,9.7
2026-07-17 13:48:59,15,Using Phone,1.2,1.2,3.5,0.0,19.9,19.9
2026-07-17 13:48:59,19,Looking Away,0.0,1.2,0.0,0.0,0.0,0.0
2026-07-17 13:49:00,1,Working,35.1,1.2,0.0,2.3,90.9,90.9
2026-07-17 13:49:01,17,Talking,0.0,5.7,0.0,0.0,0.0,0.0
2026-07-17 13:49:02,5,Looking Away,30.5,4.6,0.0,5.7,74.6,74.6
2026-07-17 13:49:02,15,Talking,1.2,1.2,6.9,0.0,12.6,12.6
2026-07-17 13:49:03,1,Talking,38.4,1.2,0.0,2.3,91.6,91.6
2026-07-17 13:49:03,5,Talking,30.5,5.7,0.0,5.7,72.7,72.7
2026-07-17 13:49:03,19,Talking,0.0,5.6,0.0,0.0,0.0,0.0
2026-07-17 13:49:04,20,Looking Away,1.1,0.0,0.0,0.0,100.0,100.0
2026-07-17 13:49:06,1,Working,38.4,1.2,0.0,4.7,86.6,86.6
2026-07-17 13:49:06,5,Looking Away,30.5,5.7,0.0,8.1,68.8,68.8
2026-07-17 13:49:06,17,Using Phone,0.0,5.7,0.0,4.6,0.0,0.0
2026-07-17 13:49:07,4,Talking,43.0,2.5,0.0,0.0,94.5,94.5
2026-07-17 13:49:08,5,Talking,30.5,7.9,0.0,8.1,65.6,65.6
2026-07-17 13:49:08,17,Talking,0.0,5.7,2.2,4.6,0.0,0.0
2026-07-17 13:49:09,5,Working,30.5,7.9,0.0,9.2,64.1,64.1
2026-07-17 13:49:09,22,Looking Away,0.0,1.0,0.0,0.0,0.0,0.0
2026-07-17 13:49:10,4,Working,43.0,2.5,0.0,2.9,88.8,88.8
2026-07-17 13:49:10,0,Talking,29.1,5.3,0.0,14.5,59.5,59.5
2026-07-17 13:49:10,4,Talking,43.4,2.5,0.0,2.9,88.9,88.9
2026-07-17 13:49:11,0,Working,29.1,5.3,0.0,14.9,59.0,59.0
2026-07-17 13:49:11,15,Working,1.2,1.2,6.9,8.4,6.6,6.6
2026-07-17 13:49:11,17,Looking Away,0.0,5.7,2.2,7.4,0.0,0.0
2026-07-17 13:49:11,15,Talking,1.8,1.2,6.9,8.4,9.9,9.9
2026-07-17 13:49:11,17,Talking,0.0,6.4,2.2,7.4,0.0,0.0
2026-07-17 13:49:12,4,Working,43.4,2.5,0.0,4.3,86.4,86.4
2026-07-17 13:49:13,4,Talking,44.7,2.5,0.0,4.3,86.7,86.7
2026-07-17 13:49:13,5,Talking,34.5,7.9,0.0,9.2,66.9,66.9
2026-07-17 13:49:13,15,Using Phone,1.8,1.2,6.9,10.0,9.1,9.1
2026-07-17 13:49:13,17,Using Phone,0.0,6.4,2.2,9.0,0.0,0.0
2026-07-17 13:49:13,22,Talking,0.0,5.0,0.0,0.0,0.0,0.0
2026-07-17 13:49:13,4,Working,44.7,2.5,0.0,4.8,86.0,86.0
2026-07-17 13:49:13,5,Working,34.5,7.9,0.0,9.6,66.3,66.3
2026-07-17 13:49:13,15,Talking,1.8,1.2,7.3,10.0,8.9,8.9
2026-07-17 13:49:13,17,Talking,0.0,6.4,2.6,9.0,0.0,0.0
2026-07-17 13:49:14,23,Looking Away,0.0,0.5,0.0,0.0,0.0,0.0
2026-07-17 13:49:15,17,Using Phone,0.0,6.4,2.6,10.5,0.0,0.0
2026-07-17 13:49:17,4,Talking,48.0,2.5,0.0,4.8,86.8,86.8
2026-07-17 13:49:17,15,Working,1.8,1.2,7.3,13.3,7.7,7.7
2026-07-17 13:49:17,4,Using Phone,48.0,2.5,0.0,5.2,86.1,86.1
2026-07-17 13:49:17,17,Looking Away,0.0,6.4,4.8,10.5,0.0,0.0
2026-07-17 13:49:17,26,Working,0.0,0.0,1.0,0.0,0.0,0.0
2026-07-17 13:49:17,0,Talking,36.0,5.3,0.0,14.9,64.0,64.0
2026-07-17 13:49:17,4,Talking,48.0,2.5,0.5,5.2,85.4,85.4
2026-07-17 13:49:17,15,Using Phone,2.8,1.2,7.3,13.3,11.2,11.2
2026-07-17 13:49:17,17,Talking,0.0,6.8,4.8,10.5,0.0,0.0
2026-07-17 13:49:18,15,Working,2.8,1.2,8.0,13.3,10.9,10.9
2026-07-17 13:49:18,27,Looking Away,0.0,0.7,0.0,0.0,0.0,0.0
2026-07-17 13:49:18,28,Looking Away,0.0,0.7,0.0,0.0,0.0,0.0
2026-07-17 13:49:18,29,Looking Away,0.0,0.7,0.0,0.0,0.0,0.0
2026-07-17 13:49:19,15,Talking,3.5,1.2,8.0,13.3,13.4,13.4
2026-07-17 13:49:19,4,Working,48.0,2.5,0.5,7.1,82.5,82.5
2026-07-17 13:49:19,30,No Laptop,0.0,0.5,0.0,0.0,0.0,0.0
2026-07-17 13:49:19,31,Looking Away,0.0,0.5,0.0,0.0,0.0,0.0
2026-07-17 13:49:20,0,Working,36.0,5.3,0.0,17.6,61.1,61.1
2026-07-17 13:49:20,30,Working,0.0,1.3,0.0,0.0,0.0,0.0
2026-07-17 13:49:21,4,Talking,49.9,2.5,0.5,7.1,83.1,83.1
2026-07-17 13:49:21,30,Looking Away,1.1,1.3,0.0,0.0,47.4,47.4
2026-07-17 13:49:21,32,Looking Away,0.0,1.1,0.0,0.0,0.0,0.0
2026-07-17 13:49:23,0,Talking,38.5,5.3,0.0,17.6,62.7,62.7
2026-07-17 13:49:23,4,Using Phone,49.9,2.5,0.5,8.5,81.2,81.2
2026-07-17 13:49:23,15,Using Phone,3.5,1.2,8.0,17.1,11.7,11.7
2026-07-17 13:49:23,32,Using Phone,0.0,2.5,0.0,0.0,0.0,0.0
2026-07-17 13:49:23,33,Looking Away,0.0,1.4,0.0,0.0,0.0,0.0
2026-07-17 13:49:23,15,Working,3.5,1.2,8.7,17.1,11.5,11.5
2026-07-17 13:49:23,32,Working,0.0,2.5,0.7,0.0,0.0,0.0
2026-07-17 13:49:23,36,No Laptop,0.0,0.7,0.0,0.0,0.0,0.0
2026-07-17 13:49:24,15,Using Phone,3.9,1.2,8.7,17.1,12.8,12.8
2026-07-17 13:49:24,35,Looking Away,1.2,0.0,0.0,0.0,100.0,100.0
2026-07-17 13:49:24,38,Looking Away,0.0,0.5,0.0,0.0,0.0,0.0
2026-07-17 13:49:26,15,Talking,3.9,1.2,10.9,17.1,11.9,11.9
2026-07-17 13:49:26,37,Looking Away,2.7,0.0,0.0,0.0,100.0,100.0
2026-07-17 13:49:27,15,Using Phone,3.9,1.2,10.9,17.6,11.7,11.7
2026-07-17 13:49:27,33,Talking,0.0,5.3,0.0,0.0,0.0,0.0
2026-07-17 13:49:27,37,Working,2.7,0.5,0.0,0.0,83.3,83.3
2026-07-17 13:49:27,0,Working,38.5,5.3,0.0,22.1,58.5,58.5
2026-07-17 13:49:28,0,Talking,39.0,5.3,0.0,22.1,58.8,58.8
2026-07-17 13:49:28,0,Looking Away,39.0,5.3,0.0,22.6,58.3,58.3
2026-07-17 13:49:28,15,Working,3.9,1.2,12.4,17.6,11.2,11.2
2026-07-17 13:49:28,33,Working,0.0,5.3,0.0,1.5,0.0,0.0
2026-07-17 13:49:29,0,Working,39.0,6.0,0.0,22.6,57.8,57.8
2026-07-17 13:49:29,33,Looking Away,0.7,5.3,0.0,1.5,8.9,8.9
2026-07-17 13:49:29,38,Working,0.0,4.9,0.0,0.0,0.0,0.0
2026-07-17 13:49:29,0,Talking,39.5,6.0,0.0,22.6,58.1,58.1
2026-07-17 13:49:29,33,Talking,0.7,5.8,0.0,1.5,8.3,8.3
2026-07-17 13:49:29,41,Looking Away,0.0,0.5,0.0,0.0,0.0,0.0
2026-07-17 13:49:30,15,Using Phone,6.1,1.2,12.4,17.6,16.3,16.3
2026-07-17 13:49:31,0,Working,39.5,6.0,0.0,24.0,56.9,56.9
2026-07-17 13:49:31,37,Looking Away,6.8,0.5,0.0,0.0,92.7,92.7
2026-07-17 13:49:31,42,Looking Away,0.0,0.5,0.0,0.0,0.0,0.0
2026-07-17 13:49:31,0,Talking,40.0,6.0,0.0,24.0,57.2,57.2
2026-07-17 13:49:31,34,Looking Away,8.6,0.0,0.0,0.0,100.0,100.0
2026-07-17 13:49:31,37,Talking,6.8,1.0,0.0,0.0,86.7,86.7
2026-07-17 13:49:32,34,Working,8.6,0.9,0.0,0.0,90.9,90.9
2026-07-17 13:49:32,0,Working,40.0,6.0,0.0,25.2,56.2,56.2
2026-07-17 13:49:32,15,Working,6.1,1.2,14.7,17.6,15.3,15.3
2026-07-17 13:49:32,33,Looking Away,0.7,5.8,0.0,4.7,5.9,5.9
2026-07-17 13:49:32,37,Looking Away,6.8,1.0,0.0,1.3,74.6,74.6
2026-07-17 13:49:33,0,Talking,40.4,6.0,0.0,25.2,56.4,56.4
2026-07-17 13:49:33,15,Using Phone,6.5,1.2,14.7,17.6,16.2,16.2
2026-07-17 13:49:33,33,Talking,0.7,6.2,0.0,4.7,5.7,5.7
2026-07-17 13:49:33,37,Talking,6.8,1.4,0.0,1.3,71.5,71.5
2026-07-17 13:49:33,0,Working,40.4,6.0,0.0,25.7,56.1,56.1
2026-07-17 13:49:33,34,Looking Away,9.8,0.9,0.0,0.0,92.0,92.0
2026-07-17 13:49:34,0,Talking,40.8,6.0,0.0,25.7,56.4,56.4
2026-07-17 13:49:34,34,Working,9.8,1.3,0.0,0.0,88.5,88.5
2026-07-17 13:49:34,15,Working,6.5,1.2,16.0,17.6,15.7,15.7
2026-07-17 13:49:34,37,Looking Away,6.8,1.4,0.0,2.5,63.0,63.0
2026-07-17 13:49:34,43,Looking Away,0.0,0.4,0.0,0.0,0.0,0.0
2026-07-17 13:49:35,34,Looking Away,10.7,1.3,0.0,0.0,89.3,89.3
2026-07-17 13:49:35,44,Looking Away,0.0,0.4,0.0,0.0,0.0,0.0
2026-07-17 13:49:35,0,Working,40.8,6.0,0.0,26.9,55.4,55.4
2026-07-17 13:49:35,15,Using Phone,7.3,1.2,16.0,17.6,17.3,17.3
2026-07-17 13:49:35,37,Talking,6.8,2.3,0.0,2.5,58.5,58.5
2026-07-17 13:49:35,0,Talking,41.3,6.0,0.0,26.9,55.6,55.6
2026-07-17 13:49:36,0,Working,41.3,6.0,0.0,27.4,55.3,55.3
2026-07-17 13:49:36,15,Working,7.3,1.2,16.9,17.6,17.0,17.0
2026-07-17 13:49:36,33,Looking Away,0.7,6.2,0.0,7.7,4.5,4.5
2026-07-17 13:49:36,37,Looking Away,6.8,2.3,0.0,3.4,54.4,54.4
2026-07-17 13:49:36,45,Looking Away,0.0,0.5,0.0,0.0,0.0,0.0
2026-07-17 13:49:36,34,Working,10.7,2.9,0.0,0.0,78.4,78.4
2026-07-17 13:49:37,0,Talking,42.1,6.0,0.0,27.4,55.8,55.8
2026-07-17 13:49:37,33,Talking,0.7,7.1,0.0,7.7,4.3,4.3
2026-07-17 13:49:37,46,Working,0.0,0.5,0.0,0.0,0.0,0.0
2026-07-17 13:49:37,0,Working,42.1,6.0,0.0,27.9,55.4,55.4
2026-07-17 13:49:37,33,Looking Away,0.7,7.1,0.0,8.2,4.1,4.1
2026-07-17 13:49:37,34,Talking,11.7,2.9,0.0,0.0,80.0,80.0
2026-07-17 13:49:37,37,Talking,6.8,3.7,0.0,3.4,49.0,49.0
2026-07-17 13:49:38,0,Talking,42.7,6.0,0.0,27.9,55.8,55.8
2026-07-17 13:49:38,33,Talking,0.7,7.7,0.0,8.2,4.0,4.0
2026-07-17 13:49:38,48,Looking Away,0.0,0.6,0.0,0.0,0.0,0.0
2026-07-17 13:49:38,15,Using Phone,9.7,1.2,16.9,17.6,21.4,21.4
2026-07-17 13:49:38,34,Working,11.7,2.9,0.0,1.0,74.8,74.8
2026-07-17 13:49:39,34,Talking,12.6,2.9,0.0,1.0,76.2,76.2
2026-07-17 13:49:40,15,Working,9.7,1.2,18.3,17.6,20.7,20.7
2026-07-17 13:49:40,32,Talking,16.3,2.5,0.7,0.0,83.5,83.5
2026-07-17 13:49:40,0,Working,42.7,6.0,0.0,30.2,54.1,54.1
2026-07-17 13:49:40,15,Using Phone,10.1,1.2,18.3,17.6,21.4,21.4
2026-07-17 13:49:40,32,Working,16.3,2.5,0.7,0.4,81.7,81.7
2026-07-17 13:49:40,34,Working,12.6,2.9,0.0,1.9,72.3,72.3
2026-07-17 13:49:40,49,Looking Away,0.0,0.4,0.0,0.0,0.0,0.0
2026-07-17 13:49:41,15,Working,10.1,1.2,18.8,17.6,21.2,21.2
2026-07-17 13:49:41,33,Looking Away,0.7,7.7,0.0,11.0,3.4,3.4
2026-07-17 13:49:41,37,Working,6.8,3.7,0.0,6.7,39.5,39.5
2026-07-17 13:49:41,15,Using Phone,10.5,1.2,18.8,17.6,21.9,21.9
2026-07-17 13:49:41,32,Talking,17.2,2.5,0.7,0.4,82.5,82.5
2026-07-17 13:49:41,33,Talking,0.7,8.1,0.0,11.0,3.4,3.4
2026-07-17 13:49:42,15,Working,10.5,1.2,19.3,17.6,21.7,21.7
2026-07-17 13:49:42,50,Looking Away,0.0,0.5,0.0,0.0,0.0,0.0
2026-07-17 13:49:42,15,Using Phone,11.0,1.2,19.3,17.6,22.4,22.4
2026-07-17 13:49:43,0,Talking,45.4,6.0,0.0,30.2,55.7,55.7
2026-07-17 13:49:43,50,Working,0.0,1.9,0.0,0.0,0.0,0.0
2026-07-17 13:49:43,51,Looking Away,0.0,0.5,0.0,0.0,0.0,0.0
2026-07-17 13:49:44,52,Looking Away,0.0,0.5,0.0,0.0,0.0,0.0
2026-07-17 13:49:46,0,Working,45.4,6.0,0.0,32.9,53.9,53.9
2026-07-17 13:49:47,0,Talking,46.8,6.0,0.0,32.9,54.7,54.7
2026-07-17 13:49:48,34,Talking,20.8,2.9,0.0,1.9,81.2,81.2
2026-07-17 13:49:48,37,Talking,14.5,3.7,0.0,6.7,58.3,58.3
2026-07-17 13:49:48,53,Looking Away,2.8,0.0,0.0,0.0,100.0,100.0
2026-07-17 13:49:49,0,Working,46.8,6.0,0.0,34.6,53.6,53.6
2026-07-17 13:49:49,54,Looking Away,0.0,0.4,0.0,0.0,0.0,0.0
2026-07-17 13:49:49,34,Working,20.8,2.9,0.0,2.7,78.8,78.8
2026-07-17 13:49:49,52,Talking,0.0,5.2,0.0,0.0,0.0,0.0
2026-07-17 13:49:49,15,Working,11.0,1.2,26.7,17.6,19.5,19.5
2026-07-17 13:49:49,37,Working,14.5,3.7,0.0,7.8,55.8,55.8
2026-07-17 13:49:49,52,Looking Away,0.0,5.2,0.0,0.3,0.0,0.0
2026-07-17 13:49:49,53,Working,2.8,1.1,0.0,0.0,72.0,72.0
2026-07-17 13:49:50,15,Using Phone,11.5,1.2,26.7,17.6,20.2,20.2
2026-07-17 13:49:50,52,Talking,0.0,5.7,0.0,0.3,0.0,0.0
2026-07-17 13:49:50,53,Looking Away,3.3,1.1,0.0,0.0,75.2,75.2
2026-07-17 13:49:50,0,Talking,48.6,6.0,0.0,34.6,54.5,54.5
2026-07-17 13:49:50,53,Working,3.3,1.7,0.0,0.0,66.1,66.1
2026-07-17 13:49:51,0,Working,48.6,6.0,0.0,35.3,54.1,54.1
2026-07-17 13:49:51,54,Working,0.0,2.8,0.0,0.0,0.0,0.0
2026-07-17 13:49:51,55,No Laptop,0.0,0.6,0.0,0.0,0.0,0.0
2026-07-17 13:49:52,54,Looking Away,0.6,2.8,0.0,0.0,17.5,17.5
2026-07-17 13:49:52,0,Talking,49.8,6.0,0.0,35.3,54.7,54.7
2026-07-17 13:49:53,0,Working,49.8,6.0,0.0,35.9,54.4,54.4
2026-07-17 13:49:53,56,Looking Away,0.0,0.6,0.0,0.0,0.0,0.0
2026-07-17 13:49:53,54,Talking,0.6,4.6,0.0,0.0,11.5,11.5
2026-07-17 13:49:54,15,Working,11.5,1.2,31.3,17.6,18.7,18.7
2026-07-17 13:49:54,53,Using Phone,7.3,1.7,0.0,0.0,81.3,81.3
2026-07-17 13:49:55,53,Working,7.3,1.7,0.6,0.0,76.5,76.5
2026-07-17 13:49:55,57,Looking Away,0.0,0.6,0.0,0.0,0.0,0.0
2026-07-17 13:49:56,0,Talking,52.5,6.0,0.0,35.9,55.6,55.6
2026-07-17 13:49:56,15,Using Phone,12.5,1.2,31.3,17.6,20.0,20.0
2026-07-17 13:49:56,53,Talking,7.8,1.7,0.6,0.0,77.6,77.6
2026-07-17 13:49:56,0,Working,52.5,6.0,0.0,36.5,55.3,55.3
2026-07-17 13:49:56,53,Working,7.8,1.7,0.6,0.6,73.1,73.1
2026-07-17 13:49:57,15,Looking Away,12.5,1.2,32.9,17.6,19.5,19.5
2026-07-17 13:49:58,15,Using Phone,12.5,1.7,32.9,17.6,19.3,19.3
2026-07-17 13:49:58,34,Talking,29.5,2.9,0.0,2.7,84.1,84.1
2026-07-17 13:49:58,37,Talking,23.6,3.7,0.0,7.8,67.2,67.2
2026-07-17 13:49:58,59,No Laptop,0.0,0.7,0.0,0.0,0.0,0.0
2026-07-17 13:49:59,0,Talking,55.3,6.0,0.0,36.5,56.6,56.6
2026-07-17 13:49:59,34,Working,29.5,2.9,0.0,3.9,81.1,81.1
2026-07-17 13:49:59,37,Working,23.6,3.7,0.0,8.4,66.1,66.1
2026-07-17 13:50:00,0,Working,55.3,6.0,0.0,37.3,56.1,56.1
2026-07-17 13:50:00,60,Looking Away,0.0,0.8,0.0,0.0,0.0,0.0
2026-07-17 13:50:01,57,Talking,0.0,6.2,0.0,0.0,0.0,0.0
2026-07-17 13:50:01,15,Talking,12.5,1.7,36.6,17.6,18.3,18.3
2026-07-17 13:50:01,62,Looking Away,0.0,0.8,0.0,0.0,0.0,0.0
2026-07-17 13:50:03,0,Looking Away,58.5,6.0,0.0,37.3,57.5,57.5
2026-07-17 13:50:03,63,No Laptop,0.0,1.0,0.0,0.0,0.0,0.0
2026-07-17 13:50:03,64,No Laptop,0.0,1.0,0.0,0.0,0.0,0.0
2026-07-17 13:50:03,65,No Laptop,0.0,1.0,0.0,0.0,0.0,0.0
2026-07-17 13:50:03,66,No Laptop,0.0,1.0,0.0,0.0,0.0,0.0
2026-07-17 13:50:04,37,Looking Away,28.2,3.7,0.0,8.4,70.0,70.0
2026-07-17 13:50:04,63,Working,0.0,1.6,0.0,0.0,0.0,0.0
2026-07-17 13:50:04,64,Working,0.0,1.6,0.0,0.0,0.0,0.0
2026-07-17 13:50:04,66,Working,0.0,1.6,0.0,0.0,0.0,0.0
2026-07-17 13:50:05,0,Working,58.5,7.7,0.0,37.3,56.5,56.5
2026-07-17 13:50:05,37,Using Phone,28.2,4.7,0.0,8.4,68.2,68.2
2026-07-17 13:50:05,50,Looking Away,21.9,1.9,0.0,0.0,92.2,92.2
2026-07-17 13:50:05,67,Looking Away,0.0,0.7,0.0,0.0,0.0,0.0
2026-07-17 13:50:05,68,Looking Away,0.0,0.7,0.0,0.0,0.0,0.0
2026-07-17 13:50:05,69,Working,0.0,0.7,0.0,0.0,0.0,0.0
2026-07-17 13:50:06,0,Looking Away,60.1,7.7,0.0,37.3,57.2,57.2
2026-07-17 13:50:06,70,Looking Away,0.0,0.9,0.0,0.0,0.0,0.0
2026-07-17 13:50:07,0,Working,60.1,8.4,0.0,37.3,56.8,56.8
2026-07-17 13:50:07,69,Using Phone,1.6,0.7,0.0,0.0,67.9,67.9
2026-07-17 13:50:08,0,Looking Away,60.8,8.4,0.0,37.3,57.1,57.1
2026-07-17 13:50:08,37,Looking Away,28.2,4.7,3.0,8.4,63.6,63.6
2026-07-17 13:50:08,69,Working,1.6,0.7,0.7,0.0,52.3,52.3
2026-07-17 13:50:08,66,Looking Away,4.7,1.6,0.0,0.0,74.5,74.5
2026-07-17 13:50:08,69,Looking Away,2.2,0.7,0.7,0.0,61.0,61.0
2026-07-17 13:50:08,70,No Laptop,0.0,2.9,0.0,0.0,0.0,0.0
2026-07-17 13:50:08,72,Looking Away,0.0,0.7,0.0,0.0,0.0,0.0
2026-07-17 13:50:09,0,Working,60.8,9.5,0.0,37.3,56.5,56.5
2026-07-17 13:50:09,70,Looking Away,0.0,3.5,0.0,0.0,0.0,0.0
2026-07-17 13:50:09,69,Working,2.2,1.7,0.7,0.0,47.9,47.9
2026-07-17 13:50:10,37,Talking,28.2,6.9,3.0,8.4,60.7,60.7
2026-07-17 13:50:10,64,Talking,6.2,1.6,0.0,0.0,79.4,79.4
2026-07-17 13:50:10,66,Talking,4.7,3.1,0.0,0.0,60.4,60.4
2026-07-17 13:50:10,69,Talking,2.7,1.7,0.7,0.0,52.8,52.8
2026-07-17 13:50:10,64,Working,6.2,1.6,0.0,0.5,74.4,74.4
2026-07-17 13:50:10,66,Looking Away,4.7,3.1,0.0,0.5,56.7,56.7
2026-07-17 13:50:11,37,Working,28.2,6.9,3.0,9.5,59.3,59.3
2026-07-17 13:50:11,69,Looking Away,2.7,1.7,0.7,1.1,43.9,43.9
2026-07-17 13:50:12,37,Talking,29.0,6.9,3.0,9.5,60.0,60.0
2026-07-17 13:50:12,64,Talking,7.5,1.6,0.0,0.5,77.9,77.9
2026-07-17 13:50:12,66,Talking,4.7,4.4,0.0,0.5,48.9,48.9
2026-07-17 13:50:12,69,Talking,2.7,2.5,0.7,1.1,38.9,38.9
2026-07-17 13:50:13,37,Working,29.0,6.9,3.0,10.6,58.6,58.6
2026-07-17 13:50:13,64,Working,7.5,1.6,0.0,1.6,69.9,69.9
2026-07-17 13:50:13,66,Working,4.7,4.4,0.0,1.6,43.9,43.9
2026-07-17 13:50:13,69,Working,2.7,2.5,0.7,2.2,33.6,33.6
2026-07-17 13:50:13,74,No Laptop,0.0,1.1,0.0,0.0,0.0,0.0
2026-07-17 13:50:14,0,Talking,65.9,9.5,0.0,37.3,58.4,58.4
2026-07-17 13:50:14,37,Talking,30.2,6.9,3.0,10.6,59.6,59.6
2026-07-17 13:50:14,0,Working,65.9,9.5,0.0,37.8,58.2,58.2
2026-07-17 13:50:14,69,Talking,4.4,2.5,0.7,2.2,45.1,45.1
2026-07-17 13:50:14,75,Looking Away,0.0,0.5,0.0,0.0,0.0,0.0
2026-07-17 13:50:15,37,Looking Away,30.2,6.9,3.0,11.5,58.6,58.6
2026-07-17 13:50:15,69,Working,4.4,2.5,0.7,2.6,43.2,43.2
2026-07-17 13:50:15,76,No Laptop,0.0,0.5,0.0,0.0,0.0,0.0
2026-07-17 13:50:16,0,Talking,67.3,9.5,0.0,37.8,58.7,58.7
2026-07-17 13:50:16,37,Talking,30.2,7.9,3.0,11.5,57.5,57.5
2026-07-17 13:50:17,0,Working,67.3,9.5,0.0,39.0,58.1,58.1
2026-07-17 13:50:17,37,Looking Away,30.2,7.9,3.0,12.7,56.2,56.2
2026-07-17 13:50:17,79,No Laptop,0.0,0.6,0.0,0.0,0.0,0.0
2026-07-17 13:50:17,80,No Laptop,0.0,0.6,0.0,0.0,0.0,0.0
2026-07-17 13:50:18,0,Talking,67.9,9.5,0.0,39.0,58.3,58.3
2026-07-17 13:50:18,37,Talking,30.2,8.4,3.0,12.7,55.6,55.6
2026-07-17 13:50:18,0,Working,67.9,9.5,0.0,39.5,58.0,58.0
2026-07-17 13:50:18,37,Looking Away,30.2,8.4,3.0,13.2,55.1,55.1
2026-07-17 13:50:19,37,Working,30.2,9.0,3.0,13.2,54.5,54.5
2026-07-17 13:50:19,37,Talking,30.7,9.0,3.0,13.2,54.9,54.9
2026-07-17 13:50:19,75,Talking,0.0,5.3,0.0,0.0,0.0,0.0
2026-07-17 13:50:20,82,No Laptop,0.0,0.6,0.0,0.0,0.0,0.0
2026-07-17 13:50:20,37,Working,30.7,9.0,3.0,14.4,53.8,53.8
2026-07-17 13:50:20,75,Looking Away,0.0,5.3,0.0,1.2,0.0,0.0
2026-07-17 13:50:20,83,No Laptop,0.0,0.6,0.0,0.0,0.0,0.0
2026-07-17 13:50:21,37,Talking,31.2,9.0,3.0,14.4,54.2,54.2
2026-07-17 13:50:21,75,Talking,0.0,5.8,0.0,1.2,0.0,0.0
2026-07-17 13:50:21,82,Working,0.0,1.7,0.0,0.0,0.0,0.0
2026-07-17 13:50:22,84,Looking Away,0.0,0.7,0.0,0.0,0.0,0.0
2026-07-17 13:50:27,86,Looking Away,0.0,0.6,0.0,0.0,0.0,0.0
2026-07-17 13:50:27,87,No Laptop,0.0,0.6,0.0,0.0,0.0,0.0
2026-07-17 13:50:27,88,No Laptop,0.0,0.6,0.0,0.0,0.0,0.0
2026-07-17 13:50:28,77,Looking Away,12.7,0.0,0.0,0.0,100.0,100.0
2026-07-17 13:50:29,77,Using Phone,12.7,0.5,0.0,0.0,95.9,95.9
2026-07-17 13:50:29,87,Working,0.0,2.5,0.0,0.0,0.0,0.0
2026-07-17 13:50:29,75,Using Phone,0.0,5.8,0.0,9.4,0.0,0.0
2026-07-17 13:50:29,89,No Laptop,0.0,0.6,0.0,0.0,0.0,0.0
2026-07-17 13:50:30,75,Talking,0.0,5.8,0.6,9.4,0.0,0.0
2026-07-17 13:50:30,77,Looking Away,12.7,0.5,1.2,0.0,87.8,87.8
2026-07-17 13:50:30,37,Working,31.2,9.0,3.0,23.8,46.6,46.6
2026-07-17 13:50:30,75,Looking Away,0.0,5.8,0.6,10.0,0.0,0.0
2026-07-17 13:50:31,37,Talking,31.9,9.0,3.0,23.8,47.1,47.1
2026-07-17 13:50:31,75,Talking,0.0,6.4,0.6,10.0,0.0,0.0
2026-07-17 13:50:31,77,Working,12.7,1.7,1.2,0.0,81.1,81.1
2026-07-17 13:50:34,37,Working,31.9,9.0,3.0,26.9,45.0,45.0
2026-07-17 13:50:34,87,Talking,5.5,2.5,0.0,0.0,68.9,68.9
2026-07-17 13:50:35,37,Talking,32.5,9.0,3.0,26.9,45.5,45.5
2026-07-17 13:50:35,87,Working,5.5,2.5,0.0,0.6,63.9,63.9
2026-07-17 13:50:35,91,No Laptop,0.0,0.6,0.0,0.0,0.0,0.0
2026-07-17 13:50:35,0,Talking,85.1,9.5,0.0,39.5,63.4,63.4
2026-07-17 13:50:35,37,Working,32.5,9.0,3.0,27.6,45.1,45.1
2026-07-17 13:50:36,0,Working,85.1,9.5,0.0,40.2,63.1,63.1
2026-07-17 13:50:36,37,Talking,33.1,9.0,3.0,27.6,45.6,45.6
2026-07-17 13:50:37,37,Working,33.1,9.0,3.0,28.2,45.2,45.2
2026-07-17 13:50:37,75,Looking Away,0.0,6.4,0.6,15.6,0.0,0.0
2026-07-17 13:50:37,37,Talking,33.8,9.0,3.0,28.2,45.7,45.7
2026-07-17 13:50:37,75,Talking,0.0,7.1,0.6,15.6,0.0,0.0
2026-07-17 13:50:38,0,Talking,87.0,9.5,0.0,40.2,63.6,63.6
2026-07-17 13:50:38,69,Talking,27.4,2.5,0.7,2.6,82.6,82.6
2026-07-17 13:50:38,92,Looking Away,0.0,0.6,0.0,0.0,0.0,0.0
2026-07-17 13:50:38,93,Looking Away,0.0,0.6,0.0,0.0,0.0,0.0
2026-07-17 13:50:39,0,Working,87.0,9.5,0.0,40.8,63.3,63.3
2026-07-17 13:50:39,69,Working,27.4,2.5,0.7,3.2,81.0,81.0
2026-07-17 13:50:39,37,Working,33.8,9.0,3.0,30.1,44.5,44.5
2026-07-17 13:50:39,75,Looking Away,0.0,7.1,0.6,17.5,0.0,0.0
2026-07-17 13:50:39,94,Looking Away,0.0,0.6,0.0,0.0,0.0,0.0
2026-07-17 13:50:39,95,Looking Away,0.0,0.6,0.0,0.0,0.0,0.0
2026-07-17 13:50:40,0,Talking,88.9,9.5,0.0,40.8,63.8,63.8
2026-07-17 13:50:40,37,Talking,35.0,9.0,3.0,30.1,45.4,45.4
2026-07-17 13:50:40,75,Talking,0.0,8.3,0.6,17.5,0.0,0.0
2026-07-17 13:50:41,0,Working,88.9,9.5,0.0,41.4,63.6,63.6
2026-07-17 13:50:41,37,Working,35.0,9.0,3.0,30.7,45.1,45.1
2026-07-17 13:50:41,69,Talking,29.9,2.5,0.7,3.2,82.3,82.3
2026-07-17 13:50:42,0,Talking,89.4,9.5,0.0,41.4,63.7,63.7
2026-07-17 13:50:42,37,Talking,35.6,9.0,3.0,30.7,45.5,45.5
2026-07-17 13:50:42,69,Working,29.9,2.5,0.7,3.8,81.0,81.0
2026-07-17 13:50:43,0,Working,89.4,9.5,0.0,42.7,63.1,63.1
2026-07-17 13:50:44,0,Talking,90.6,9.5,0.0,42.7,63.4,63.4
2026-07-17 13:50:44,37,Working,35.6,9.0,3.0,33.2,44.1,44.1
2026-07-17 13:50:46,0,Working,90.6,9.5,0.0,44.7,62.5,62.5
2026-07-17 13:50:46,37,Talking,37.6,9.0,3.0,33.2,45.5,45.5
2026-07-17 13:50:46,69,Talking,34.4,2.5,0.7,3.8,83.1,83.1
2026-07-17 13:50:46,94,Talking,0.0,7.5,0.0,0.0,0.0,0.0
2026-07-17 13:50:46,96,Looking Away,0.7,0.0,0.0,0.0,100.0,100.0
2026-07-17 13:50:46,97,Looking Away,0.0,0.7,0.0,0.0,0.0,0.0
2026-07-17 13:50:47,69,Working,34.4,2.5,0.7,4.3,82.0,82.0
2026-07-17 13:50:47,0,Talking,91.7,9.5,0.0,44.7,62.8,62.8
2026-07-17 13:50:50,98,Looking Away,0.0,0.5,0.0,0.0,0.0,0.0
2026-07-17 13:50:53,37,Working,37.6,9.0,3.0,40.1,42.0,42.0
2026-07-17 13:50:54,37,Talking,38.2,9.0,3.0,40.1,42.3,42.3
2026-07-17 13:50:54,99,Looking Away,0.0,0.5,0.0,0.0,0.0,0.0
2026-07-17 13:50:55,69,Talking,42.4,2.5,0.7,4.3,84.9,84.9
2026-07-17 13:50:55,37,Working,38.2,9.0,3.0,41.8,41.5,41.5
2026-07-17 13:50:55,75,Looking Away,0.0,8.3,0.6,32.3,0.0,0.0
2026-07-17 13:50:55,100,Working,0.0,0.6,0.0,0.0,0.0,0.0
2026-07-17 13:50:56,37,Using Phone,38.8,9.0,3.0,41.8,41.9,41.9
2026-07-17 13:50:56,69,Working,42.4,2.5,0.7,5.6,82.8,82.8
2026-07-17 13:50:56,75,Using Phone,0.0,9.0,0.6,32.3,0.0,0.0
2026-07-17 13:50:57,37,Talking,38.8,9.0,3.6,41.8,41.6,41.6
2026-07-17 13:50:57,75,Talking,0.0,9.0,1.2,32.3,0.0,0.0
2026-07-17 13:50:58,99,Talking,0.0,5.1,0.0,0.0,0.0,0.0
2026-07-17 13:50:59,0,Working,91.7,9.5,0.0,56.1,58.3,58.3
2026-07-17 13:51:00,0,Talking,92.7,9.5,0.0,56.1,58.5,58.5
2026-07-17 13:51:00,102,Looking Away,0.0,0.5,0.0,0.0,0.0,0.0
2026-07-17 13:51:00,69,Talking,46.7,2.5,0.7,5.6,84.1,84.1
2026-07-17 13:51:01,37,Using Phone,38.8,9.0,3.6,46.0,39.8,39.8
2026-07-17 13:51:01,75,Using Phone,0.0,9.0,1.2,36.6,0.0,0.0
2026-07-17 13:51:02,0,Working,92.7,9.5,0.0,58.3,57.7,57.7
2026-07-17 13:51:02,0,Talking,93.3,9.5,0.0,58.3,57.9,57.9
2026-07-17 13:51:02,37,Talking,38.8,9.0,5.2,46.0,39.2,39.2
2026-07-17 13:51:02,69,Working,46.7,2.5,0.7,7.8,80.9,80.9
2026-07-17 13:51:02,75,Talking,0.0,9.0,2.8,36.6,0.0,0.0
2026-07-17 13:51:03,0,Working,93.3,9.5,0.0,58.9,57.7,57.7
2026-07-17 13:51:03,37,Working,38.8,9.0,5.2,46.6,38.9,38.9
2026-07-17 13:51:03,75,Looking Away,0.0,9.0,2.8,37.1,0.0,0.0
2026-07-17 13:51:03,99,Looking Away,0.0,5.1,0.0,4.9,0.0,0.0
2026-07-17 13:51:03,0,Talking,93.8,9.5,0.0,58.9,57.8,57.8
2026-07-17 13:51:03,99,Talking,0.0,5.6,0.0,4.9,0.0,0.0
2026-07-17 13:51:04,0,Working,93.8,9.5,0.0,59.5,57.6,57.6
2026-07-17 13:51:04,99,Looking Away,0.0,5.6,0.0,5.5,0.0,0.0
2026-07-17 13:51:05,69,Talking,48.9,2.5,0.7,7.8,81.7,81.7
2026-07-17 13:51:05,99,Talking,0.0,6.2,0.0,5.5,0.0,0.0
2026-07-17 13:51:05,0,Talking,94.9,9.5,0.0,59.5,57.9,57.9
2026-07-17 13:51:06,0,Working,94.9,9.5,0.0,60.6,57.5,57.5
2026-07-17 13:51:07,99,Looking Away,0.0,6.2,0.0,7.6,0.0,0.0
2026-07-17 13:51:09,0,Talking,97.1,9.5,0.0,60.6,58.0,58.0
2026-07-17 13:51:09,75,Talking,0.0,14.5,2.8,37.1,0.0,0.0
2026-07-17 13:51:09,77,Talking,50.2,1.7,1.2,0.0,94.4,94.4
2026-07-17 13:51:09,99,Talking,0.0,7.9,0.0,7.6,0.0,0.0
2026-07-17 13:51:09,101,Looking Away,10.9,0.0,0.0,0.0,100.0,100.0
2026-07-17 13:51:09,105,Looking Away,1.7,0.0,0.0,0.0,100.0,100.0
2026-07-17 13:51:09,107,Looking Away,0.0,0.5,0.0,0.0,0.0,0.0
2026-07-17 13:51:09,0,Working,97.1,9.5,0.0,61.2,57.8,57.8
2026-07-17 13:51:09,37,Talking,44.9,9.0,5.2,46.6,42.5,42.5
2026-07-17 13:51:09,66,Looking Away,61.0,4.4,0.0,1.6,91.0,91.0
2026-07-17 13:51:10,66,Working,61.0,5.4,0.0,1.6,89.7,89.7
2026-07-17 13:51:10,77,Working,50.2,1.7,1.2,1.5,91.8,91.8
2026-07-17 13:51:10,101,Working,10.9,1.5,0.0,0.0,87.7,87.7
2026-07-17 13:51:11,0,Talking,98.6,9.5,0.0,61.2,58.2,58.2
2026-07-17 13:51:11,37,Working,44.9,9.0,5.2,48.1,41.9,41.9
2026-07-17 13:51:11,0,Working,98.6,9.5,0.0,61.8,58.0,58.0
2026-07-17 13:51:11,75,Looking Away,0.0,14.5,2.8,39.9,0.0,0.0
2026-07-17 13:51:11,99,Looking Away,0.0,7.9,0.0,10.4,0.0,0.0
2026-07-17 13:51:12,108,Looking Away,0.0,0.6,0.0,0.0,0.0,0.0
2026-07-17 13:51:13,37,Talking,47.1,9.0,5.2,48.1,43.0,43.0
2026-07-17 13:51:13,75,Talking,0.0,16.1,2.8,39.9,0.0,0.0
2026-07-17 13:51:13,99,Talking,0.0,9.4,0.0,10.4,0.0,0.0
2026-07-17 13:51:13,0,Talking,100.8,9.5,0.0,61.8,58.5,58.5
2026-07-17 13:51:13,37,Working,47.1,9.0,5.2,48.7,42.8,42.8
2026-07-17 13:51:14,0,Working,100.8,9.5,0.0,62.4,58.4,58.4
2026-07-17 13:51:14,37,Talking,47.7,9.0,5.2,48.7,43.1,43.1
2026-07-17 13:51:14,109,Looking Away,1.1,0.0,0.0,0.0,100.0,100.0
2026-07-17 13:51:14,37,Working,47.7,9.0,5.2,49.2,42.9,42.9
2026-07-17 13:51:14,75,Looking Away,0.0,16.1,2.8,41.5,0.0,0.0
2026-07-17 13:51:16,110,Looking Away,0.0,0.5,0.0,0.0,0.0,0.0
2026-07-17 13:51:16,0,Talking,103.3,9.5,0.0,62.4,59.0,59.0
2026-07-17 13:51:16,75,Talking,0.0,18.1,2.8,41.5,0.0,0.0
2026-07-17 13:51:16,77,Talking,56.6,1.7,1.2,1.5,92.7,92.7
2026-07-17 13:51:16,111,Looking Away,0.0,0.6,0.0,0.0,0.0,0.0
2026-07-17 13:51:16,112,Looking Away,0.6,0.0,0.0,0.0,100.0,100.0
2026-07-17 13:51:17,0,Working,103.3,9.5,0.0,62.9,58.8,58.8
2026-07-17 13:51:17,37,Talking,50.2,9.0,5.2,49.2,44.2,44.2
2026-07-17 13:51:17,66,Talking,68.0,5.4,0.0,1.6,90.7,90.7
2026-07-17 13:51:17,0,Talking,103.7,9.5,0.0,62.9,58.9,58.9
2026-07-17 13:51:17,37,Working,50.2,9.0,5.2,49.6,44.0,44.0
2026-07-17 13:51:18,0,Working,103.7,9.5,0.0,63.4,58.7,58.7
2026-07-17 13:51:18,113,Looking Away,0.0,0.5,0.0,0.0,0.0,0.0
2026-07-17 13:51:18,114,Looking Away,0.0,0.5,0.0,0.0,0.0,0.0
2026-07-17 13:51:18,0,Talking,104.2,9.5,0.0,63.4,58.8,58.8
2026-07-17 13:51:18,115,Looking Away,0.0,0.5,0.0,0.0,0.0,0.0
2026-07-17 13:51:18,116,Looking Away,0.0,0.5,0.0,0.0,0.0,0.0
2026-07-17 13:51:19,0,Working,104.2,9.5,0.0,63.8,58.7,58.7
2026-07-17 13:51:19,37,Talking,51.7,9.0,5.2,49.6,44.7,44.7
2026-07-17 13:51:19,0,Talking,104.7,9.5,0.0,63.8,58.8,58.8
2026-07-17 13:51:20,0,Working,104.7,9.5,0.0,64.3,58.6,58.6
2026-07-17 13:51:20,117,No Laptop,0.0,0.5,0.0,0.0,0.0,0.0
2026-07-17 13:51:20,77,Working,56.6,1.7,1.2,5.4,87.2,87.2
2026-07-17 13:51:20,114,Working,0.0,2.9,0.0,0.0,0.0,0.0
2026-07-17 13:51:20,118,Working,0.0,0.6,0.0,0.0,0.0,0.0
2026-07-17 13:51:20,120,Working,0.0,0.6,0.0,0.0,0.0,0.0
2026-07-17 13:51:21,37,Working,51.7,9.0,5.2,51.6,44.0,44.0
2026-07-17 13:51:21,75,Using Phone,0.0,18.1,2.8,45.9,0.0,0.0
2026-07-17 13:51:21,77,Talking,57.2,1.7,1.2,5.4,87.3,87.3
2026-07-17 13:51:21,118,Looking Away,0.5,0.6,0.0,0.0,49.5,49.5
2026-07-17 13:51:21,37,Talking,52.2,9.0,5.2,51.6,44.2,44.2
2026-07-17 13:51:21,77,Working,57.2,1.7,1.2,5.9,86.5,86.5
2026-07-17 13:51:21,121,Working,0.0,0.5,0.0,0.0,0.0,0.0
2026-07-17 13:51:21,122,Looking Away,0.0,0.5,0.0,0.0,0.0,0.0
2026-07-17 13:51:22,37,Looking Away,52.2,9.0,5.2,52.1,44.1,44.1
2026-07-17 13:51:23,37,Talking,52.2,10.0,5.2,52.1,43.7,43.7
2026-07-17 13:51:23,77,Talking,58.6,1.7,1.2,5.9,86.8,86.8
2026-07-17 13:51:23,123,Looking Away,1.4,0.0,0.0,0.0,100.0,100.0
2026-07-17 13:51:23,124,Working,0.0,1.0,0.0,0.0,0.0,0.0
2026-07-17 13:51:23,125,Looking Away,0.0,1.0,0.0,0.0,0.0,0.0
2026-07-17 13:51:25,37,Looking Away,52.2,10.0,5.2,53.8,43.1,43.1
2026-07-17 13:51:25,77,Working,58.6,1.7,1.2,7.7,84.6,84.6
2026-07-17 13:51:25,123,Working,1.4,1.7,0.0,0.0,44.7,44.7
2026-07-17 13:51:25,127,Looking Away,1.7,0.0,0.0,0.0,100.0,100.0
2026-07-17 13:51:26,122,Using Phone,0.0,5.1,0.0,0.0,0.0,0.0
2026-07-17 13:51:27,0,Looking Away,112.0,9.5,0.0,64.3,60.3,60.3
2026-07-17 13:51:27,77,Talking,61.1,1.7,1.2,7.7,85.2,85.2
2026-07-17 13:51:27,118,Talking,0.5,6.8,0.0,0.0,7.5,7.5
2026-07-17 13:51:27,122,Talking,0.0,5.1,1.1,0.0,0.0,0.0
2026-07-17 13:51:27,125,Talking,0.0,5.2,0.0,0.0,0.0,0.0
2026-07-17 13:51:27,128,Looking Away,0.0,1.1,0.0,0.0,0.0,0.0
2026-07-17 13:51:28,0,Working,112.0,10.0,0.0,64.3,60.1,60.1
2026-07-17 13:51:28,0,Looking Away,112.4,10.0,0.0,64.3,60.2,60.2
2026-07-17 13:51:28,129,Looking Away,0.0,0.4,0.0,0.0,0.0,0.0
2026-07-17 13:51:28,0,Working,112.4,10.4,0.0,64.3,60.1,60.1
2026-07-17 13:51:28,122,Working,0.0,5.1,1.1,1.3,0.0,0.0
2026-07-17 13:51:28,123,Talking,5.2,1.7,0.0,0.0,74.8,74.8
2026-07-17 13:51:28,130,Working,0.0,0.4,0.0,0.0,0.0,0.0
2026-07-17 13:51:29,122,Talking,0.5,5.1,1.1,1.3,6.2,6.2
2026-07-17 13:51:29,123,Working,5.2,1.7,0.0,0.5,69.8,69.8
2026-07-17 13:51:29,130,Looking Away,0.5,0.4,0.0,0.0,52.9,52.9
2026-07-17 13:51:29,131,Looking Away,0.0,0.5,0.0,0.0,0.0,0.0
2026-07-17 13:51:29,0,Looking Away,113.3,10.4,0.0,64.3,60.2,60.2
2026-07-17 13:51:29,103,Looking Away,25.8,0.0,0.0,0.0,100.0,100.0
2026-07-17 13:51:29,122,Working,0.5,5.1,1.1,1.7,5.9,5.9
2026-07-17 13:51:29,123,Talking,5.6,1.7,0.0,0.5,71.3,71.3
2026-07-17 13:51:30,0,Working,113.3,10.9,0.0,64.3,60.1,60.1
2026-07-17 13:51:30,122,Talking,1.5,5.1,1.1,1.7,15.8,15.8
2026-07-17 13:51:31,123,Working,5.6,1.7,0.0,2.1,59.0,59.0
2026-07-17 13:51:31,130,Working,0.5,2.5,0.0,0.0,16.8,16.8
2026-07-17 13:51:31,132,Looking Away,0.0,0.7,0.0,0.0,0.0,0.0
2026-07-17 13:51:32,0,Looking Away,115.1,10.9,0.0,64.3,60.5,60.5
2026-07-17 13:51:32,123,Talking,6.2,1.7,0.0,2.1,61.5,61.5
2026-07-17 13:51:32,0,Working,115.1,11.4,0.0,64.3,60.3,60.3
2026-07-17 13:51:32,103,Working,25.8,2.7,0.0,0.0,90.5,90.5
2026-07-17 13:51:32,123,Working,6.2,1.7,0.0,2.6,58.9,58.9
2026-07-17 13:51:32,133,Looking Away,0.0,0.5,0.0,0.0,0.0,0.0
2026-07-17 13:51:33,0,Talking,115.6,11.4,0.0,64.3,60.4,60.4
2026-07-17 13:51:33,103,Looking Away,26.3,2.7,0.0,0.0,90.7,90.7
2026-07-17 13:51:33,123,Talking,6.7,1.7,0.0,2.6,60.9,60.9
2026-07-17 13:51:33,134,Looking Away,0.0,0.5,0.0,0.0,0.0,0.0
2026-07-17 13:51:33,0,Working,115.6,11.4,0.0,64.8,60.3,60.3
2026-07-17 13:51:33,103,Working,26.3,3.2,0.0,0.0,89.3,89.3
2026-07-17 13:51:33,136,Looking Away,0.0,0.4,0.0,0.0,0.0,0.0
2026-07-17 13:51:34,137,Working,0.0,0.5,0.0,0.0,0.0,0.0
2026-07-17 13:51:34,138,Looking Away,0.0,0.5,0.0,0.0,0.0,0.0
2026-07-17 13:51:34,139,Looking Away,0.0,0.5,0.0,0.0,0.0,0.0
2026-07-17 13:51:35,0,Looking Away,117.4,11.4,0.0,64.8,60.7,60.7
2026-07-17 13:51:35,123,Working,6.7,1.7,0.0,4.9,50.5,50.5
2026-07-17 13:51:35,123,Talking,7.2,1.7,0.0,4.9,52.2,52.2
2026-07-17 13:51:36,0,Working,117.4,12.3,0.0,64.8,60.4,60.4
2026-07-17 13:51:36,123,Working,7.2,1.7,0.0,5.3,50.5,50.5
2026-07-17 13:51:36,140,Looking Away,0.0,0.5,0.0,0.0,0.0,0.0
2026-07-17 13:51:37,134,Talking,0.0,5.0,0.0,0.0,0.0,0.0
2026-07-17 13:51:37,0,Looking Away,119.1,12.3,0.0,64.8,60.7,60.7
2026-07-17 13:51:38,0,Working,119.1,12.7,0.0,64.8,60.6,60.6
2026-07-17 13:51:38,123,Talking,9.8,1.7,0.0,5.3,58.2,58.2
2026-07-17 13:51:39,0,Talking,120.6,12.7,0.0,64.8,60.9,60.9
2026-07-17 13:51:39,139,Talking,0.0,5.5,0.0,0.0,0.0,0.0
2026-07-17 13:51:40,0,Working,120.6,12.7,0.0,65.3,60.7,60.7
2026-07-17 13:51:41,141,Looking Away,0.0,0.5,0.0,0.0,0.0,0.0
2026-07-17 13:51:41,0,Talking,122.1,12.7,0.0,65.3,61.0,61.0
2026-07-17 13:51:43,0,Working,122.1,12.7,0.0,66.5,60.6,60.6
2026-07-17 13:51:43,0,Talking,122.6,12.7,0.0,66.5,60.7,60.7
2026-07-17 13:51:43,142,Looking Away,0.0,0.4,0.0,0.0,0.0,0.0
2026-07-17 13:51:44,134,Working,0.0,5.0,0.0,7.1,0.0,0.0
2026-07-17 13:51:44,143,Looking Away,0.0,0.5,0.0,0.0,0.0,0.0
2026-07-17 13:51:45,134,Talking,0.6,5.0,0.0,7.1,4.5,4.5
2026-07-17 13:51:45,77,Using Phone,61.1,1.7,1.2,25.9,68.0,68.0
2026-07-17 13:51:45,134,Using Phone,0.6,5.0,0.0,7.7,4.3,4.3
2026-07-17 13:51:46,77,Talking,61.1,1.7,1.8,25.9,67.5,67.5
2026-07-17 13:51:46,134,Talking,0.6,5.0,0.6,7.7,4.1,4.1
2026-07-17 13:51:46,144,Looking Away,0.0,0.6,0.0,0.0,0.0,0.0
2026-07-17 13:51:46,103,Talking,39.7,3.2,0.0,0.0,92.6,92.6
2026-07-17 13:51:47,0,Working,122.6,12.7,0.0,70.3,59.6,59.6
2026-07-17 13:51:47,103,Working,39.7,3.2,0.0,0.5,91.6,91.6
2026-07-17 13:51:47,0,Talking,123.1,12.7,0.0,70.3,59.7,59.7
2026-07-17 13:51:47,103,Talking,40.2,3.2,0.0,0.5,91.7,91.7
2026-07-17 13:51:47,145,Looking Away,0.0,0.5,0.0,0.0,0.0,0.0
2026-07-17 13:51:48,0,Working,123.1,12.7,0.0,70.9,59.6,59.6
2026-07-17 13:51:48,103,Looking Away,40.2,3.2,0.0,1.1,90.5,90.5
2026-07-17 13:51:48,134,Working,0.6,5.0,0.6,9.8,3.6,3.6
2026-07-17 13:51:48,146,Looking Away,0.0,0.6,0.0,0.0,0.0,0.0
2026-07-17 13:51:48,0,Talking,123.5,12.7,0.0,70.9,59.6,59.6
2026-07-17 13:51:48,103,Talking,40.2,3.6,0.0,1.1,89.7,89.7
2026-07-17 13:51:48,134,Talking,1.0,5.0,0.6,9.8,6.0,6.0
2026-07-17 13:51:50,144,Talking,0.0,5.1,0.0,0.0,0.0,0.0
2026-07-17 13:51:51,123,Working,9.8,1.7,0.0,17.8,33.4,33.4
2026-07-17 13:51:51,118,Working,0.5,6.8,0.0,24.2,1.7,1.7
2026-07-17 13:51:51,123,Talking,10.3,1.7,0.0,17.8,34.5,34.5
2026-07-17 13:51:52,145,Working,0.0,5.1,0.0,0.0,0.0,0.0
2026-07-17 13:51:52,123,Working,10.3,1.7,0.0,18.9,33.3,33.3
2026-07-17 13:51:54,123,Talking,12.0,1.7,0.0,18.9,36.7,36.7
2026-07-17 13:51:54,148,Looking Away,0.0,0.6,0.0,0.0,0.0,0.0
2026-07-17 13:51:55,0,Working,123.5,12.7,0.0,77.2,57.9,57.9
2026-07-17 13:51:55,77,Using Phone,61.1,1.7,1.8,34.7,61.5,61.5
2026-07-17 13:51:55,103,Working,40.2,3.6,0.0,7.4,78.6,78.6
2026-07-17 13:51:55,144,Looking Away,0.0,5.1,0.0,4.3,0.0,0.0
2026-07-17 13:51:55,118,Talking,4.4,6.8,0.0,24.2,12.4,12.4
2026-07-17 13:51:55,147,Looking Away,2.2,0.0,0.0,0.0,100.0,100.0
2026-07-17 13:51:56,77,Talking,61.1,1.7,2.8,34.7,60.9,60.9
2026-07-17 13:51:56,103,Talking,41.8,3.6,0.0,7.4,79.2,79.2
2026-07-17 13:51:56,144,Talking,0.0,6.6,0.0,4.3,0.0,0.0
2026-07-17 13:51:57,149,Looking Away,0.0,0.5,0.0,0.0,0.0,0.0
2026-07-17 13:51:58,150,Looking Away,0.0,0.5,0.0,0.0,0.0,0.0
2026-07-17 13:51:58,103,Looking Away,41.8,3.6,0.0,9.5,76.2,76.2
2026-07-17 13:51:58,144,Working,0.0,6.6,0.0,6.4,0.0,0.0
2026-07-17 13:51:58,151,Looking Away,0.0,0.6,0.0,0.0,0.0,0.0
2026-07-17 13:51:59,103,Talking,41.8,4.1,0.0,9.5,75.4,75.4
2026-07-17 13:51:59,152,Looking Away,0.0,0.6,0.0,0.0,0.0,0.0
2026-07-17 13:51:59,77,Looking Away,61.1,1.7,2.8,38.4,58.7,58.7
2026-07-17 13:51:59,103,Working,41.8,4.1,0.0,10.1,74.6,74.6
2026-07-17 13:51:59,118,Looking Away,4.4,6.8,0.0,28.5,11.1,11.1
2026-07-17 13:51:59,123,Working,12.0,1.7,0.0,24.2,31.6,31.6
2026-07-17 13:51:59,147,Working,2.2,4.2,0.0,0.0,34.5,34.5
2026-07-17 13:52:01,77,Talking,61.1,3.4,2.8,38.4,57.8,57.8
2026-07-17 13:52:01,118,Talking,4.4,8.4,0.0,28.5,10.6,10.6
2026-07-17 13:52:01,123,Talking,13.7,1.7,0.0,24.2,34.5,34.5
2026-07-17 13:52:01,147,Talking,3.9,4.2,0.0,0.0,47.8,47.8
2026-07-17 13:52:01,153,Looking Away,0.0,0.6,0.0,0.0,0.0,0.0
2026-07-17 13:52:02,103,Talking,43.9,4.1,0.0,10.1,75.5,75.5
2026-07-17 13:52:02,151,Working,0.0,3.8,0.0,0.0,0.0,0.0
2026-07-17 13:52:05,77,Using Phone,61.1,3.4,2.8,42.6,55.6,55.6
2026-07-17 13:52:06,77,Talking,61.1,3.4,3.9,42.6,55.1,55.1
2026-07-17 13:52:08,155,Looking Away,0.0,1.3,0.0,0.0,0.0,0.0
2026-07-17 13:52:10,77,Using Phone,61.1,3.4,3.9,46.7,53.1,53.1
2026-07-17 13:52:10,103,Working,43.9,4.1,0.0,18.9,65.5,65.5
2026-07-17 13:52:10,118,Looking Away,4.4,8.4,0.0,37.8,8.7,8.7
2026-07-17 13:52:10,123,Working,13.7,1.7,0.0,33.6,27.9,27.9
2026-07-17 13:52:10,147,Working,3.9,4.2,0.0,9.3,22.3,22.3
2026-07-17 13:52:10,154,Looking Away,5.2,0.0,0.0,0.0,100.0,100.0
2026-07-17 13:52:10,155,Using Phone,0.0,4.1,0.0,0.0,0.0,0.0
2026-07-17 13:52:10,156,Looking Away,2.8,0.0,0.0,0.0,100.0,100.0
2026-07-17 13:52:12,118,Talking,4.4,9.6,0.0,37.8,8.5,8.5
2026-07-17 13:52:12,123,Talking,14.8,1.7,0.0,33.6,29.6,29.6
2026-07-17 13:52:13,147,Talking,6.2,4.2,0.0,9.3,31.5,31.5
2026-07-17 13:52:13,155,Working,0.0,4.1,2.3,0.0,0.0,0.0
2026-07-17 13:52:14,155,Talking,1.3,4.1,2.3,0.0,16.6,16.6
2026-07-17 13:52:15,103,Talking,48.7,4.1,0.0,18.9,67.9,67.9
2026-07-17 13:52:15,157,Looking Away,0.0,1.2,0.0,0.0,0.0,0.0
2026-07-17 13:52:17,103,Working,48.7,4.1,0.0,20.2,66.7,66.7
2026-07-17 13:52:17,155,Using Phone,1.3,4.1,2.3,2.5,12.5,12.5
2026-07-17 13:52:17,156,Talking,2.8,6.1,0.0,0.0,31.3,31.3
2026-07-17 13:52:17,158,Looking Away,0.0,1.3,0.0,0.0,0.0,0.0
2026-07-17 13:52:18,103,Talking,49.8,4.1,0.0,20.2,67.1,67.1
2026-07-17 13:52:18,155,Talking,1.3,4.1,3.4,2.5,11.4,11.4
2026-07-17 13:52:19,159,Using Phone,0.0,1.2,0.0,0.0,0.0,0.0
2026-07-17 13:52:19,160,Looking Away,0.0,1.2,0.0,0.0,0.0,0.0
2026-07-17 13:52:20,103,Looking Away,49.8,4.1,0.0,22.5,65.1,65.1
2026-07-17 13:52:20,156,Looking Away,2.8,6.1,0.0,3.3,22.8,22.8
2026-07-17 13:52:21,103,Working,49.8,5.3,0.0,22.5,64.2,64.2
2026-07-17 13:52:23,156,Talking,2.8,9.6,0.0,3.3,17.7,17.7
2026-07-17 13:52:23,160,Talking,0.0,5.8,0.0,0.0,0.0,0.0
2026-07-17 13:52:26,161,Looking Away,0.0,1.1,0.0,0.0,0.0,0.0
2026-07-17 13:52:27,103,Talking,55.6,5.3,0.0,22.5,66.7,66.7
2026-07-17 13:52:27,118,Working,4.4,9.6,0.0,53.2,6.5,6.5
2026-07-17 13:52:27,162,Looking Away,0.0,1.2,0.0,0.0,0.0,0.0
2026-07-17 13:52:28,118,Talking,5.6,9.6,0.0,53.2,8.2,8.2
2026-07-17 13:52:29,103,Working,55.6,5.3,0.0,24.8,64.9,64.9
2026-07-17 13:52:29,159,Talking,0.0,1.2,10.4,0.0,0.0,0.0
2026-07-17 13:52:30,163,Looking Away,0.0,1.1,0.0,0.0,0.0,0.0
2026-07-17 13:52:31,118,Working,5.6,9.6,0.0,56.5,7.8,7.8
2026-07-17 13:52:31,162,Talking,0.0,5.8,0.0,0.0,0.0,0.0
2026-07-17 13:52:33,103,Talking,59.2,5.3,0.0,24.8,66.3,66.3
2026-07-17 13:52:33,164,Looking Away,0.0,1.2,0.0,0.0,0.0,0.0
2026-07-17 13:52:34,123,Working,14.8,1.7,0.0,55.9,20.4,20.4
2026-07-17 13:52:35,118,Talking,9.3,9.6,0.0,56.5,12.4,12.4
2026-07-17 13:52:35,156,Working,2.8,9.6,0.0,15.2,10.1,10.1
2026-07-17 13:52:35,159,Using Phone,0.0,1.2,10.4,6.0,0.0,0.0
2026-07-17 13:52:35,163,Using Phone,0.0,6.0,0.0,0.0,0.0,0.0
2026-07-17 13:52:35,165,Looking Away,0.0,1.3,0.0,0.0,0.0,0.0
2026-07-17 13:52:37,118,Working,9.3,9.6,0.0,57.8,12.2,12.2
2026-07-17 13:52:37,156,Talking,4.1,9.6,0.0,15.2,14.1,14.1
2026-07-17 13:52:37,159,Talking,0.0,1.2,11.7,6.0,0.0,0.0
2026-07-17 13:52:37,163,Talking,0.0,6.0,1.3,0.0,0.0,0.0
2026-07-17 13:52:37,166,Looking Away,0.0,1.3,0.0,0.0,0.0,0.0
2026-07-17 13:52:38,147,Working,6.2,4.2,0.0,34.5,13.9,13.9
2026-07-17 13:52:38,159,Using Phone,0.0,1.2,11.7,7.4,0.0,0.0
2026-07-17 13:52:38,163,Using Phone,0.0,6.0,1.3,1.4,0.0,0.0
2026-07-17 13:52:38,167,Looking Away,0.0,1.4,0.0,0.0,0.0,0.0
2026-07-17 13:52:40,118,Talking,12.4,9.6,0.0,57.8,15.5,15.5
2026-07-17 13:52:40,147,Talking,7.9,4.2,0.0,34.5,16.9,16.9
2026-07-17 13:52:40,165,Talking,0.0,5.6,0.0,0.0,0.0,0.0
2026-07-17 13:52:41,103,Working,59.2,5.3,0.0,33.1,60.7,60.7
2026-07-17 13:52:41,166,Talking,0.0,5.8,0.0,0.0,0.0,0.0
2026-07-17 13:52:41,168,Looking Away,0.0,1.5,0.0,0.0,0.0,0.0
2026-07-17 13:52:42,103,Talking,60.2,5.3,0.0,33.1,61.1,61.1
2026-07-17 13:52:42,167,Talking,0.0,5.5,0.0,0.0,0.0,0.0
2026-07-17 13:52:43,169,Looking Away,0.0,1.2,0.0,0.0,0.0,0.0
2026-07-17 13:52:43,170,Looking Away,0.0,1.2,0.0,0.0,0.0,0.0
2026-07-17 13:52:46,171,Looking Away,0.0,1.3,0.0,0.0,0.0,0.0
2026-07-17 13:52:47,159,Talking,0.0,1.2,20.7,7.4,0.0,0.0
2026-07-17 13:52:47,163,Talking,0.0,6.0,10.3,1.4,0.0,0.0
2026-07-17 13:52:48,172,Looking Away,0.0,1.3,0.0,0.0,0.0,0.0
2026-07-17 13:52:48,173,Looking Away,0.0,1.3,0.0,0.0,0.0,0.0
2026-07-17 13:52:50,103,Working,60.2,5.3,0.0,40.7,56.7,56.7
2026-07-17 13:52:50,147,Working,7.9,4.2,0.0,44.7,13.9,13.9
2026-07-17 13:52:50,159,Using Phone,0.0,1.2,20.7,10.2,0.0,0.0
2026-07-17 13:52:50,163,Using Phone,0.0,6.0,10.3,4.2,0.0,0.0
2026-07-17 13:52:50,171,Working,0.0,5.3,0.0,0.0,0.0,0.0
2026-07-17 13:52:50,174,Looking Away,0.0,1.4,0.0,0.0,0.0,0.0
2026-07-17 13:52:51,103,Talking,61.9,5.3,0.0,40.7,57.4,57.4
2026-07-17 13:52:51,175,Looking Away,0.0,1.7,0.0,0.0,0.0,0.0
2026-07-17 13:52:51,176,Looking Away,0.0,1.7,0.0,0.0,0.0,0.0
2026-07-17 13:52:52,147,Talking,10.6,4.2,0.0,44.7,17.8,17.8
2026-07-17 13:52:52,159,Talking,0.0,1.2,23.4,10.2,0.0,0.0
2026-07-17 13:52:52,163,Talking,0.0,6.0,13.0,4.2,0.0,0.0
2026-07-17 13:52:54,103,Working,61.9,5.3,0.0,43.2,56.1,56.1
2026-07-17 13:52:54,118,Working,12.4,9.6,0.0,72.1,13.1,13.1
2026-07-17 13:52:54,147,Working,10.6,4.2,0.0,46.1,17.3,17.3
2026-07-17 13:52:54,159,Using Phone,0.0,1.2,23.4,11.7,0.0,0.0
2026-07-17 13:52:54,163,Using Phone,0.0,6.0,13.0,5.7,0.0,0.0
2026-07-17 13:52:54,177,Working,0.0,1.5,0.0,0.0,0.0,0.0
2026-07-17 13:52:54,178,Looking Away,0.0,1.5,0.0,0.0,0.0,0.0
2026-07-17 13:52:54,179,Looking Away,0.0,1.5,0.0,0.0,0.0,0.0
2026-07-17 13:52:55,156,Working,4.1,9.6,0.0,34.0,8.5,8.5
2026-07-17 13:52:55,159,Talking,0.0,1.2,24.9,11.7,0.0,0.0
2026-07-17 13:52:55,163,Talking,0.0,6.0,14.5,5.7,0.0,0.0
2026-07-17 13:52:55,175,Talking,0.0,5.6,0.0,0.0,0.0,0.0
2026-07-17 13:52:57,159,Using Phone,0.0,1.2,24.9,13.3,0.0,0.0
2026-07-17 13:52:57,163,Using Phone,0.0,6.0,14.5,7.2,0.0,0.0
2026-07-17 13:52:58,156,Talking,6.3,9.6,0.0,34.0,12.6,12.6
2026-07-17 13:52:58,159,Talking,0.0,1.2,25.6,13.3,0.0,0.0
2026-07-17 13:52:58,163,Talking,0.0,6.0,15.1,7.2,0.0,0.0
2026-07-17 13:52:58,183,Looking Away,0.0,0.5,0.0,0.0,0.0,0.0
2026-07-17 13:53:01,103,Talking,69.4,5.3,0.0,43.2,58.9,58.9
2026-07-17 13:53:02,103,Working,69.4,5.3,0.0,44.0,58.5,58.5
2026-07-17 13:53:02,147,Talking,18.8,4.2,0.0,46.1,27.2,27.2
2026-07-17 13:53:02,156,Working,6.3,9.6,0.0,38.5,11.6,11.6
2026-07-17 13:53:02,147,Working,18.8,4.2,0.0,46.5,27.0,27.0
2026-07-17 13:53:02,156,Talking,6.7,9.6,0.0,38.5,12.2,12.2
2026-07-17 13:53:03,103,Using Phone,70.1,5.3,0.0,44.0,58.7,58.7
2026-07-17 13:53:03,156,Using Phone,6.7,9.6,0.0,38.9,12.1,12.1
2026-07-17 13:53:03,186,Looking Away,0.0,0.4,0.0,0.0,0.0,0.0
2026-07-17 13:53:03,103,Talking,70.1,5.3,0.4,44.0,58.5,58.5
2026-07-17 13:53:03,156,Talking,6.7,9.6,0.4,38.9,12.0,12.0
2026-07-17 13:53:03,183,Talking,0.0,5.4,0.0,0.0,0.0,0.0
2026-07-17 13:53:04,180,Looking Away,8.4,0.0,0.0,0.0,100.0,100.0
2026-07-17 13:53:04,187,Looking Away,0.0,0.4,0.0,0.0,0.0,0.0
2026-07-17 13:53:04,147,Talking,20.4,4.2,0.0,46.5,28.7,28.7
2026-07-17 13:53:05,103,Working,70.1,5.3,0.4,45.2,57.9,57.9
2026-07-17 13:53:05,147,Working,20.4,4.2,0.0,47.0,28.5,28.5
2026-07-17 13:53:05,159,Using Phone,0.0,1.2,25.6,20.2,0.0,0.0
2026-07-17 13:53:05,163,Using Phone,0.0,6.0,15.1,14.2,0.0,0.0
2026-07-17 13:53:05,187,Working,0.0,1.3,0.0,0.0,0.0,0.0
2026-07-17 13:53:05,156,Using Phone,6.7,9.6,0.4,40.8,11.6,11.6
2026-07-17 13:53:05,188,Looking Away,0.0,0.6,0.0,0.0,0.0,0.0
2026-07-17 13:53:06,156,Talking,6.7,9.6,1.0,40.8,11.5,11.5
2026-07-17 13:53:06,159,Talking,0.0,1.2,26.7,20.2,0.0,0.0
2026-07-17 13:53:06,163,Talking,0.0,6.0,16.3,14.2,0.0,0.0
2026-07-17 13:53:06,147,Talking,22.2,4.2,0.0,47.0,30.2,30.2
2026-07-17 13:53:06,189,Looking Away,0.6,0.0,0.0,0.0,100.0,100.0
2026-07-17 13:53:07,159,Working,0.0,1.2,26.7,21.4,0.0,0.0
2026-07-17 13:53:07,159,Talking,0.4,1.2,26.7,21.4,0.9,0.9
2026-07-17 13:53:07,190,Looking Away,0.0,0.4,0.0,0.0,0.0,0.0
2026-07-17 13:53:08,103,Talking,73.4,5.3,0.4,45.2,59.0,59.0
2026-07-17 13:53:08,103,Working,73.4,5.3,0.4,45.8,58.8,58.8
2026-07-17 13:53:09,159,Using Phone,0.4,1.2,26.7,23.0,0.9,0.9
2026-07-17 13:53:09,163,Using Phone,0.0,6.0,16.3,17.4,0.0,0.0
2026-07-17 13:53:09,180,Talking,8.4,5.2,0.0,0.0,61.5,61.5
2026-07-17 13:53:10,156,Working,6.7,9.6,1.0,45.3,10.7,10.7
2026-07-17 13:53:10,192,Looking Away,0.0,0.5,0.0,0.0,0.0,0.0
2026-07-17 13:53:11,103,Talking,76.1,5.3,0.4,45.8,59.7,59.7
2026-07-17 13:53:11,156,Talking,7.6,9.6,1.0,45.3,11.9,11.9
2026-07-17 13:53:12,103,Working,76.1,5.3,0.4,46.2,59.5,59.5
2026-07-17 13:53:12,159,Talking,0.4,1.2,29.3,23.0,0.8,0.8
2026-07-17 13:53:12,163,Talking,0.0,6.0,18.9,17.4,0.0,0.0
2026-07-17 13:53:12,191,Looking Away,1.8,0.0,0.0,0.0,100.0,100.0
2026-07-17 13:53:12,103,Talking,76.6,5.3,0.4,46.2,59.6,59.6
2026-07-17 13:53:13,103,Looking Away,76.6,5.3,0.4,46.7,59.4,59.4
2026-07-17 13:53:13,156,Working,7.6,9.6,1.0,46.7,11.7,11.7
2026-07-17 13:53:13,159,Using Phone,0.4,1.2,29.3,24.0,0.8,0.8
2026-07-17 13:53:13,163,Using Phone,0.0,6.0,18.9,18.4,0.0,0.0
2026-07-17 13:53:13,191,Working,1.8,1.0,0.0,0.0,64.0,64.0
2026-07-17 13:53:13,193,Looking Away,0.0,0.5,0.0,0.0,0.0,0.0
2026-07-17 13:53:13,156,Talking,8.0,9.6,1.0,46.7,12.3,12.3
2026-07-17 13:53:14,147,Working,22.2,4.2,0.0,54.1,27.5,27.5
2026-07-17 13:53:14,194,Working,0.0,0.5,0.0,0.0,0.0,0.0
2026-07-17 13:53:14,147,Talking,22.8,4.2,0.0,54.1,28.1,28.1
2026-07-17 13:53:15,156,Working,8.0,9.6,1.0,49.1,11.9,11.9
2026-07-17 13:53:16,156,Talking,9.1,9.6,1.0,49.1,13.2,13.2
2026-07-17 13:53:16,195,Looking Away,0.0,0.6,0.0,0.0,0.0,0.0
2026-07-17 13:53:17,194,Looking Away,3.4,0.5,0.0,0.0,86.5,86.5
2026-07-17 13:53:18,194,Working,3.4,1.5,0.0,0.0,70.1,70.1
2026-07-17 13:53:18,194,Talking,3.9,1.5,0.0,0.0,72.8,72.8
2026-07-17 13:53:20,156,Working,9.1,9.6,1.0,52.8,12.5,12.5
2026-07-17 13:53:20,196,Looking Away,0.0,0.4,0.0,0.0,0.0,0.0
2026-07-17 13:53:21,156,Talking,9.5,9.6,1.0,52.8,13.1,13.1
2026-07-17 13:53:21,194,Working,3.9,1.5,0.0,2.2,51.7,51.7
2026-07-17 13:53:21,180,Working,8.4,5.2,0.0,12.1,32.5,32.5
2026-07-17 13:53:21,197,Working,0.0,0.6,0.0,0.0,0.0,0.0
2026-07-17 13:53:21,198,Looking Away,0.0,0.6,0.0,0.0,0.0,0.0
2026-07-17 13:53:22,147,Working,22.8,4.2,0.0,61.7,25.7,25.7
2026-07-17 13:53:22,194,Talking,5.1,1.5,0.0,2.2,58.3,58.3
2026-07-17 13:53:22,199,Looking Away,0.0,0.7,0.0,0.0,0.0,0.0
2026-07-17 13:53:22,147,Talking,23.4,4.2,0.0,61.7,26.1,26.1
2026-07-17 13:53:22,180,Talking,9.6,5.2,0.0,12.1,35.5,35.5
2026-07-17 13:53:23,147,Working,23.4,4.2,0.0,62.3,26.0,26.0
2026-07-17 13:53:23,156,Working,9.5,9.6,1.0,55.0,12.7,12.7
2026-07-17 13:53:23,200,Looking Away,0.0,0.5,0.0,0.0,0.0,0.0
2026-07-17 13:53:23,201,Looking Away,0.0,0.5,0.0,0.0,0.0,0.0
2026-07-17 13:53:23,147,Talking,24.0,4.2,0.0,62.3,26.5,26.5
2026-07-17 13:53:23,156,Talking,10.1,9.6,1.0,55.0,13.4,13.4
2026-07-17 13:53:23,194,Working,5.1,1.5,0.0,3.8,49.1,49.1
2026-07-17 13:53:25,202,Looking Away,0.0,0.5,0.0,0.0,0.0,0.0
2026-07-17 13:53:26,180,Working,9.6,5.2,0.0,15.7,31.4,31.4
2026-07-17 13:53:27,159,Talking,0.4,1.2,44.2,24.0,0.6,0.6
2026-07-17 13:53:27,163,Talking,0.0,6.0,33.8,18.4,0.0,0.0
2026-07-17 13:53:28,156,Working,10.1,9.6,1.0,59.6,12.6,12.6
2026-07-17 13:53:28,159,Using Phone,0.4,1.2,44.2,24.5,0.6,0.6
2026-07-17 13:53:28,163,Using Phone,0.0,6.0,33.8,18.9,0.0,0.0
2026-07-17 13:53:28,194,Talking,9.7,1.5,0.0,3.8,64.5,64.5
2026-07-17 13:53:28,156,Talking,10.6,9.6,1.0,59.6,13.1,13.1
2026-07-17 13:53:29,194,Working,9.7,1.5,0.0,4.8,60.6,60.6
2026-07-17 13:53:29,194,Talking,10.1,1.5,0.0,4.8,61.8,61.8
2026-07-17 13:53:30,156,Working,10.6,9.6,1.0,61.0,12.9,12.9
2026-07-17 13:53:30,202,Talking,0.0,5.4,0.0,0.0,0.0,0.0
2026-07-17 13:53:30,156,Talking,11.1,9.6,1.0,61.0,13.4,13.4
2026-07-17 13:53:30,194,Working,10.1,1.5,0.0,5.8,58.4,58.4
2026-07-17 13:53:31,147,Working,24.0,4.2,0.0,69.8,24.4,24.4
2026-07-17 13:53:31,156,Working,11.1,9.6,1.0,61.6,13.3,13.3
2026-07-17 13:53:31,159,Working,0.4,1.2,47.7,24.5,0.6,0.6
2026-07-17 13:53:31,163,Looking Away,0.0,6.0,37.3,18.9,0.0,0.0
2026-07-17 13:53:31,202,Looking Away,0.0,5.4,0.0,1.6,0.0,0.0
2026-07-17 13:53:32,159,Talking,1.0,1.2,47.7,24.5,1.3,1.3
2026-07-17 13:53:32,163,Talking,0.0,6.5,37.3,18.9,0.0,0.0
2026-07-17 13:53:32,202,Talking,0.0,6.0,0.0,1.6,0.0,0.0
2026-07-17 13:53:33,156,Talking,12.7,9.6,1.0,61.6,15.0,15.0
2026-07-17 13:53:34,156,Working,12.7,9.6,1.0,62.7,14.8,14.8
2026-07-17 13:53:34,147,Talking,27.2,4.2,0.0,69.8,26.8,26.8
2026-07-17 13:53:34,203,Looking Away,0.0,0.5,0.0,0.0,0.0,0.0
2026-07-17 13:53:35,147,Working,27.2,4.2,0.0,70.3,26.7,26.7
2026-07-17 13:53:35,180,Talking,18.4,5.2,0.0,15.7,46.9,46.9
2026-07-17 13:53:35,202,Working,0.0,6.0,0.0,4.4,0.0,0.0
2026-07-17 13:53:35,203,Working,0.0,1.1,0.0,0.0,0.0,0.0
2026-07-17 13:53:35,156,Talking,14.3,9.6,1.0,62.7,16.3,16.3
2026-07-17 13:53:36,180,Working,18.4,5.2,0.0,16.7,45.7,45.7
2026-07-17 13:53:36,180,Talking,18.9,5.2,0.0,16.7,46.4,46.4
2026-07-17 13:53:37,180,Working,18.9,5.2,0.0,17.2,45.8,45.8
2026-07-17 13:53:37,206,No Laptop,0.0,0.5,0.0,0.0,0.0,0.0
2026-07-17 13:53:37,156,Working,14.3,9.6,1.0,64.7,15.9,15.9
2026-07-17 13:53:37,159,Using Phone,1.0,1.2,47.7,29.8,1.2,1.2
2026-07-17 13:53:37,180,Talking,19.5,5.2,0.0,17.2,46.5,46.5
2026-07-17 13:53:37,206,Working,0.0,1.1,0.0,0.0,0.0,0.0
2026-07-17 13:53:38,159,Looking Away,1.0,1.2,48.2,29.8,1.2,1.2
2026-07-17 13:53:38,180,Looking Away,19.5,5.2,0.0,17.7,45.9,45.9
2026-07-17 13:53:38,208,Using Phone,0.0,0.5,0.0,0.0,0.0,0.0
2026-07-17 13:53:39,156,Talking,15.5,9.6,1.0,64.7,17.1,17.1
2026-07-17 13:53:39,159,Talking,1.0,1.9,48.2,29.8,1.2,1.2
2026-07-17 13:53:39,180,Working,19.5,6.0,0.0,17.7,45.1,45.1
2026-07-17 13:53:39,206,Looking Away,1.2,1.1,0.0,0.0,53.6,53.6
2026-07-17 13:53:39,208,Looking Away,0.0,0.5,0.7,0.0,0.0,0.0
2026-07-17 13:53:39,210,Looking Away,0.0,0.0,0.7,0.0,0.0,0.0
2026-07-17 13:53:39,211,No Laptop,0.0,0.7,0.0,0.0,0.0,0.0
2026-07-17 13:53:39,156,Working,15.5,9.6,1.0,65.3,17.0,17.0
2026-07-17 13:53:39,206,Working,1.2,1.7,0.0,0.0,43.0,43.0
2026-07-17 13:53:39,212,Working,0.0,0.6,0.0,0.0,0.0,0.0
2026-07-17 13:53:40,180,Looking Away,20.7,6.0,0.0,17.7,46.6,46.6
2026-07-17 13:53:40,208,Using Phone,0.0,1.7,0.7,0.0,0.0,0.0
2026-07-17 13:53:40,203,Looking Away,5.6,1.1,0.0,0.0,84.1,84.1
2026-07-17 13:53:41,156,Looking Away,17.3,9.6,1.0,65.3,18.5,18.5
2026-07-17 13:53:41,180,Working,20.7,7.1,0.0,17.7,45.4,45.4
2026-07-17 13:53:41,203,Working,5.6,1.6,0.0,0.0,77.6,77.6
2026-07-17 13:53:41,211,Working,0.0,3.1,0.0,0.0,0.0,0.0
2026-07-17 13:53:41,180,Looking Away,21.3,7.1,0.0,17.7,46.2,46.2
2026-07-17 13:53:41,210,Working,0.0,2.9,0.7,0.0,0.0,0.0
2026-07-17 13:53:41,211,No Laptop,0.6,3.1,0.0,0.0,16.4,16.4
2026-07-17 13:53:42,210,Looking Away,0.5,2.9,0.7,0.0,13.0,13.0
2026-07-17 13:53:43,156,Working,17.3,11.3,1.0,65.3,18.2,18.2
2026-07-17 13:53:43,180,Talking,21.3,8.8,0.0,17.7,44.5,44.5
2026-07-17 13:53:43,210,Talking,0.5,4.1,0.7,0.0,10.2,10.2
2026-07-17 13:53:44,156,Talking,18.3,11.3,1.0,65.3,19.1,19.1
2026-07-17 13:53:44,211,Talking,0.6,5.2,0.0,0.0,10.3,10.3
2026-07-17 13:53:45,156,Working,18.3,11.3,1.0,66.4,18.9,18.9
2026-07-17 13:53:45,156,Talking,18.9,11.3,1.0,66.4,19.3,19.3
2026-07-17 13:53:45,203,No Laptop,10.0,1.6,0.0,0.0,86.1,86.1
2026-07-17 13:53:46,156,Working,18.9,11.3,1.0,66.9,19.2,19.2
2026-07-17 13:53:46,203,Talking,10.0,2.2,0.0,0.0,82.1,82.1
2026-07-17 13:53:46,156,Talking,19.4,11.3,1.0,66.9,19.7,19.7
2026-07-17 13:53:46,208,Talking,0.0,1.7,7.3,0.0,0.0,0.0
2026-07-17 13:53:47,156,Working,19.4,11.3,1.0,67.5,19.5,19.5
2026-07-17 13:53:47,218,Looking Away,2.2,0.0,0.0,0.0,100.0,100.0
2026-07-17 13:53:47,220,Looking Away,0.0,0.6,0.0,0.0,0.0,0.0
2026-07-17 13:53:47,147,Talking,39.7,4.2,0.0,70.3,34.8,34.8
2026-07-17 13:53:48,147,Working,39.7,4.2,0.0,70.7,34.6,34.6
2026-07-17 13:53:48,156,Talking,20.2,11.3,1.0,67.5,20.2,20.2
2026-07-17 13:53:48,221,Looking Away,0.0,0.5,0.0,0.0,0.0,0.0
2026-07-17 13:53:48,222,Looking Away,0.0,0.5,0.0,0.0,0.0,0.0
2026-07-17 13:53:49,223,Working,0.0,0.5,0.0,0.0,0.0,0.0
2026-07-17 13:53:49,224,Working,0.0,0.5,0.0,0.0,0.0,0.0
2026-07-17 13:53:50,224,No Laptop,0.5,0.5,0.0,0.0,49.3,49.3
2026-07-17 13:53:51,156,Working,20.2,11.3,1.0,70.4,19.6,19.6
2026-07-17 13:53:51,226,Looking Away,0.0,0.4,0.0,0.0,0.0,0.0
2026-07-17 13:53:51,156,Talking,21.1,11.3,1.0,70.4,20.3,20.3
2026-07-17 13:53:51,194,Talking,31.2,1.5,0.0,5.8,81.2,81.2
2026-07-17 13:53:51,226,Working,0.0,0.8,0.0,0.0,0.0,0.0
2026-07-17 13:53:51,227,Working,0.0,0.4,0.0,0.0,0.0,0.0
2026-07-17 13:53:52,194,Working,31.2,1.5,0.0,6.2,80.2,80.2
2026-07-17 13:53:52,227,No Laptop,0.5,0.4,0.0,0.0,52.5,52.5
2026-07-17 13:53:53,227,Working,0.5,1.5,0.0,0.0,24.4,24.4
2026-07-17 13:53:53,156,Working,21.1,11.3,1.0,72.4,19.9,19.9
2026-07-17 13:53:53,227,No Laptop,0.9,1.5,0.0,0.0,38.0,38.0
2026-07-17 13:53:54,227,Working,0.9,2.1,0.0,0.0,30.4,30.4
2026-07-17 13:53:54,230,Looking Away,0.6,0.0,0.0,0.0,100.0,100.0
2026-07-17 13:53:55,156,Talking,22.5,11.3,1.0,72.4,21.0,21.0
2026-07-17 13:53:55,180,Working,21.3,8.8,0.0,29.9,35.5,35.5
2026-07-17 13:53:55,230,Working,0.6,1.3,0.0,0.0,31.3,31.3
2026-07-17 13:53:55,231,Looking Away,0.0,0.5,0.0,0.0,0.0,0.0
2026-07-17 13:53:55,232,Looking Away,0.0,0.5,0.0,0.0,0.0,0.0
2026-07-17 13:53:56,233,No Laptop,0.6,0.0,0.0,0.0,100.0,100.0
2026-07-17 13:53:56,234,Looking Away,0.6,0.0,0.0,0.0,100.0,100.0
2026-07-17 13:53:56,233,Working,0.6,0.6,0.0,0.0,51.0,51.0
2026-07-17 13:53:57,156,Working,22.5,11.3,1.0,74.6,20.6,20.6
2026-07-17 13:53:57,180,Talking,23.0,8.8,0.0,29.9,37.3,37.3
2026-07-17 13:53:57,194,Talking,36.4,1.5,0.0,6.2,82.5,82.5
2026-07-17 13:53:57,230,Looking Away,2.3,1.3,0.0,0.0,63.8,63.8
2026-07-17 13:53:57,233,No Laptop,1.2,0.6,0.0,0.0,67.6,67.6
2026-07-17 13:53:57,234,Working,0.6,1.2,0.0,0.0,33.7,33.7
2026-07-17 13:53:58,156,Talking,23.0,11.3,1.0,74.6,20.9,20.9
2026-07-17 13:53:58,180,Working,23.0,8.8,0.0,30.4,37.0,37.0
2026-07-17 13:53:58,230,Working,2.3,1.8,0.0,0.0,56.4,56.4
2026-07-17 13:53:58,180,Talking,23.6,8.8,0.0,30.4,37.6,37.6
2026-07-17 13:53:58,230,Looking Away,3.0,1.8,0.0,0.0,62.0,62.0
2026-07-17 13:53:58,235,Looking Away,0.0,0.6,0.0,0.0,0.0,0.0
2026-07-17 13:53:59,230,Working,3.0,2.3,0.0,0.0,56.7,56.7
2026-07-17 13:53:59,230,Talking,3.4,2.3,0.0,0.0,60.1,60.1
2026-07-17 13:54:00,237,Looking Away,0.0,0.5,0.0,0.0,0.0,0.0
2026-07-17 13:54:00,156,Working,23.0,11.3,1.0,77.1,20.4,20.4
2026-07-17 13:54:00,194,Looking Away,36.4,1.5,0.0,9.2,77.3,77.3
2026-07-17 13:54:01,238,Looking Away,0.0,0.5,0.0,0.0,0.0,0.0
2026-07-17 13:54:01,239,No Laptop,0.0,0.5,0.0,0.0,0.0,0.0
2026-07-17 13:54:01,238,Working,0.0,1.0,0.0,0.0,0.0,0.0
2026-07-17 13:54:01,239,Working,0.0,1.0,0.0,0.0,0.0,0.0
2026-07-17 13:54:01,238,Looking Away,0.5,1.0,0.0,0.0,32.8,32.8
2026-07-17 13:54:01,241,No Laptop,0.0,0.5,0.0,0.0,0.0,0.0
2026-07-17 13:54:02,156,Talking,24.9,11.3,1.0,77.1,21.8,21.8
2026-07-17 13:54:02,194,Talking,36.4,3.4,0.0,9.2,74.3,74.3
2026-07-17 13:54:03,156,Working,24.9,11.3,1.0,78.0,21.6,21.6
2026-07-17 13:54:03,194,Looking Away,36.4,3.4,0.0,10.1,73.0,73.0
2026-07-17 13:54:03,242,Working,0.0,0.4,0.0,0.0,0.0,0.0
2026-07-17 13:54:04,194,Working,36.4,4.3,0.0,10.1,71.7,71.7
2026-07-17 13:54:04,244,No Laptop,0.0,0.5,0.0,0.0,0.0,0.0
2026-07-17 13:54:04,237,Talking,0.0,5.2,0.0,0.0,0.0,0.0
2026-07-17 13:54:06,156,Talking,28.4,11.3,1.0,78.0,23.9,23.9
2026-07-17 13:54:08,156,Using Phone,28.4,11.3,1.0,80.1,23.5,23.5
2026-07-17 13:54:08,237,Using Phone,0.0,5.2,0.0,4.2,0.0,0.0
2026-07-17 13:54:08,243,Using Phone,5.3,0.0,0.0,0.0,100.0,100.0
2026-07-17 13:54:08,249,Using Phone,0.0,0.7,0.0,0.0,0.0,0.0
2026-07-17 13:54:09,156,Talking,28.4,11.3,1.7,80.1,23.4,23.4
2026-07-17 13:54:09,180,Working,23.6,8.8,0.0,41.4,32.0,32.0
2026-07-17 13:54:09,237,Talking,0.0,5.2,0.7,4.2,0.0,0.0
2026-07-17 13:54:09,243,Looking Away,5.3,0.0,0.7,0.0,88.8,88.8
2026-07-17 13:54:10,156,Using Phone,28.4,11.3,1.7,80.8,23.2,23.2
2026-07-17 13:54:10,156,Talking,28.4,11.3,2.3,80.8,23.1,23.1
2026-07-17 13:54:11,237,Using Phone,0.0,5.2,0.7,6.2,0.0,0.0
2026-07-17 13:54:12,237,Talking,0.0,5.2,1.2,6.2,0.0,0.0
2026-07-17 13:54:13,210,Working,0.5,4.1,0.7,29.5,1.6,1.6
2026-07-17 13:54:13,156,Working,28.4,11.3,2.3,83.5,22.6,22.6
2026-07-17 13:54:13,180,Talking,27.6,8.8,0.0,41.4,35.5,35.5
2026-07-17 13:54:13,210,Talking,1.1,4.1,0.7,29.5,3.1,3.1
2026-07-17 13:54:13,251,Looking Away,0.0,0.5,0.0,0.0,0.0,0.0
2026-07-17 13:54:14,180,Looking Away,27.6,8.8,0.0,41.8,35.3,35.3
2026-07-17 13:54:14,210,Working,1.1,4.1,0.7,29.9,3.0,3.0
2026-07-17 13:54:14,237,Looking Away,0.0,5.2,1.2,8.2,0.0,0.0
2026-07-17 13:54:14,180,Working,27.6,9.3,0.0,41.8,35.0,35.0
2026-07-17 13:54:14,210,Talking,1.6,4.1,0.7,29.9,4.3,4.3
2026-07-17 13:54:14,237,Talking,0.0,5.7,1.2,8.2,0.0,0.0
2026-07-17 13:54:14,252,No Laptop,0.0,0.5,0.0,0.0,0.0,0.0
2026-07-17 13:54:15,210,Looking Away,1.6,4.1,0.7,30.5,4.2,4.2
2026-07-17 13:54:15,237,Working,0.0,5.7,1.2,8.8,0.0,0.0
2026-07-17 13:54:15,253,No Laptop,0.0,0.6,0.0,0.0,0.0,0.0
2026-07-17 13:54:15,254,No Laptop,0.0,0.6,0.0,0.0,0.0,0.0
2026-07-17 13:54:15,180,Talking,28.7,9.3,0.0,41.8,36.0,36.0
2026-07-17 13:54:15,210,Talking,1.6,4.6,0.7,30.5,4.2,4.2
2026-07-17 13:54:15,237,Talking,0.5,5.7,1.2,8.8,3.3,3.3
2026-07-17 13:54:16,255,No Laptop,0.0,0.6,0.0,0.0,0.0,0.0
2026-07-17 13:54:16,147,Talking,68.3,4.2,0.0,70.7,47.7,47.7
2026-07-17 13:54:16,156,Talking,31.5,11.3,2.3,83.5,24.5,24.5
2026-07-17 13:54:16,253,Working,0.0,2.1,0.0,0.0,0.0,0.0
2026-07-17 13:54:17,156,Working,31.5,11.3,2.3,84.0,24.4,24.4
2026-07-17 13:54:17,180,Working,28.7,9.3,0.0,43.4,35.3,35.3
2026-07-17 13:54:17,194,Talking,49.4,4.3,0.0,10.1,77.5,77.5
2026-07-17 13:54:17,257,No Laptop,0.0,0.5,0.0,0.0,0.0,0.0
2026-07-17 13:54:17,156,Talking,32.0,11.3,2.3,84.0,24.7,24.7
2026-07-17 13:54:17,180,Talking,29.2,9.3,0.0,43.4,35.7,35.7
2026-07-17 13:54:17,194,Working,49.4,4.3,0.0,10.6,76.8,76.8
2026-07-17 13:54:18,180,Working,29.2,9.3,0.0,44.0,35.4,35.4
2026-07-17 13:54:18,258,Looking Away,0.6,0.0,0.0,0.0,100.0,100.0
2026-07-17 13:54:18,180,Talking,29.8,9.3,0.0,44.0,35.9,35.9
2026-07-17 13:54:18,259,Looking Away,0.0,0.6,0.0,0.0,0.0,0.0
2026-07-17 13:54:19,147,Working,68.3,4.2,0.0,74.0,46.6,46.6
2026-07-17 13:54:19,260,Looking Away,0.0,0.5,0.0,0.0,0.0,0.0
2026-07-17 13:54:20,147,Talking,68.8,4.2,0.0,74.0,46.8,46.8
2026-07-17 13:54:21,147,Working,68.8,4.2,0.0,74.6,46.6,46.6
2026-07-17 13:54:21,261,Looking Away,0.0,0.6,0.0,0.0,0.0,0.0
2026-07-17 13:54:21,147,Talking,69.7,4.2,0.0,74.6,46.9,46.9
2026-07-17 13:54:22,194,Using Phone,54.5,4.3,0.0,10.6,78.5,78.5
2026-07-17 13:54:22,262,Looking Away,0.0,0.4,0.0,0.0,0.0,0.0
2026-07-17 13:54:23,147,Working,69.7,4.2,0.0,76.0,46.5,46.5
2026-07-17 13:54:23,194,Talking,54.5,4.3,0.5,10.6,78.0,78.0
2026-07-17 13:54:23,147,Talking,70.1,4.2,0.0,76.0,46.6,46.6
2026-07-17 13:54:23,194,Working,54.5,4.3,0.5,11.1,77.5,77.5
2026-07-17 13:54:24,156,Working,32.0,11.3,2.3,90.6,23.5,23.5
2026-07-17 13:54:24,194,Talking,55.1,4.3,0.5,11.1,77.7,77.7
2026-07-17 13:54:24,264,Looking Away,0.0,0.6,0.0,0.0,0.0,0.0
2026-07-17 13:54:24,265,Looking Away,0.0,0.6,0.0,0.0,0.0,0.0
2026-07-17 13:54:24,266,Looking Away,0.0,0.6,0.0,0.0,0.0,0.0
2026-07-17 13:54:24,260,Talking,0.0,5.5,0.0,0.0,0.0,0.0
2026-07-17 13:54:25,194,Looking Away,55.1,4.3,0.5,12.1,76.6,76.6
2026-07-17 13:54:25,267,Looking Away,0.0,0.5,0.0,0.0,0.0,0.0
2026-07-17 13:54:25,268,Looking Away,0.0,0.5,0.0,0.0,0.0,0.0
2026-07-17 13:54:25,269,No Laptop,0.0,0.5,0.0,0.0,0.0,0.0
2026-07-17 13:54:25,156,Talking,33.5,11.3,2.3,90.6,24.3,24.3
2026-07-17 13:54:25,194,Talking,55.1,4.8,0.5,12.1,76.1,76.1
2026-07-17 13:54:25,237,Working,0.5,5.7,1.2,19.0,2.1,2.1
2026-07-17 13:54:26,237,Talking,1.5,5.7,1.2,19.0,5.4,5.4
2026-07-17 13:54:28,270,Looking Away,0.0,0.5,0.0,0.0,0.0,0.0
2026-07-17 13:54:29,156,Working,33.5,11.3,2.3,94.1,23.7,23.7
2026-07-17 13:54:29,194,Looking Away,55.1,4.8,0.5,15.6,72.6,72.6
2026-07-17 13:54:29,271,Looking Away,0.0,0.6,0.0,0.0,0.0,0.0
2026-07-17 13:54:29,156,Talking,34.0,11.3,2.3,94.1,24.0,24.0
2026-07-17 13:54:29,194,Talking,55.1,5.2,0.5,15.6,72.1,72.1
2026-07-17 13:54:30,156,Working,34.0,11.3,2.3,94.6,23.9,23.9
2026-07-17 13:54:30,267,Talking,0.0,5.5,0.0,0.0,0.0,0.0
2026-07-17 13:54:30,272,Looking Away,0.0,0.5,0.0,0.0,0.0,0.0
2026-07-17 13:54:30,273,Looking Away,0.0,0.5,0.0,0.0,0.0,0.0
2026-07-17 13:54:30,156,Talking,34.4,11.3,2.3,94.6,24.1,24.1
2026-07-17 13:54:30,267,Working,0.0,5.5,0.0,0.4,0.0,0.0
2026-07-17 13:54:31,156,Working,34.4,11.3,2.3,95.2,24.0,24.0
2026-07-17 13:54:31,274,Looking Away,0.0,0.6,0.0,0.0,0.0,0.0
2026-07-17 13:54:32,275,Looking Away,0.5,0.0,0.0,0.0,100.0,100.0
2026-07-17 13:54:33,156,Talking,36.4,11.3,2.3,95.2,25.1,25.1
2026-07-17 13:54:33,275,Working,0.5,0.5,0.0,0.0,50.4,50.4
2026-07-17 13:54:33,276,Looking Away,0.0,0.5,0.0,0.0,0.0,0.0
2026-07-17 13:54:34,147,Working,70.1,4.2,0.0,86.2,43.7,43.7
2026-07-17 13:54:34,156,Working,36.4,11.3,2.3,95.8,25.0,25.0
2026-07-17 13:54:34,237,Working,1.5,5.7,1.2,26.2,4.2,4.2
2026-07-17 13:54:34,147,Talking,70.7,4.2,0.0,86.2,43.9,43.9
2026-07-17 13:54:34,180,Working,29.8,9.3,0.0,59.6,30.2,30.2
2026-07-17 13:54:34,237,Talking,2.0,5.7,1.2,26.2,5.8,5.8
2026-07-17 13:54:34,275,Looking Away,1.7,0.5,0.0,0.0,76.4,76.4
2026-07-17 13:54:35,180,Talking,30.4,9.3,0.0,59.6,30.6,30.6
2026-07-17 13:54:35,237,Working,2.0,5.7,1.2,26.7,5.7,5.7
2026-07-17 13:54:35,275,Working,1.7,1.1,0.0,0.0,61.5,61.5
2026-07-17 13:54:35,147,Working,70.7,4.2,0.0,87.2,43.6,43.6
2026-07-17 13:54:35,180,Working,30.4,9.3,0.0,60.1,30.4,30.4
2026-07-17 13:54:35,210,Looking Away,1.6,4.6,0.7,50.4,2.7,2.7
2026-07-17 13:54:36,147,Talking,71.1,4.2,0.0,87.2,43.7,43.7
2026-07-17 13:54:36,180,Talking,30.8,9.3,0.0,60.1,30.7,30.7
2026-07-17 13:54:36,210,Talking,1.6,5.1,0.7,50.4,2.7,2.7
2026-07-17 13:54:36,237,Talking,3.0,5.7,1.2,26.7,8.1,8.1
2026-07-17 13:54:37,237,Working,3.0,5.7,1.2,27.7,7.9,7.9
2026-07-17 13:54:37,277,Looking Away,0.0,0.5,0.0,0.0,0.0,0.0
2026-07-17 13:54:37,237,Talking,3.5,5.7,1.2,27.7,9.3,9.3
2026-07-17 13:54:38,147,Working,71.1,4.2,0.0,89.3,43.2,43.2
2026-07-17 13:54:38,156,Looking Away,40.6,11.3,2.3,95.8,27.0,27.0
2026-07-17 13:54:38,180,Working,30.8,9.3,0.0,62.2,30.1,30.1
2026-07-17 13:54:38,210,Looking Away,1.6,5.1,0.7,52.5,2.6,2.6
2026-07-17 13:54:38,237,Working,3.5,5.7,1.2,28.3,9.2,9.2
2026-07-17 13:54:38,277,Working,0.0,1.7,0.0,0.0,0.0,0.0
2026-07-17 13:54:38,147,Talking,71.9,4.2,0.0,89.3,43.5,43.5
2026-07-17 13:54:38,156,Working,40.6,12.1,2.3,95.8,26.9,26.9
2026-07-17 13:54:38,210,Talking,1.6,5.9,0.7,52.5,2.6,2.6
2026-07-17 13:54:38,237,Talking,4.4,5.7,1.2,28.3,11.0,11.0
2026-07-17 13:54:38,267,Talking,8.2,5.5,0.0,0.4,58.2,58.2
2026-07-17 13:54:38,276,Talking,0.0,6.1,0.0,0.0,0.0,0.0
2026-07-17 13:54:38,277,Looking Away,0.8,1.7,0.0,0.0,32.4,32.4
2026-07-17 13:54:38,278,Looking Away,0.0,0.8,0.0,0.0,0.0,0.0
2026-07-17 13:54:38,279,Looking Away,0.8,0.0,0.0,0.0,100.0,100.0
2026-07-17 13:57:11,0,Looking Away,0.0,1.7,0.0,0.0,0.0,0.0
2026-07-17 13:57:11,2,Looking Away,0.0,1.7,0.0,0.0,0.0,0.0
2026-07-17 13:57:11,3,Looking Away,0.0,1.7,0.0,0.0,0.0,0.0
2026-07-17 13:57:11,4,Looking Away,0.0,1.7,0.0,0.0,0.0,0.0
2026-07-17 13:57:11,5,Looking Away,0.0,1.7,0.0,0.0,0.0,0.0
2026-07-17 13:57:12,6,No Laptop,0.0,0.5,0.0,0.0,0.0,0.0
2026-07-17 13:57:12,6,Working,0.0,0.8,0.0,0.0,0.0,0.0
2026-07-17 13:57:13,6,Looking Away,0.4,0.8,0.0,0.0,34.3,34.3
2026-07-17 13:57:13,7,Working,0.0,0.4,0.0,0.0,0.0,0.0
2026-07-17 13:57:13,8,No Laptop,0.0,0.4,0.0,0.0,0.0,0.0
2026-07-17 13:57:13,0,Working,0.0,3.5,0.0,0.0,0.0,0.0
2026-07-17 13:57:13,7,Looking Away,0.5,0.4,0.0,0.0,51.6,51.6
2026-07-17 13:57:13,0,Looking Away,0.4,3.5,0.0,0.0,9.5,9.5
2026-07-17 13:57:15,0,Working,0.4,4.6,0.0,0.0,7.3,7.3
2026-07-17 13:57:15,0,Talking,0.8,4.6,0.0,0.0,14.4,14.4
2026-07-17 13:57:15,3,Talking,0.0,5.3,0.0,0.0,0.0,0.0
2026-07-17 13:57:15,4,Talking,0.0,5.3,0.0,0.0,0.0,0.0
2026-07-17 13:57:15,5,Talking,0.0,5.3,0.0,0.0,0.0,0.0
2026-07-17 13:57:17,1,Using Phone,7.7,0.0,0.0,0.0,100.0,100.0
2026-07-17 13:57:17,7,Talking,0.5,4.7,0.0,0.0,9.0,9.0
2026-07-17 13:57:18,7,Using Phone,0.5,4.7,0.0,0.4,8.3,8.3
2026-07-17 13:57:18,0,Working,0.8,4.6,0.0,3.3,8.9,8.9
2026-07-17 13:57:18,1,Working,7.7,0.0,0.9,0.0,89.5,89.5
2026-07-17 13:57:18,5,Working,0.0,5.3,0.0,3.3,0.0,0.0
2026-07-17 13:57:18,7,Working,0.5,4.7,0.5,0.4,7.7,7.7
2026-07-17 13:57:19,1,Looking Away,8.2,0.0,0.9,0.0,90.0,90.0
2026-07-17 13:57:19,3,Looking Away,0.0,5.3,0.0,3.7,0.0,0.0
2026-07-17 13:57:19,9,Looking Away,0.0,0.5,0.0,0.0,0.0,0.0
2026-07-17 13:57:19,0,Talking,1.7,4.6,0.0,3.3,17.5,17.5
2026-07-17 13:57:19,3,Talking,0.0,5.8,0.0,3.7,0.0,0.0
2026-07-17 13:57:19,5,Talking,0.9,5.3,0.0,3.3,9.4,9.4
2026-07-17 13:57:19,7,Talking,1.4,4.7,0.5,0.4,19.6,19.6
2026-07-17 13:57:20,5,Working,0.9,5.3,0.0,3.7,9.0,9.0
2026-07-17 13:57:20,10,Looking Away,0.0,0.4,0.0,0.0,0.0,0.0
2026-07-17 13:57:20,5,Talking,1.4,5.3,0.0,3.7,13.6,13.6
2026-07-17 13:57:20,7,Working,1.4,4.7,0.5,1.4,17.2,17.2
2026-07-17 13:57:20,11,Looking Away,0.0,0.5,0.0,0.0,0.0,0.0
2026-07-17 13:57:21,0,Working,1.7,4.6,0.0,4.6,15.3,15.3
2026-07-17 13:57:21,0,Talking,2.0,4.6,0.0,4.6,18.1,18.1
2026-07-17 13:57:21,1,Working,8.2,2.2,0.9,0.0,72.6,72.6
2026-07-17 13:57:22,5,Working,1.4,5.3,0.0,5.8,11.3,11.3
2026-07-17 13:57:23,5,Talking,1.9,5.3,0.0,5.8,14.5,14.5
2026-07-17 13:57:23,9,No Laptop,0.0,4.4,0.0,0.0,0.0,0.0
2026-07-17 13:57:23,12,No Laptop,0.0,0.5,0.0,0.0,0.0,0.0
2026-07-17 13:57:25,11,Talking,0.0,5.1,0.0,0.0,0.0,0.0
2026-07-17 13:57:25,13,No Laptop,0.0,0.6,0.0,0.0,0.0,0.0
2026-07-17 13:57:26,1,Talking,13.0,2.2,0.9,0.0,80.9,80.9
2026-07-17 13:57:26,5,Working,1.9,5.3,0.0,8.9,11.7,11.7
2026-07-17 13:57:26,5,Talking,2.5,5.3,0.0,8.9,14.8,14.8
2026-07-17 13:57:26,7,Talking,7.6,4.7,0.5,1.4,53.6,53.6
2026-07-17 13:57:26,14,No Laptop,0.0,0.6,0.0,0.0,0.0,0.0
2026-07-17 13:57:27,1,Working,13.0,2.2,0.9,1.2,75.2,75.2
2026-07-17 13:57:27,5,Working,2.5,5.3,0.0,9.5,14.2,14.2
2026-07-17 13:57:27,7,Working,7.6,4.7,0.5,2.0,51.3,51.3
2026-07-17 13:57:28,1,Talking,13.6,2.2,0.9,1.2,76.0,76.0
2026-07-17 13:57:28,1,Using Phone,13.6,2.2,0.9,1.9,73.3,73.3
2026-07-17 13:57:28,7,Talking,8.8,4.7,0.5,2.0,54.9,54.9
2026-07-17 13:57:29,0,Using Phone,2.0,4.6,0.0,13.2,10.3,10.3
2026-07-17 13:57:29,3,Using Phone,0.0,5.8,0.0,14.0,0.0,0.0
2026-07-17 13:57:29,5,Talking,5.0,5.3,0.0,9.5,25.0,25.0
2026-07-17 13:57:31,0,Talking,2.0,4.6,1.3,13.2,9.7,9.7
2026-07-17 13:57:31,3,Talking,0.0,5.8,1.3,14.0,0.0,0.0
2026-07-17 13:57:31,7,Using Phone,8.8,4.7,0.5,4.6,47.4,47.4
2026-07-17 13:57:31,15,Looking Away,0.0,1.3,0.0,0.0,0.0,0.0
2026-07-17 13:57:32,1,Working,13.6,2.2,4.6,1.9,61.1,61.1
2026-07-17 13:57:32,7,Working,8.8,4.7,1.6,4.6,44.6,44.6
2026-07-17 13:57:32,15,Working,0.0,2.4,0.0,0.0,0.0,0.0
2026-07-17 13:57:33,15,Looking Away,1.2,2.4,0.0,0.0,33.2,33.2
2026-07-17 13:57:35,0,Working,2.0,4.6,1.3,17.9,7.9,7.9
2026-07-17 13:57:35,15,Talking,1.2,4.7,0.0,0.0,20.2,20.2
2026-07-17 13:57:37,0,Talking,3.2,4.6,1.3,17.9,12.0,12.0
2026-07-17 13:57:39,1,Using Phone,20.5,2.2,4.6,1.9,70.4,70.4
2026-07-17 13:57:41,7,Talking,18.1,4.7,1.6,4.6,62.5,62.5
2026-07-17 13:57:43,0,Working,3.2,4.6,1.3,24.6,9.6,9.6
2026-07-17 13:57:44,0,Talking,4.3,4.6,1.3,24.6,12.5,12.5
2026-07-17 13:57:44,1,Working,20.5,2.2,10.2,1.9,59.0,59.0
2026-07-17 13:57:46,7,Working,18.1,4.7,1.6,9.0,54.2,54.2
2026-07-17 13:57:46,18,Looking Away,0.0,1.3,0.0,0.0,0.0,0.0
2026-07-17 13:57:47,1,Talking,23.0,2.2,10.2,1.9,61.7,61.7
2026-07-17 13:57:49,1,Working,23.0,2.2,10.2,4.1,58.3,58.3
2026-07-17 13:57:50,1,Using Phone,24.0,2.2,10.2,4.1,59.3,59.3
2026-07-17 13:57:50,3,Working,0.0,5.8,1.3,33.4,0.0,0.0
2026-07-17 13:57:50,7,Using Phone,22.5,4.7,1.6,9.0,59.5,59.5
2026-07-17 13:57:51,1,Talking,24.0,2.2,11.5,4.1,57.5,57.5
2026-07-17 13:57:51,3,Talking,1.3,5.8,1.3,33.4,3.0,3.0
2026-07-17 13:57:51,7,Talking,22.5,4.7,2.9,9.0,57.6,57.6
2026-07-17 13:57:51,19,Looking Away,0.0,1.3,0.0,0.0,0.0,0.0
2026-07-17 13:57:53,1,Using Phone,24.0,2.2,11.5,5.3,55.9,55.9
2026-07-17 13:57:53,19,Working,0.0,2.5,0.0,0.0,0.0,0.0
2026-07-17 13:57:54,1,Working,24.0,2.2,12.7,5.3,54.4,54.4
2026-07-17 13:57:54,5,Working,5.0,5.3,0.0,33.8,11.2,11.2
2026-07-17 13:57:54,19,Looking Away,1.2,2.5,0.0,0.0,33.1,33.1
2026-07-17 13:57:55,1,Talking,25.3,2.2,12.7,5.3,55.7,55.7
2026-07-17 13:57:55,5,Talking,6.3,5.3,0.0,33.8,13.9,13.9
2026-07-17 13:57:55,19,Working,1.2,3.8,0.0,0.0,24.2,24.2
2026-07-17 13:57:56,1,Working,25.3,2.2,12.7,6.3,54.5,54.5
2026-07-17 13:57:58,19,Talking,4.4,3.8,0.0,0.0,53.4,53.4
2026-07-17 13:58:00,0,Using Phone,4.3,4.6,1.3,39.8,8.7,8.7
2026-07-17 13:58:00,19,Working,4.4,3.8,0.0,1.3,46.0,46.0
2026-07-17 13:58:01,0,Talking,4.3,4.6,2.5,39.8,8.5,8.5
2026-07-17 13:58:01,19,Talking,5.6,3.8,0.0,1.3,52.2,52.2
2026-07-17 13:58:01,20,Looking Away,0.0,0.0,1.2,0.0,0.0,0.0
2026-07-17 13:58:02,5,Working,6.3,5.3,0.0,40.8,12.0,12.0
2026-07-17 13:58:02,15,Working,1.2,4.7,0.0,26.7,3.7,3.7
2026-07-17 13:58:03,0,Using Phone,4.3,4.6,2.5,42.3,8.1,8.1
2026-07-17 13:58:03,5,Talking,7.6,5.3,0.0,40.8,14.1,14.1
2026-07-17 13:58:03,19,Working,5.6,3.8,0.0,3.8,42.3,42.3
2026-07-17 13:58:05,5,Working,7.6,5.3,0.0,42.0,13.8,13.8
2026-07-17 13:58:06,5,Talking,8.8,5.3,0.0,42.0,15.6,15.6
2026-07-17 13:58:06,15,Talking,4.8,4.7,0.0,26.7,13.4,13.4
2026-07-17 13:58:06,19,Using Phone,8.0,3.8,0.0,3.8,51.2,51.2
2026-07-17 13:58:06,20,Talking,0.0,4.9,1.2,0.0,0.0,0.0
2026-07-17 13:58:07,1,Using Phone,36.6,2.2,12.7,6.3,63.4,63.4
2026-07-17 13:58:07,5,Working,8.8,5.3,0.0,43.6,15.2,15.2
2026-07-17 13:58:07,15,Working,4.8,4.7,0.0,28.4,12.8,12.8
2026-07-17 13:58:07,20,Working,0.0,4.9,1.2,1.7,0.0,0.0
2026-07-17 13:58:07,21,Looking Away,0.0,0.0,1.7,0.0,0.0,0.0
2026-07-17 13:58:09,1,Talking,36.6,2.2,13.8,6.3,62.2,62.2
2026-07-17 13:58:09,15,Talking,6.0,4.7,0.0,28.4,15.3,15.3
2026-07-17 13:58:09,19,Talking,8.0,3.8,2.8,3.8,43.4,43.4
2026-07-17 13:58:09,20,Talking,1.1,4.9,1.2,1.7,12.5,12.5
2026-07-17 13:58:10,15,Working,6.0,4.7,0.0,29.6,14.8,14.8
2026-07-17 13:58:11,1,Looking Away,36.6,2.2,13.8,9.0,59.4,59.4
2026-07-17 13:58:11,5,Talking,12.6,5.3,0.0,43.6,20.5,20.5
2026-07-17 13:58:11,15,Talking,7.5,4.7,0.0,29.6,17.9,17.9
2026-07-17 13:58:11,22,Using Phone,0.0,1.5,0.0,0.0,0.0,0.0
2026-07-17 13:58:12,1,Talking,36.6,3.3,13.8,9.0,58.3,58.3
2026-07-17 13:58:12,5,Looking Away,12.6,5.3,0.0,44.8,20.1,20.1
2026-07-17 13:58:12,15,Working,7.5,4.7,0.0,30.7,17.5,17.5
2026-07-17 13:58:12,21,Talking,0.0,5.0,1.7,0.0,0.0,0.0
2026-07-17 13:58:12,23,Working,0.0,1.2,0.0,0.0,0.0,0.0
2026-07-17 13:58:14,1,Looking Away,36.6,3.3,13.8,10.6,56.9,56.9
2026-07-17 13:58:14,5,Talking,12.6,6.9,0.0,44.8,19.6,19.6
2026-07-17 13:58:14,15,Using Phone,9.0,4.7,0.0,30.7,20.3,20.3
2026-07-17 13:58:14,23,Looking Away,1.6,1.2,0.0,0.0,57.1,57.1
2026-07-17 13:58:15,1,Using Phone,36.6,4.5,13.8,10.6,55.9,55.9
2026-07-17 13:58:15,15,Looking Away,9.0,4.7,1.2,30.7,19.8,19.8
2026-07-17 13:58:15,22,Looking Away,0.0,1.5,3.9,0.0,0.0,0.0
2026-07-17 13:58:17,1,Talking,36.6,4.5,15.2,10.6,54.8,54.8
2026-07-17 13:58:17,15,Talking,9.0,6.1,1.2,30.7,19.2,19.2
2026-07-17 13:58:17,22,Talking,0.0,2.9,3.9,0.0,0.0,0.0
2026-07-17 13:58:17,23,Talking,1.6,3.7,0.0,0.0,29.5,29.5
2026-07-17 13:58:17,26,No Laptop,0.0,1.4,0.0,0.0,0.0,0.0
2026-07-17 13:58:18,15,Working,9.0,6.1,1.2,32.2,18.7,18.7
2026-07-17 13:58:18,22,Looking Away,0.0,2.9,3.9,1.4,0.0,0.0
2026-07-17 13:58:18,23,Using Phone,1.6,3.7,0.0,1.4,23.1,23.1
2026-07-17 13:58:19,15,Talking,10.3,6.1,1.2,32.2,20.7,20.7
2026-07-17 13:58:19,22,Working,0.0,4.1,3.9,1.4,0.0,0.0
2026-07-17 13:58:19,23,Talking,1.6,3.7,1.3,1.4,19.5,19.5
2026-07-17 13:58:20,15,Working,10.3,6.1,1.2,33.4,20.2,20.2
2026-07-17 13:58:20,26,Talking,0.0,5.3,0.0,0.0,0.0,0.0
2026-07-17 13:58:22,22,Talking,2.5,4.1,3.9,1.4,21.1,21.1
2026-07-17 13:58:23,1,Looking Away,36.6,4.5,15.2,17.2,49.8,49.8
2026-07-17 13:58:23,22,Working,2.5,4.1,3.9,2.8,18.9,18.9
2026-07-17 13:58:23,23,Working,1.6,3.7,1.3,5.4,13.0,13.0
2026-07-17 13:58:23,24,Looking Away,0.0,0.0,8.0,0.0,0.0,0.0
2026-07-17 13:58:23,26,No Laptop,0.0,5.3,0.0,2.7,0.0,0.0
2026-07-17 13:58:24,15,Talking,14.3,6.1,1.2,33.4,26.0,26.0
2026-07-17 13:58:24,24,Talking,0.0,1.3,8.0,0.0,0.0,0.0
2026-07-17 13:58:24,27,No Laptop,0.0,1.3,0.0,0.0,0.0,0.0
2026-07-17 13:58:26,15,Looking Away,14.3,6.1,1.2,34.7,25.4,25.4
2026-07-17 13:58:26,25,Looking Away,10.6,0.0,0.0,0.0,100.0,100.0
2026-07-17 13:58:26,26,Looking Away,0.0,7.9,0.0,2.7,0.0,0.0
2026-07-17 13:58:26,28,Looking Away,0.0,1.3,0.0,0.0,0.0,0.0
2026-07-17 13:58:27,15,Talking,14.3,7.1,1.2,34.7,25.0,25.0
2026-07-17 13:58:27,22,Talking,6.1,4.1,3.9,2.8,35.8,35.8
2026-07-17 13:58:27,25,Working,10.6,1.0,0.0,0.0,91.5,91.5
2026-07-17 13:58:28,1,Talking,36.6,9.2,15.2,17.2,46.8,46.8
2026-07-17 13:58:28,26,Talking,0.0,10.0,0.0,2.7,0.0,0.0
2026-07-17 13:58:28,29,Looking Away,0.0,1.1,0.0,0.0,0.0,0.0
2026-07-17 13:58:29,1,Working,36.6,9.2,15.2,18.2,46.2,46.2
2026-07-17 13:58:29,22,Working,6.1,4.1,3.9,5.0,31.8,31.8
2026-07-17 13:58:29,23,Looking Away,7.3,3.7,1.3,5.4,41.2,41.2
2026-07-17 13:58:29,29,Working,0.0,2.2,0.0,0.0,0.0,0.0
2026-07-17 13:58:30,31,Looking Away,0.0,1.3,0.0,0.0,0.0,0.0
2026-07-17 13:58:30,32,Looking Away,0.0,1.3,0.0,0.0,0.0,0.0
2026-07-17 13:58:32,1,Using Phone,39.3,9.2,15.2,18.2,48.0,48.0
2026-07-17 13:58:32,22,Talking,8.7,4.1,3.9,5.0,40.1,40.1
2026-07-17 13:58:32,23,Talking,7.3,6.3,1.3,5.4,35.9,35.9
2026-07-17 13:58:33,22,Looking Away,8.7,4.1,3.9,6.3,37.8,37.8
2026-07-17 13:58:33,23,Working,7.3,6.3,1.3,6.7,33.7,33.7
2026-07-17 13:58:34,1,Talking,39.3,9.2,17.5,18.2,46.6,46.6
2026-07-17 13:58:34,22,Working,8.7,5.2,3.9,6.3,36.1,36.1
2026-07-17 13:58:34,23,Talking,8.4,6.3,1.3,6.7,37.0,37.0
2026-07-17 13:58:34,31,Talking,0.0,5.0,0.0,0.0,0.0,0.0
2026-07-17 13:58:35,33,Looking Away,0.0,1.3,0.0,0.0,0.0,0.0
2026-07-17 13:58:35,34,Looking Away,0.0,1.3,0.0,0.0,0.0,0.0
2026-07-17 13:58:36,1,Looking Away,39.3,9.2,17.5,20.6,45.3,45.3
2026-07-17 13:58:36,23,Working,8.4,6.3,1.3,9.1,33.4,33.4
2026-07-17 13:58:36,31,Looking Away,0.0,5.0,0.0,2.4,0.0,0.0
2026-07-17 13:58:37,35,Looking Away,0.0,1.2,0.0,0.0,0.0,0.0
2026-07-17 13:58:39,1,Using Phone,39.3,11.6,17.5,20.6,44.1,44.1
2026-07-17 13:58:39,23,Talking,10.8,6.3,1.3,9.1,39.2,39.2
2026-07-17 13:58:39,31,Talking,0.0,7.4,0.0,2.4,0.0,0.0
2026-07-17 13:58:40,1,Working,39.3,11.6,18.7,20.6,43.5,43.5
2026-07-17 13:58:40,23,Working,10.8,6.3,1.3,10.2,37.6,37.6
2026-07-17 13:58:40,29,Looking Away,11.0,2.2,0.0,0.0,83.5,83.5
2026-07-17 13:58:40,31,Looking Away,0.0,7.4,0.0,3.6,0.0,0.0
2026-07-17 13:58:41,23,Talking,11.9,6.3,1.3,10.2,40.1,40.1
2026-07-17 13:58:41,25,No Laptop,24.9,1.0,0.0,0.0,96.2,96.2
2026-07-17 13:58:41,29,Working,11.0,3.3,0.0,0.0,76.7,76.7
2026-07-17 13:58:41,31,Talking,0.0,8.6,0.0,3.6,0.0,0.0
2026-07-17 13:58:42,25,Working,24.9,2.1,0.0,0.0,92.3,92.3
2026-07-17 13:58:42,29,Looking Away,12.1,3.3,0.0,0.0,78.3,78.3
2026-07-17 13:58:43,29,Working,12.1,4.3,0.0,0.0,73.7,73.7
2026-07-17 13:58:43,31,Using Phone,0.0,8.6,0.0,5.6,0.0,0.0
2026-07-17 13:58:44,29,Looking Away,13.2,4.3,0.0,0.0,75.4,75.4
2026-07-17 13:58:44,31,Talking,0.0,8.6,1.1,5.6,0.0,0.0
2026-07-17 13:58:45,29,Talking,13.2,5.2,0.0,0.0,71.7,71.7
2026-07-17 13:58:46,36,Looking Away,0.0,1.0,0.0,0.0,0.0,0.0
2026-07-17 13:58:47,36,No Laptop,0.0,1.9,0.0,0.0,0.0,0.0
2026-07-17 13:58:48,36,Looking Away,0.0,2.9,0.0,0.0,0.0,0.0
2026-07-17 13:58:50,36,Working,0.0,4.8,0.0,0.0,0.0,0.0
2026-07-17 13:58:53,23,Working,11.9,6.3,1.3,22.2,28.6,28.6
2026-07-17 13:58:53,31,Using Phone,0.0,8.6,1.1,14.4,0.0,0.0
2026-07-17 13:58:54,23,Talking,13.1,6.3,1.3,22.2,30.6,30.6
2026-07-17 13:58:55,29,Working,13.2,5.2,0.0,10.1,46.3,46.3
2026-07-17 13:58:55,36,Talking,5.3,4.8,0.0,0.0,52.7,52.7
2026-07-17 13:58:55,37,Looking Away,0.0,1.0,0.0,0.0,0.0,0.0
2026-07-17 13:58:56,29,Talking,14.1,5.2,0.0,10.1,48.0,48.0
2026-07-17 13:58:56,36,Working,5.3,4.8,0.0,0.9,48.3,48.3
2026-07-17 13:58:57,29,Using Phone,14.1,5.2,0.0,11.0,46.5,46.5
2026-07-17 13:58:57,37,Using Phone,0.0,2.9,0.0,0.0,0.0,0.0
2026-07-17 13:58:58,29,Talking,14.1,5.2,1.3,11.0,44.6,44.6
2026-07-17 13:58:58,37,Looking Away,0.0,2.9,1.3,0.0,0.0,0.0
2026-07-17 13:59:00,22,Talking,34.3,5.2,3.9,6.3,69.0,69.0
2026-07-17 13:59:00,37,Talking,0.0,4.1,1.3,0.0,0.0,0.0
2026-07-17 13:59:00,38,Working,0.0,1.2,0.0,0.0,0.0,0.0
2026-07-17 13:59:01,36,Talking,10.2,4.8,0.0,0.9,64.4,64.4
2026-07-17 13:59:05,22,Working,34.3,5.2,3.9,11.8,62.1,62.1
2026-07-17 13:59:08,22,Talking,37.0,5.2,3.9,11.8,63.8,63.8
2026-07-17 13:59:09,1,Looking Away,68.3,11.6,18.7,20.6,57.3,57.3
2026-07-17 13:59:12,1,Working,68.3,14.8,18.7,20.6,55.8,55.8
2026-07-17 13:59:12,22,Working,37.0,5.2,3.9,16.1,59.4,59.4
2026-07-17 13:59:13,39,Looking Away,12.2,0.0,0.0,0.0,100.0,100.0
2026-07-17 13:59:14,1,Talking,70.5,14.8,18.7,20.6,56.6,56.6
2026-07-17 13:59:14,29,Working,14.1,5.2,1.3,27.0,29.6,29.6
2026-07-17 13:59:14,40,Looking Away,1.0,0.0,0.0,0.0,100.0,100.0
2026-07-17 13:59:16,22,Looking Away,40.5,5.2,3.9,16.1,61.6,61.6
2026-07-17 13:59:16,38,Using Phone,16.0,1.2,0.0,0.0,92.9,92.9
2026-07-17 13:59:16,40,No Laptop,1.0,1.3,0.0,0.0,44.8,44.8
2026-07-17 13:59:17,38,Working,16.0,1.2,1.2,0.0,86.9,86.9
2026-07-17 13:59:17,41,Looking Away,1.2,0.0,0.0,0.0,100.0,100.0
2026-07-17 13:59:18,1,Working,70.5,14.8,18.7,24.2,55.0,55.0
2026-07-17 13:59:18,29,Talking,17.7,5.2,1.3,27.0,34.5,34.5
2026-07-17 13:59:18,41,Working,1.2,1.1,0.0,0.0,51.1,51.1
2026-07-17 13:59:19,22,Working,40.5,8.8,3.9,16.1,58.4,58.4
2026-07-17 13:59:19,41,Looking Away,2.4,1.1,0.0,0.0,68.0,68.0
2026-07-17 13:59:20,37,Working,0.0,4.1,1.3,20.9,0.0,0.0
2026-07-17 13:59:20,38,Talking,19.7,1.2,1.2,0.0,89.1,89.1
2026-07-17 13:59:22,38,Using Phone,19.7,1.2,1.2,1.2,84.6,84.6
2026-07-17 13:59:23,1,Using Phone,75.7,14.8,18.7,24.2,56.8,56.8
2026-07-17 13:59:23,29,Using Phone,17.7,5.2,1.3,32.1,31.4,31.4
2026-07-17 13:59:23,38,Working,19.7,1.2,2.5,1.2,80.1,80.1
2026-07-17 13:59:23,41,Talking,2.4,5.0,0.0,0.0,32.2,32.2
2026-07-17 13:59:25,1,Working,75.7,14.8,21.1,24.2,55.7,55.7
2026-07-17 13:59:25,29,Talking,17.7,5.2,3.7,32.1,30.1,30.1
2026-07-17 13:59:25,37,Talking,4.9,4.1,1.3,20.9,15.8,15.8
2026-07-17 13:59:27,37,Looking Away,4.9,4.1,1.3,22.5,15.0,15.0
2026-07-17 13:59:28,37,Working,4.9,5.1,1.3,22.5,14.6,14.6
2026-07-17 13:59:28,43,Looking Away,0.0,0.9,0.0,0.0,0.0,0.0
2026-07-17 13:59:29,1,Talking,79.2,14.8,21.1,24.2,56.9,56.9
2026-07-17 13:59:29,37,Talking,6.0,5.1,1.3,22.5,17.2,17.2
2026-07-17 13:59:30,38,Looking Away,26.6,1.2,2.5,1.2,84.4,84.4
2026-07-17 13:59:30,44,Looking Away,1.9,0.0,0.0,0.0,100.0,100.0
2026-07-17 13:59:31,44,Working,1.9,1.0,0.0,0.0,65.7,65.7
2026-07-17 13:59:32,43,Talking,0.0,5.1,0.0,0.0,0.0,0.0
2026-07-17 13:59:33,1,Looking Away,79.2,14.8,21.1,28.3,55.2,55.2
2026-07-17 13:59:33,37,Working,6.0,5.1,1.3,26.6,15.3,15.3
2026-07-17 13:59:33,45,Working,0.0,1.1,0.0,0.0,0.0,0.0
2026-07-17 13:59:34,1,Working,79.2,15.9,21.1,28.3,54.8,54.8
2026-07-17 13:59:34,37,Using Phone,7.1,5.1,1.3,26.6,17.7,17.7
2026-07-17 13:59:34,46,Looking Away,0.0,1.1,0.0,0.0,0.0,0.0
2026-07-17 13:59:35,37,Looking Away,7.1,5.1,2.5,26.6,17.2,17.2
2026-07-17 13:59:35,45,Looking Away,2.4,1.1,0.0,0.0,69.7,69.7
2026-07-17 13:59:35,47,No Laptop,0.0,1.3,0.0,0.0,0.0,0.0
2026-07-17 13:59:35,48,Looking Away,0.0,1.3,0.0,0.0,0.0,0.0
2026-07-17 13:59:35,49,No Laptop,0.0,1.3,0.0,0.0,0.0,0.0
2026-07-17 13:59:36,1,Talking,81.4,15.9,21.1,28.3,55.5,55.5
2026-07-17 13:59:36,37,Talking,7.1,6.0,2.5,26.6,16.8,16.8
2026-07-17 13:59:36,45,Using Phone,2.4,2.0,0.0,0.0,55.2,55.2
2026-07-17 13:59:37,1,Working,81.4,15.9,21.1,29.2,55.2,55.2
2026-07-17 13:59:37,37,Looking Away,7.1,6.0,2.5,27.5,16.5,16.5
2026-07-17 13:59:37,48,No Laptop,0.0,3.1,0.0,0.0,0.0,0.0
2026-07-17 13:59:38,45,Looking Away,2.4,2.0,1.7,0.0,40.1,40.1
2026-07-17 13:59:39,1,Talking,82.9,15.9,21.1,29.2,55.6,55.6
2026-07-17 13:59:39,37,Talking,7.1,7.5,2.5,27.5,15.9,15.9
2026-07-17 13:59:40,48,Talking,0.0,5.5,0.0,0.0,0.0,0.0
2026-07-17 13:59:41,45,Talking,2.4,5.3,1.7,0.0,25.8,25.8
2026-07-17 13:59:42,1,Working,82.9,15.9,21.1,32.7,54.3,54.3
2026-07-17 13:59:42,50,Looking Away,6.8,0.0,0.0,0.0,100.0,100.0
2026-07-17 13:59:42,51,Looking Away,0.0,0.9,0.0,0.0,0.0,0.0
2026-07-17 13:59:44,50,Working,6.8,1.9,0.0,0.0,78.3,78.3
2026-07-17 13:59:46,1,Talking,86.6,15.9,21.1,32.7,55.4,55.4
2026-07-17 13:59:46,52,Looking Away,0.0,1.0,0.0,0.0,0.0,0.0
2026-07-17 13:59:47,1,Looking Away,86.6,15.9,21.1,33.5,55.1,55.1
2026-07-17 13:59:47,37,Working,7.1,7.5,2.5,35.5,13.5,13.5
2026-07-17 13:59:47,45,Looking Away,2.4,5.3,1.7,5.4,16.4,16.4
2026-07-17 13:59:48,1,Working,86.6,16.8,21.1,33.5,54.8,54.8
2026-07-17 13:59:48,37,Talking,8.1,7.5,2.5,35.5,15.0,15.0
2026-07-17 13:59:48,45,Talking,2.4,6.3,1.7,5.4,15.4,15.4
2026-07-17 13:59:48,50,Talking,10.4,1.9,0.0,0.0,84.7,84.7
2026-07-17 13:59:49,50,Working,10.4,1.9,0.0,0.9,78.8,78.8
2026-07-17 13:59:51,1,Talking,89.5,16.8,21.1,33.5,55.6,55.6
2026-07-17 13:59:51,52,Talking,0.0,5.6,0.0,0.0,0.0,0.0
2026-07-17 13:59:51,1,Looking Away,89.5,16.8,21.1,34.2,55.3,55.3
2026-07-17 13:59:51,37,Working,8.1,7.5,2.5,39.1,14.1,14.1
2026-07-17 13:59:51,50,Talking,13.0,1.9,0.0,0.9,82.4,82.4
2026-07-17 13:59:52,1,Working,89.5,17.8,21.1,34.2,55.0,55.0
2026-07-17 13:59:52,50,Working,13.0,1.9,0.0,1.8,77.8,77.8
2026-07-17 13:59:53,1,Talking,90.4,17.8,21.1,34.2,55.3,55.3
2026-07-17 13:59:53,37,Talking,9.9,7.5,2.5,39.1,16.8,16.8
2026-07-17 13:59:53,52,Working,0.0,5.6,0.0,2.6,0.0,0.0
2026-07-17 13:59:54,1,Working,90.4,17.8,21.1,35.1,55.0,55.0
2026-07-17 13:59:54,52,Talking,0.9,5.6,0.0,2.6,9.6,9.6
2026-07-17 13:59:55,1,Looking Away,91.4,17.8,21.1,35.1,55.2,55.2
2026-07-17 13:59:55,37,Working,9.9,7.5,2.5,40.9,16.3,16.3
2026-07-17 13:59:55,45,Looking Away,2.4,6.3,1.7,12.7,10.5,10.5
2026-07-17 13:59:55,52,Looking Away,0.9,5.6,0.0,3.6,8.7,8.7
2026-07-17 13:59:56,1,Talking,91.4,18.5,21.1,35.1,55.0,55.0
2026-07-17 13:59:56,37,Talking,10.6,7.5,2.5,40.9,17.3,17.3
2026-07-17 13:59:56,45,Talking,2.4,7.0,1.7,12.7,10.2,10.2
2026-07-17 13:59:56,1,Looking Away,91.4,18.5,21.1,35.8,54.8,54.8
2026-07-17 13:59:56,37,Working,10.6,7.5,2.5,41.6,17.1,17.1
2026-07-17 13:59:56,45,Using Phone,2.4,7.0,1.7,13.4,9.9,9.9
2026-07-17 13:59:56,50,Talking,17.2,1.9,0.0,1.8,82.2,82.2
2026-07-17 13:59:56,52,Talking,0.9,7.0,0.0,3.6,7.6,7.6
2026-07-17 13:59:57,50,Working,17.2,1.9,0.0,2.7,79.1,79.1
2026-07-17 13:59:57,52,Looking Away,0.9,7.0,0.0,4.4,7.1,7.1
2026-07-17 13:59:58,1,Talking,91.4,20.1,21.1,35.8,54.3,54.3
2026-07-17 13:59:58,37,Talking,12.2,7.5,2.5,41.6,19.1,19.1
2026-07-17 13:59:58,45,Talking,2.4,7.0,3.2,13.4,9.3,9.3
2026-07-17 13:59:59,1,Working,91.4,20.1,21.1,36.6,54.0,54.0
2026-07-17 14:00:01,1,Talking,93.3,20.1,21.1,36.6,54.5,54.5
2026-07-17 14:00:01,37,Working,12.2,7.5,2.5,44.3,18.4,18.4
2026-07-17 14:00:01,45,Using Phone,2.4,7.0,3.2,16.1,8.4,8.4
2026-07-17 14:00:01,37,Talking,12.9,7.5,2.5,44.3,19.2,19.2
2026-07-17 14:00:01,53,No Laptop,0.0,0.7,0.0,0.0,0.0,0.0
2026-07-17 14:00:02,52,Talking,0.9,11.9,0.0,4.4,5.1,5.1
2026-07-17 14:00:03,37,Working,12.9,7.5,2.5,45.8,18.7,18.7
2026-07-17 14:00:03,50,Talking,22.8,1.9,0.0,2.7,83.4,83.4
2026-07-17 14:00:04,50,Working,22.8,1.9,0.0,3.5,80.8,80.8
2026-07-17 14:00:04,52,Looking Away,0.9,11.9,0.0,6.0,4.6,4.6
2026-07-17 14:00:05,1,Using Phone,93.3,20.1,21.1,40.5,53.3,53.3
2026-07-17 14:00:05,37,Using Phone,14.7,7.5,2.5,45.8,20.8,20.8
2026-07-17 14:00:06,1,Working,93.3,20.1,22.0,40.5,53.1,53.1
2026-07-17 14:00:06,37,Working,14.7,7.5,3.4,45.8,20.6,20.6
2026-07-17 14:00:07,1,Looking Away,94.5,20.1,22.0,40.5,53.4,53.4
2026-07-17 14:00:08,1,Working,94.5,20.9,22.0,40.5,53.1,53.1
2026-07-17 14:00:08,37,Talking,16.7,7.5,3.4,45.8,22.8,22.8
2026-07-17 14:00:08,54,No Laptop,0.0,0.9,0.0,0.0,0.0,0.0
2026-07-17 14:00:09,1,Talking,95.5,20.9,22.0,40.5,53.4,53.4
2026-07-17 14:00:10,1,Working,95.5,20.9,22.0,41.5,53.1,53.1
2026-07-17 14:00:12,50,Talking,30.6,1.9,0.0,3.5,85.0,85.0
2026-07-17 14:00:12,52,Talking,0.9,19.7,0.0,6.0,3.3,3.3
2026-07-17 14:00:12,1,Talking,98.5,20.9,22.0,41.5,53.8,53.8
2026-07-17 14:00:12,37,Working,16.7,7.5,3.4,50.8,21.3,21.3
2026-07-17 14:00:12,50,Working,30.6,1.9,0.0,4.5,82.8,82.8
2026-07-17 14:00:12,52,Looking Away,0.9,19.7,0.0,7.0,3.2,3.2
2026-07-17 14:00:12,54,Talking,0.0,5.8,0.0,0.0,0.0,0.0
2026-07-17 14:00:13,1,Working,98.5,20.9,22.0,42.2,53.6,53.6
2026-07-17 14:00:13,37,Talking,17.4,7.5,3.4,50.8,22.0,22.0
2026-07-17 14:00:13,50,Talking,31.3,1.9,0.0,4.5,83.1,83.1
2026-07-17 14:00:13,52,Talking,0.9,20.4,0.0,7.0,3.1,3.1
2026-07-17 14:00:14,45,Talking,2.4,7.0,16.6,16.1,5.8,5.8
2026-07-17 14:00:14,50,Working,31.3,1.9,0.0,5.4,81.1,81.1
2026-07-17 14:00:15,1,Talking,100.4,20.9,22.0,42.2,54.1,54.1
2026-07-17 14:00:15,50,Talking,32.4,1.9,0.0,5.4,81.6,81.6
2026-07-17 14:00:16,50,Working,32.4,1.9,0.0,6.3,79.9,79.9
2026-07-17 14:00:17,55,No Laptop,0.0,1.0,0.0,0.0,0.0,0.0
2026-07-17 14:00:20,55,Looking Away,0.0,4.2,0.0,0.0,0.0,0.0
2026-07-17 14:00:21,1,Working,100.4,20.9,22.0,48.2,52.4,52.4
2026-07-17 14:00:21,55,Talking,0.0,5.1,0.0,0.0,0.0,0.0
2026-07-17 14:00:21,57,Looking Away,0.0,0.9,0.0,0.0,0.0,0.0
2026-07-17 14:00:23,1,Talking,102.3,20.9,22.0,48.2,52.9,52.9
2026-07-17 14:00:24,50,Talking,40.1,1.9,0.0,6.3,83.1,83.1
2026-07-17 14:00:24,57,Working,0.0,3.5,0.0,0.0,0.0,0.0
2026-07-17 14:00:25,1,Working,102.3,20.9,22.0,49.9,52.4,52.4
2026-07-17 14:00:26,50,Working,40.1,1.9,0.0,8.4,79.6,79.6
2026-07-17 14:00:26,57,Talking,2.1,3.5,0.0,0.0,37.7,37.7
2026-07-17 14:00:27,50,Talking,41.0,1.9,0.0,8.4,79.9,79.9
2026-07-17 14:00:29,50,Working,41.0,1.9,0.0,10.5,76.9,76.9
2026-07-17 14:00:30,50,Talking,41.9,1.9,0.0,10.5,77.3,77.3
2026-07-17 14:00:31,37,Working,17.4,7.5,3.4,68.4,18.0,18.0
2026-07-17 14:00:33,37,Talking,19.3,7.5,3.4,68.4,19.6,19.6
2026-07-17 14:00:34,50,Working,41.9,1.9,0.0,14.4,72.0,72.0
2026-07-17 14:00:35,50,Talking,42.9,1.9,0.0,14.4,72.5,72.5
2026-07-17 14:00:36,1,Talking,113.2,20.9,22.0,49.9,54.9,54.9
2026-07-17 14:00:36,1,Looking Away,113.2,20.9,22.0,50.7,54.7,54.7
2026-07-17 14:00:36,37,Working,19.3,7.5,3.4,72.1,18.9,18.9
2026-07-17 14:00:38,1,Talking,113.2,22.4,22.0,50.7,54.3,54.3
2026-07-17 14:00:38,37,Talking,20.8,7.5,3.4,72.1,20.0,20.0
2026-07-17 14:00:38,50,Working,42.9,1.9,0.0,17.7,68.7,68.7
2026-07-17 14:00:39,1,Working,113.2,22.4,22.0,51.5,54.1,54.1
2026-07-17 14:00:40,50,Talking,44.5,1.9,0.0,17.7,69.5,69.5
2026-07-17 14:00:41,37,Working,20.8,7.5,3.4,74.7,19.5,19.5
2026-07-17 14:00:41,37,Talking,21.6,7.5,3.4,74.7,20.2,20.2
2026-07-17 14:00:42,37,Working,21.6,7.5,3.4,75.8,20.0,20.0
2026-07-17 14:00:43,37,Talking,22.4,7.5,3.4,75.8,20.5,20.5
2026-07-17 14:00:43,45,Using Phone,2.4,7.0,16.6,45.2,3.4,3.4
2026-07-17 14:00:44,50,Using Phone,44.5,1.9,0.0,22.3,64.9,64.9
2026-07-17 14:00:46,37,Working,22.4,7.5,3.4,78.6,20.0,20.0
2026-07-17 14:00:46,45,Talking,2.4,7.0,19.4,45.2,3.3,3.3
2026-07-17 14:00:46,50,Talking,44.5,1.9,1.9,22.3,63.2,63.2
2026-07-17 14:00:47,1,Looking Away,121.5,22.4,22.0,51.5,55.9,55.9
2026-07-17 14:00:48,1,Talking,121.5,23.3,22.0,51.5,55.7,55.7
2026-07-17 14:00:48,37,Talking,24.3,7.5,3.4,78.6,21.3,21.3
2026-07-17 14:00:49,1,Working,121.5,23.3,22.0,52.4,55.4,55.4
2026-07-17 14:00:50,45,Using Phone,2.4,7.0,19.4,49.0,3.1,3.1
2026-07-17 14:00:50,50,Using Phone,44.5,1.9,1.9,26.0,60.0,60.0
2026-07-17 14:00:51,1,Talking,123.4,23.3,22.0,52.4,55.8,55.8
2026-07-17 14:00:52,45,Talking,2.4,7.0,21.3,49.0,3.0,3.0
2026-07-17 14:00:52,50,Talking,44.5,1.9,3.7,26.0,58.5,58.5
2026-07-17 14:00:54,50,Working,44.5,1.9,3.7,27.9,57.1,57.1
2026-07-17 14:00:55,50,Talking,45.6,1.9,3.7,27.9,57.6,57.6
2026-07-17 14:00:55,45,Using Phone,2.4,7.0,21.3,52.7,2.9,2.9
2026-07-17 14:00:55,50,Using Phone,45.6,1.9,3.7,28.8,57.0,57.0
2026-07-17 14:00:57,37,Using Phone,24.3,7.5,3.4,88.0,19.7,19.7
2026-07-17 14:00:57,50,Working,45.6,1.9,5.6,28.8,55.7,55.7
2026-07-17 14:00:58,37,Talking,24.3,7.5,4.5,88.0,19.5,19.5
2026-07-17 14:00:58,58,Looking Away,0.0,1.1,0.0,0.0,0.0,0.0
2026-07-17 14:00:59,1,Working,123.4,23.3,22.0,61.0,53.7,53.7
2026-07-17 14:00:59,37,Working,24.3,7.5,4.5,88.9,19.4,19.4
2026-07-17 14:00:59,45,Talking,2.4,7.0,25.1,52.7,2.8,2.8
2026-07-17 14:01:00,1,Talking,124.2,23.3,22.0,61.0,53.9,53.9
2026-07-17 14:01:00,37,Talking,25.2,7.5,4.5,88.9,20.0,20.0
2026-07-17 14:01:00,45,Using Phone,2.4,7.0,25.1,53.6,2.7,2.7
2026-07-17 14:01:01,45,Talking,2.4,7.0,26.1,53.6,2.7,2.7
2026-07-17 14:01:02,1,Working,124.2,23.3,22.0,63.1,53.4,53.4
2026-07-17 14:01:02,59,No Laptop,0.0,1.1,0.0,0.0,0.0,0.0
2026-07-17 14:01:03,1,Talking,125.3,23.3,22.0,63.1,53.6,53.6
2026-07-17 14:01:04,1,Working,125.3,23.3,22.0,64.0,53.4,53.4
2026-07-17 14:01:05,1,Looking Away,126.2,23.3,22.0,64.0,53.6,53.6
2026-07-17 14:01:05,37,Working,25.2,7.5,4.5,93.9,19.2,19.2
2026-07-17 14:01:05,50,Talking,53.4,1.9,5.6,28.8,59.6,59.6
2026-07-17 14:01:06,1,Working,126.2,23.9,22.0,64.0,53.5,53.5
2026-07-17 14:01:07,1,Talking,127.1,23.9,22.0,64.0,53.6,53.6
2026-07-17 14:01:07,37,Talking,26.7,7.5,4.5,93.9,20.2,20.2
2026-07-17 14:01:08,1,Working,127.1,23.9,22.0,64.8,53.4,53.4
2026-07-17 14:01:10,50,Working,53.4,1.9,5.6,33.7,56.5,56.5
2026-07-17 14:01:11,37,Working,26.7,7.5,4.5,98.3,19.5,19.5
2026-07-17 14:01:12,1,Looking Away,131.5,23.9,22.0,64.8,54.3,54.3
2026-07-17 14:01:12,45,Looking Away,2.4,7.0,26.1,64.4,2.4,2.4
2026-07-17 14:01:12,57,Working,2.1,3.5,0.0,46.1,4.1,4.1
2026-07-17 14:01:13,1,Talking,131.5,24.9,22.0,64.8,54.1,54.1
2026-07-17 14:01:13,37,Talking,28.6,7.5,4.5,98.3,20.6,20.6
2026-07-17 14:01:13,45,Talking,2.4,8.0,26.1,64.4,2.4,2.4
2026-07-17 14:01:13,57,Talking,3.1,3.5,0.0,46.1,6.0,6.0
2026-07-17 14:01:14,50,Talking,57.2,1.9,5.6,33.7,58.2,58.2
2026-07-17 14:01:15,1,Working,131.5,24.9,22.0,66.7,53.7,53.7
2026-07-17 14:01:16,50,Working,57.2,1.9,5.6,35.6,57.0,57.0
2026-07-17 14:01:17,1,Using Phone,133.6,24.9,22.0,66.7,54.0,54.0
2026-07-17 14:01:17,50,Talking,58.2,1.9,5.6,35.6,57.5,57.5
2026-07-17 14:01:18,1,Working,133.6,24.9,22.9,66.7,53.8,53.8
2026-07-17 14:01:18,37,Working,28.6,7.5,4.5,103.1,19.9,19.9
2026-07-17 14:01:18,50,Working,58.2,1.9,5.6,36.6,56.9,56.9
2026-07-17 14:01:20,1,Using Phone,135.4,24.9,22.9,66.7,54.2,54.2
2026-07-17 14:01:20,37,Talking,30.3,7.5,4.5,103.1,20.9,20.9
2026-07-17 14:01:20,1,Working,135.4,24.9,23.8,66.7,54.0,54.0
2026-07-17 14:01:21,50,Talking,61.9,1.9,5.6,36.6,58.4,58.4
2026-07-17 14:01:22,50,Working,61.9,1.9,5.6,37.4,58.0,58.0
2026-07-17 14:01:23,37,Working,30.3,7.5,4.5,106.6,20.4,20.4
2026-07-17 14:01:24,50,Talking,63.7,1.9,5.6,37.4,58.7,58.7
2026-07-17 14:01:24,58,Working,0.0,0.9,0.0,0.0,0.0,0.0
2026-07-17 14:01:25,37,Talking,32.4,7.5,4.5,106.6,21.5,21.5
2026-07-17 14:01:25,50,Working,63.7,1.9,5.6,38.5,58.1,58.1
2026-07-17 14:01:26,50,Talking,64.5,1.9,5.6,38.5,58.4,58.4
2026-07-17 14:01:27,37,Working,32.4,7.5,4.5,108.1,21.2,21.2
2026-07-17 14:01:27,50,Working,64.5,1.9,5.6,39.3,58.0,58.0
2026-07-17 14:01:28,37,Talking,34.0,7.5,4.5,108.1,22.1,22.1
2026-07-17 14:01:29,37,Working,34.0,7.5,4.5,109.0,21.9,21.9
2026-07-17 14:01:30,37,Talking,35.0,7.5,4.5,109.0,22.4,22.4
2026-07-17 14:01:34,50,Talking,72.3,1.9,5.6,39.3,60.7,60.7
2026-07-17 14:01:35,50,Working,72.3,1.9,5.6,40.1,60.3,60.3
2026-07-17 14:01:35,58,Talking,11.3,0.9,0.0,0.0,92.4,92.4
2026-07-17 14:01:37,50,Talking,74.0,1.9,5.6,40.1,60.9,60.9
2026-07-17 14:01:38,37,Working,35.0,7.5,4.5,116.6,21.4,21.4
2026-07-17 14:01:38,50,Working,74.0,1.9,5.6,40.8,60.5,60.5
2026-07-17 14:01:38,58,Working,11.3,0.9,0.0,2.4,77.0,77.0
2026-07-17 14:01:39,37,Talking,35.8,7.5,4.5,116.6,21.8,21.8
2026-07-17 14:01:39,50,Talking,74.8,1.9,5.6,40.8,60.8,60.8
2026-07-17 14:01:39,50,Working,74.8,1.9,5.6,41.7,60.4,60.4
2026-07-17 14:01:41,50,Talking,76.6,1.9,5.6,41.7,60.9,60.9
2026-07-17 14:01:41,58,Talking,14.8,0.9,0.0,2.4,81.4,81.4
2026-07-17 14:01:42,50,Working,76.6,1.9,5.6,42.6,60.5,60.5
2026-07-17 14:01:42,58,Working,14.8,0.9,0.0,3.3,77.7,77.7
2026-07-17 14:01:43,37,Working,35.8,7.5,4.5,121.2,21.2,21.2
2026-07-17 14:01:43,50,Talking,77.6,1.9,5.6,42.6,60.8,60.8
2026-07-17 14:01:44,37,Talking,36.6,7.5,4.5,121.2,21.5,21.5
2026-07-17 14:01:44,50,Working,77.6,1.9,5.6,43.3,60.4,60.4
2026-07-17 14:01:45,58,Talking,17.5,0.9,0.0,3.3,80.5,80.5
2026-07-17 14:01:46,58,Working,17.5,0.9,0.0,4.3,76.9,76.9
2026-07-17 14:01:46,50,Talking,79.9,1.9,5.6,43.3,61.2,61.2
2026-07-17 14:01:47,59,Talking,1.7,0.0,0.0,0.0,100.0,100.0
2026-07-17 14:01:47,50,Looking Away,79.9,1.9,5.6,44.0,60.8,60.8
2026-07-17 14:01:48,58,Talking,19.4,0.9,0.0,4.3,78.6,78.6
2026-07-17 14:01:49,59,Working,1.7,0.0,0.0,2.1,44.9,44.9
2026-07-17 14:01:49,60,Using Phone,2.4,0.0,0.0,0.0,100.0,100.0
2026-07-17 14:01:49,61,No Laptop,0.0,0.3,0.0,0.0,0.0,0.0
2026-07-17 14:01:49,37,Working,36.6,7.5,4.5,126.3,20.9,20.9
2026-07-17 14:01:49,45,Looking Away,2.4,8.0,26.1,100.4,1.8,1.8
2026-07-17 14:01:49,59,Looking Away,2.0,0.0,0.0,2.1,49.3,49.3
2026-07-17 14:01:49,60,Working,2.4,0.0,0.3,0.0,88.0,88.0
2026-07-17 14:01:49,61,Looking Away,0.0,1.0,0.0,0.0,0.0,0.0
2026-07-17 14:01:50,59,Using Phone,2.0,0.9,0.0,2.1,40.4,40.4
2026-07-17 14:01:50,59,Looking Away,2.0,0.9,0.3,2.1,38.2,38.2
2026-07-17 14:01:50,37,Talking,38.1,7.5,4.5,126.3,21.6,21.6
2026-07-17 14:01:50,45,Talking,2.4,9.5,26.1,100.4,1.7,1.7
2026-07-17 14:01:50,59,Using Phone,2.0,1.2,0.3,2.1,36.0,36.0
2026-07-17 14:01:51,37,Working,38.1,7.5,4.5,126.6,21.6,21.6
2026-07-17 14:01:51,45,Using Phone,2.4,9.5,26.1,100.8,1.7,1.7
2026-07-17 14:01:51,59,Looking Away,2.0,1.2,0.6,2.1,34.0,34.0
2026-07-17 14:01:51,60,Using Phone,4.3,0.0,0.3,0.0,92.9,92.9
2026-07-17 14:01:51,61,No Laptop,0.0,2.5,0.0,0.0,0.0,0.0
2026-07-17 14:01:51,37,Talking,38.4,7.5,4.5,126.6,21.7,21.7
2026-07-17 14:01:51,59,Talking,2.0,1.6,0.6,2.1,32.3,32.3
2026-07-17 14:01:51,60,Working,4.3,0.0,0.6,0.0,86.9,86.9
2026-07-17 14:01:51,61,Looking Away,0.0,2.9,0.0,0.0,0.0,0.0
2026-07-17 14:01:51,37,Working,38.4,7.5,4.5,126.9,21.7,21.7
2026-07-17 14:01:51,45,Looking Away,2.4,9.5,26.7,100.8,1.7,1.7
2026-07-17 14:01:51,59,Looking Away,2.0,1.6,0.6,2.4,30.8,30.8
2026-07-17 14:01:51,61,No Laptop,0.0,3.2,0.0,0.0,0.0,0.0
2026-07-17 14:01:52,60,Using Phone,4.9,0.0,0.6,0.0,88.4,88.4
2026-07-17 14:01:53,37,Talking,39.6,7.5,4.5,126.9,22.2,22.2
2026-07-17 14:01:53,45,Talking,2.4,10.6,26.7,100.8,1.7,1.7
2026-07-17 14:01:53,59,Talking,2.0,2.7,0.6,2.4,26.2,26.2
2026-07-17 14:01:53,45,Using Phone,2.4,10.6,26.7,101.1,1.7,1.7
2026-07-17 14:01:53,60,Working,4.9,0.0,1.8,0.0,73.6,73.6
2026-07-17 14:01:53,45,Talking,2.4,10.6,27.0,101.1,1.7,1.7
2026-07-17 14:01:53,37,Working,39.6,7.5,4.5,127.7,22.1,22.1
2026-07-17 14:01:53,45,Looking Away,2.4,10.6,27.0,101.3,1.7,1.7
2026-07-17 14:01:53,61,Talking,0.0,5.1,0.0,0.0,0.0,0.0
2026-07-17 14:01:54,37,Talking,39.8,7.5,4.5,127.7,22.2,22.2
2026-07-17 14:01:54,45,Talking,2.4,10.9,27.0,101.3,1.7,1.7
2026-07-17 14:01:54,45,Using Phone,2.4,10.9,27.0,101.8,1.7,1.7
2026-07-17 14:01:54,50,Talking,79.9,9.1,5.6,44.0,57.7,57.7
2026-07-17 14:01:54,59,Working,2.0,2.7,0.6,3.9,21.9,21.9
2026-07-17 14:01:54,60,Using Phone,6.2,0.0,1.8,0.0,77.7,77.7
2026-07-17 14:01:54,50,Looking Away,79.9,9.1,5.6,44.3,57.6,57.6
2026-07-17 14:01:54,60,Working,6.2,0.0,2.0,0.0,75.1,75.1
2026-07-17 14:01:55,45,Talking,2.4,10.9,27.6,101.8,1.7,1.7
2026-07-17 14:01:58,45,Working,2.4,10.9,27.6,104.8,1.7,1.7
2026-07-17 14:01:58,50,Talking,79.9,12.8,5.6,44.3,56.1,56.1
2026-07-17 14:01:58,60,Talking,9.8,0.0,2.0,0.0,82.8,82.8
2026-07-17 14:01:58,37,Working,39.8,7.5,4.5,132.5,21.6,21.6
2026-07-17 14:01:58,45,Looking Away,3.2,10.9,27.6,104.8,2.2,2.2
2026-07-17 14:01:58,50,Looking Away,79.9,12.8,5.6,44.7,55.9,55.9
2026-07-17 14:01:58,60,Working,9.8,0.0,2.0,0.4,80.1,80.1
2026-07-17 14:01:58,61,Looking Away,0.0,5.1,0.0,5.1,0.0,0.0
2026-07-17 14:01:59,37,Talking,40.2,7.5,4.5,132.5,21.8,21.8
2026-07-17 14:01:59,45,Talking,3.2,11.3,27.6,104.8,2.2,2.2
2026-07-17 14:01:59,61,Talking,0.0,5.5,0.0,5.1,0.0,0.0
2026-07-17 14:01:59,37,Working,40.2,7.5,4.5,132.9,21.7,21.7
2026-07-17 14:01:59,45,Looking Away,3.2,11.3,27.6,105.2,2.2,2.2
2026-07-17 14:01:59,61,No Laptop,0.0,5.5,0.0,5.4,0.0,0.0
2026-07-17 14:02:00,45,Talking,3.2,11.7,27.6,105.2,2.2,2.2
2026-07-17 14:02:00,50,Talking,79.9,13.9,5.6,44.7,55.5,55.5
2026-07-17 14:02:00,60,Talking,11.0,0.0,2.0,0.4,81.8,81.8
2026-07-17 14:02:00,45,Looking Away,3.2,11.7,27.6,105.6,2.2,2.2
2026-07-17 14:02:00,50,Looking Away,79.9,13.9,5.6,45.1,55.3,55.3
2026-07-17 14:02:00,60,Working,11.0,0.0,2.0,0.8,79.5,79.5
2026-07-17 14:02:02,45,Using Phone,3.2,13.2,27.6,105.6,2.1,2.1
2026-07-17 14:02:02,50,Talking,79.9,15.4,5.6,45.1,54.7,54.7
2026-07-17 14:02:02,60,Talking,12.5,0.0,2.0,0.8,81.5,81.5
2026-07-17 14:02:02,45,Looking Away,3.2,13.2,28.4,105.6,2.1,2.1
2026-07-17 14:02:02,50,Looking Away,79.9,15.4,5.6,45.9,54.4,54.4
2026-07-17 14:02:02,60,Working,12.5,0.0,2.0,1.6,77.2,77.2
2026-07-17 14:02:05,37,Talking,46.2,7.5,4.5,132.9,24.2,24.2
2026-07-17 14:02:05,45,Talking,3.2,16.0,28.4,105.6,2.1,2.1
2026-07-17 14:02:05,61,Talking,0.0,11.5,0.0,5.4,0.0,0.0
2026-07-17 14:02:06,37,Working,46.2,7.5,4.5,133.7,24.1,24.1
2026-07-17 14:02:06,45,Using Phone,3.2,16.0,28.4,106.4,2.1,2.1
2026-07-17 14:02:06,61,No Laptop,0.0,11.5,0.0,6.3,0.0,0.0
2026-07-17 14:02:07,37,Talking,47.0,7.5,4.5,133.7,24.4,24.4
2026-07-17 14:02:07,45,Talking,3.2,16.0,29.3,106.4,2.1,2.1
2026-07-17 14:02:07,61,Talking,0.0,12.3,0.0,6.3,0.0,0.0
2026-07-17 14:02:08,62,Looking Away,0.0,1.2,0.0,0.0,0.0,0.0
2026-07-17 14:02:11,59,Talking,18.6,2.7,0.6,3.9,72.0,72.0
2026-07-17 14:02:12,50,Talking,79.9,25.5,5.6,45.9,50.9,50.9
2026-07-17 14:02:12,59,Working,18.6,2.7,0.6,5.6,67.5,67.5
2026-07-17 14:02:12,60,Talking,22.5,0.0,2.0,1.6,85.9,85.9
2026-07-17 14:02:12,64,No Laptop,0.0,0.8,0.0,0.0,0.0,0.0
2026-07-17 14:02:13,37,Working,47.0,7.5,4.5,140.1,23.6,23.6
2026-07-17 14:02:13,50,Looking Away,79.9,25.5,5.6,46.7,50.7,50.7
2026-07-17 14:02:13,59,Talking,19.4,2.7,0.6,5.6,68.4,68.4
2026-07-17 14:02:13,60,Working,22.5,0.0,2.0,2.4,83.4,83.4
2026-07-17 14:02:14,37,Talking,48.0,7.5,4.5,140.1,24.0,24.0
2026-07-17 14:02:14,59,Working,19.4,2.7,0.6,6.7,66.0,66.0
2026-07-17 14:02:15,50,Talking,79.9,27.4,5.6,46.7,50.1,50.1
2026-07-17 14:02:15,59,Talking,20.3,2.7,0.6,6.7,67.0,67.0
2026-07-17 14:02:17,59,Working,20.3,2.7,0.6,8.5,63.2,63.2
2026-07-17 14:02:18,37,Working,48.0,7.5,4.5,143.7,23.6,23.6
2026-07-17 14:02:18,59,Talking,21.2,2.7,0.6,8.5,64.2,64.2
2026-07-17 14:02:19,37,Talking,49.0,7.5,4.5,143.7,23.9,23.9
2026-07-17 14:02:19,59,Working,21.2,2.7,0.6,9.4,62.4,62.4
2026-07-17 14:02:19,65,No Laptop,0.0,1.0,0.0,0.0,0.0,0.0
2026-07-17 14:02:20,60,Talking,29.0,0.0,2.0,2.4,86.6,86.6
2026-07-17 14:02:21,59,Talking,23.7,2.7,0.6,9.4,65.0,65.0
2026-07-17 14:02:22,59,Working,23.7,2.7,0.6,10.4,63.4,63.4
2026-07-17 14:02:22,60,Working,29.0,0.0,2.0,5.1,80.3,80.3
2026-07-17 14:02:42,59,Talking,43.3,2.7,0.6,10.4,75.9,75.9
2026-07-17 14:02:42,60,Talking,48.5,0.0,2.0,5.1,87.2,87.2
2026-07-17 14:02:42,65,Talking,0.0,24.0,0.0,0.0,0.0,0.0
2026-07-17 14:02:55,50,Looking Away,79.9,27.4,5.6,86.2,40.2,40.2
2026-07-17 14:02:55,60,Working,48.5,0.0,2.0,17.8,71.0,71.0
2026-07-17 14:02:55,50,Talking,79.9,28.2,5.6,86.2,40.0,40.0
2026-07-17 14:02:55,60,Talking,49.3,0.0,2.0,17.8,71.3,71.3
2026-07-17 14:02:56,37,Working,49.0,7.5,4.5,181.1,20.2,20.2
2026-07-17 14:02:56,59,Looking Away,43.3,2.7,0.6,24.7,60.7,60.7
2026-07-17 14:03:00,37,Talking,52.8,7.5,4.5,181.1,21.5,21.5
2026-07-17 14:03:00,50,Working,79.9,28.2,5.6,90.8,39.1,39.1
2026-07-17 14:03:00,59,Talking,43.3,6.5,0.6,24.7,57.6,57.6
2026-07-17 14:03:00,60,Working,49.3,0.0,2.0,22.4,66.8,66.8
2026-07-17 14:03:01,50,Looking Away,80.9,28.2,5.6,90.8,39.4,39.4
2026-07-17 14:03:03,50,Talking,80.9,30.1,5.6,90.8,39.0,39.0
2026-07-17 14:03:03,60,Talking,52.2,0.0,2.0,22.4,68.1,68.1
2026-07-17 14:03:07,60,Working,52.2,0.0,2.0,26.1,65.0,65.0
2026-07-17 14:03:07,37,Working,52.8,7.5,4.5,188.5,20.8,20.8
2026-07-17 14:03:07,50,Looking Away,80.9,30.1,5.6,95.4,38.2,38.2
2026-07-17 14:03:07,59,Looking Away,43.3,6.5,0.6,32.2,52.4,52.4
2026-07-17 14:03:09,37,Talking,54.6,7.5,4.5,188.5,21.4,21.4
2026-07-17 14:03:09,50,Talking,80.9,31.9,5.6,95.4,37.9,37.9
2026-07-17 14:03:09,59,Talking,43.3,8.3,0.6,32.2,51.3,51.3
2026-07-17 14:03:09,60,Talking,54.9,0.0,2.0,26.1,66.1,66.1
2026-07-17 14:03:13,60,Working,54.9,0.0,2.0,29.4,63.6,63.6
2026-07-17 14:03:15,37,Working,54.6,7.5,4.5,194.3,20.9,20.9
2026-07-17 14:03:15,50,Looking Away,80.9,31.9,5.6,101.2,36.8,36.8
2026-07-17 14:03:16,50,Talking,80.9,32.9,5.6,101.2,36.7,36.7
2026-07-17 14:03:16,60,Talking,58.5,0.0,2.0,29.4,65.0,65.0
2026-07-17 14:03:18,50,Looking Away,80.9,32.9,5.6,103.0,36.4,36.4
2026-07-17 14:03:18,60,Working,58.5,0.0,2.0,31.2,63.8,63.8
2026-07-17 14:03:19,37,Talking,59.0,7.5,4.5,194.3,22.2,22.2
2026-07-17 14:03:19,61,Talking,0.8,0.0,0.0,0.0,100.0,100.0
2026-07-17 14:03:20,37,Working,59.0,7.5,4.5,195.1,22.2,22.2
2026-07-17 14:03:20,60,Looking Away,60.9,0.0,2.0,31.2,64.7,64.7
2026-07-17 14:03:20,61,Looking Away,0.8,0.0,0.0,0.8,50.6,50.6
2026-07-17 14:03:21,37,Talking,59.8,7.5,4.5,195.1,22.4,22.4
2026-07-17 14:03:21,60,Working,60.9,0.8,2.0,31.2,64.2,64.2
2026-07-17 14:03:21,61,Talking,0.8,0.8,0.0,0.8,33.9,33.9
2026-07-17 14:03:22,37,Working,59.8,7.5,4.5,196.0,22.3,22.3
2026-07-17 14:03:24,37,Looking Away,61.8,7.5,4.5,196.0,22.9,22.9
2026-07-17 14:03:29,37,Working,61.8,12.2,4.5,196.0,22.5,22.5
2026-07-17 14:03:30,37,Looking Away,63.4,12.2,4.5,196.0,23.0,23.0
2026-07-17 14:03:35,37,Talking,63.4,17.3,4.5,196.0,22.5,22.5
2026-07-17 14:03:35,60,Talking,75.1,0.8,2.0,31.2,68.8,68.8
2026-07-17 14:03:36,37,Looking Away,63.4,17.3,4.5,196.7,22.5,22.5
2026-07-17 14:03:36,60,Working,75.1,0.8,2.0,31.9,68.4,68.4
2026-07-17 14:03:37,37,Talking,63.4,17.9,4.5,196.7,22.4,22.4
2026-07-17 14:03:37,60,Talking,75.7,0.8,2.0,31.9,68.6,68.6
2026-07-17 14:03:39,37,Working,63.4,17.9,4.5,198.9,22.3,22.3
2026-07-17 14:03:39,60,Looking Away,75.7,0.8,2.0,34.1,67.2,67.2
2026-07-17 14:03:40,37,Talking,64.9,17.9,4.5,198.9,22.7,22.7
2026-07-17 14:03:40,60,Talking,75.7,2.3,2.0,34.1,66.3,66.3
2026-07-17 14:03:45,37,Working,64.9,17.9,4.5,203.1,22.4,22.4
2026-07-17 14:03:45,60,Working,75.7,2.3,2.0,38.3,64.0,64.0
2026-07-17 14:03:45,37,Talking,65.7,17.9,4.5,203.1,22.6,22.6
2026-07-17 14:03:45,61,Talking,0.0,0.8,0.0,0.0,0.0,0.0
2026-07-17 14:03:47,37,Looking Away,65.7,17.9,4.5,204.3,22.5,22.5
2026-07-17 14:03:47,61,Working,0.0,0.8,0.0,1.2,0.0,0.0
2026-07-17 14:03:47,37,No Laptop,65.7,18.5,4.5,204.3,22.4,22.4
2026-07-17 14:03:47,61,No Laptop,0.6,0.8,0.0,1.2,22.0,22.0
2026-07-17 14:03:48,61,Talking,0.6,1.3,0.0,1.2,18.5,18.5
2026-07-17 14:03:48,37,Working,65.7,19.5,4.5,204.3,22.3,22.3
2026-07-17 14:03:48,61,Looking Away,0.6,1.3,0.0,1.8,15.8,15.8
2026-07-17 14:03:48,62,Working,0.0,0.5,0.0,0.0,0.0,0.0
2026-07-17 14:03:49,61,Talking,0.6,2.0,0.0,1.8,13.1,13.1
2026-07-17 14:03:49,62,Talking,0.7,0.5,0.0,0.0,58.9,58.9
2026-07-17 14:03:50,63,Talking,1.5,0.0,0.0,0.0,100.0,100.0
2026-07-17 14:03:52,64,Looking Away,0.0,1.0,0.0,0.0,0.0,0.0
2026-07-17 14:03:52,65,Looking Away,0.0,1.0,0.0,0.0,0.0,0.0
2026-07-17 14:03:53,61,Working,0.6,2.0,0.0,5.6,6.9,6.9
2026-07-17 14:03:53,63,Looking Away,1.5,0.0,0.0,3.1,32.5,32.5
2026-07-17 14:03:54,61,Looking Away,1.5,2.0,0.0,5.6,16.6,16.6
2026-07-17 14:03:54,64,Working,0.0,2.7,0.0,0.0,0.0,0.0
2026-07-17 14:03:54,66,Looking Away,0.0,1.0,0.0,0.0,0.0,0.0
2026-07-17 14:03:55,63,Working,1.5,1.9,0.0,3.1,23.2,23.2
2026-07-17 14:03:55,64,Looking Away,0.9,2.7,0.0,0.0,25.3,25.3
2026-07-17 14:03:57,61,Talking,1.5,4.9,0.0,5.6,12.7,12.7
2026-07-17 14:03:57,65,Talking,0.0,5.5,0.0,0.0,0.0,0.0
2026-07-17 14:03:57,67,Looking Away,1.9,0.0,0.0,0.0,100.0,100.0
2026-07-17 14:03:58,68,Looking Away,0.0,0.5,0.0,0.0,0.0,0.0
2026-07-17 14:03:58,69,Looking Away,0.0,0.5,0.0,0.0,0.0,0.0
2026-07-17 14:03:59,61,Looking Away,1.5,4.9,0.0,7.8,10.7,10.7
2026-07-17 14:03:59,65,Working,0.0,5.5,0.0,2.2,0.0,0.0
2026-07-17 14:03:59,69,Working,0.0,0.8,0.0,0.0,0.0,0.0
2026-07-17 14:03:59,69,Looking Away,0.4,0.8,0.0,0.0,31.4,31.4
2026-07-17 14:03:59,61,Talking,1.5,5.6,0.0,7.8,10.2,10.2
2026-07-17 14:03:59,65,Talking,0.7,5.5,0.0,2.2,8.7,8.7
2026-07-17 14:03:59,70,Looking Away,0.0,0.3,0.0,0.0,0.0,0.0
2026-07-17 14:04:00,61,Looking Away,1.5,5.6,0.0,8.2,10.0,10.0
2026-07-17 14:04:00,65,Working,0.7,5.5,0.0,2.6,8.3,8.3
2026-07-17 14:04:01,65,Looking Away,2.3,5.5,0.0,2.6,22.2,22.2
2026-07-17 14:04:01,70,Working,0.0,2.3,0.0,0.0,0.0,0.0
2026-07-17 14:04:02,65,Working,2.3,5.9,0.0,2.6,21.3,21.3
2026-07-17 14:04:02,70,Looking Away,0.4,2.3,0.0,0.0,15.2,15.2
2026-07-17 14:04:02,68,Working,0.0,4.4,0.0,0.0,0.0,0.0
2026-07-17 14:04:02,71,Looking Away,0.0,0.4,0.0,0.0,0.0,0.0
2026-07-17 14:04:03,71,Working,0.0,1.2,0.0,0.0,0.0,0.0
2026-07-17 14:04:03,71,Looking Away,0.4,1.2,0.0,0.0,24.5,24.5
2026-07-17 14:04:03,72,Looking Away,0.4,0.0,0.0,0.0,100.0,100.0
2026-07-17 14:04:04,69,Working,0.4,5.4,0.0,0.0,6.6,6.6
2026-07-17 14:04:04,71,Working,0.4,1.9,0.0,0.0,16.8,16.8
2026-07-17 14:04:04,72,Working,0.4,0.7,0.0,0.0,35.1,35.1
2026-07-17 14:04:04,73,Looking Away,0.0,0.4,0.0,0.0,0.0,0.0
2026-07-17 14:04:05,69,Talking,1.5,5.4,0.0,0.0,21.4,21.4
2026-07-17 14:04:05,70,Talking,0.4,5.3,0.0,0.0,7.2,7.2
2026-07-17 14:04:05,71,Looking Away,1.1,1.9,0.0,0.0,36.6,36.6
2026-07-17 14:04:05,69,Working,1.5,5.4,0.0,0.3,20.4,20.4
2026-07-17 14:04:05,70,Looking Away,0.4,5.3,0.0,0.3,6.8,6.8
2026-07-17 14:04:05,71,Working,1.1,2.5,0.0,0.0,30.0,30.0
2026-07-17 14:04:05,72,No Laptop,1.7,0.7,0.0,0.0,71.1,71.1
2026-07-17 14:04:06,71,Looking Away,2.0,2.5,0.0,0.0,44.5,44.5
2026-07-17 14:04:07,71,Working,2.0,3.1,0.0,0.0,39.5,39.5
2026-07-17 14:04:07,71,Looking Away,2.3,3.1,0.0,0.0,42.5,42.5
2026-07-17 14:04:08,71,Working,2.3,3.9,0.0,0.0,36.9,36.9
2026-07-17 14:04:09,70,Talking,0.4,9.0,0.0,0.3,4.2,4.2
2026-07-17 14:04:09,71,Talking,3.1,3.9,0.0,0.0,44.1,44.1
2026-07-17 14:04:09,73,Talking,0.0,5.2,0.0,0.0,0.0,0.0
2026-07-17 14:04:09,71,Working,3.1,3.9,0.0,0.4,41.5,41.5
2026-07-17 14:04:09,74,Looking Away,0.0,0.4,0.0,0.0,0.0,0.0
2026-07-17 14:04:10,71,Talking,3.5,3.9,0.0,0.4,44.2,44.2
2026-07-17 14:04:10,70,Looking Away,0.4,9.0,0.0,1.5,3.7,3.7
2026-07-17 14:04:10,71,Working,3.5,3.9,0.0,0.8,42.2,42.2
2026-07-17 14:04:10,73,Working,0.0,5.2,0.0,1.2,0.0,0.0
2026-07-17 14:04:10,71,Looking Away,3.8,3.9,0.0,0.8,44.4,44.4
2026-07-17 14:04:11,71,Working,3.8,4.3,0.0,0.8,42.5,42.5
2026-07-17 14:04:11,71,Looking Away,4.1,4.3,0.0,0.8,44.3,44.3
2026-07-17 14:04:11,75,Looking Away,0.0,0.3,0.0,0.0,0.0,0.0
2026-07-17 14:04:12,71,Talking,4.1,5.3,0.0,0.8,40.1,40.1
2026-07-17 14:04:12,73,Talking,1.9,5.2,0.0,1.2,23.3,23.3
2026-07-17 14:04:13,76,Looking Away,0.0,0.4,0.0,0.0,0.0,0.0
2026-07-17 14:04:13,71,Working,4.1,5.3,0.0,2.0,36.1,36.1
2026-07-17 14:04:13,73,Looking Away,1.9,5.2,0.0,2.3,20.5,20.5
2026-07-17 14:04:13,76,Working,0.0,0.8,0.0,0.0,0.0,0.0
2026-07-17 14:04:14,73,Working,1.9,5.9,0.0,2.3,19.1,19.1
2026-07-17 14:04:15,71,No Laptop,5.5,5.3,0.0,2.0,43.3,43.3
2026-07-17 14:04:15,75,No Laptop,0.0,3.5,0.0,0.0,0.0,0.0
2026-07-17 14:04:15,76,No Laptop,1.4,0.8,0.0,0.0,64.3,64.3
2026-07-17 14:04:15,71,Working,5.5,6.0,0.0,2.0,41.1,41.1
2026-07-17 14:04:15,75,Looking Away,0.0,4.2,0.0,0.0,0.0,0.0
2026-07-17 14:04:15,76,Looking Away,1.4,1.5,0.0,0.0,49.2,49.2
2026-07-17 14:04:16,76,Working,1.4,1.8,0.0,0.0,43.9,43.9
2026-07-17 14:04:16,77,Looking Away,0.0,0.4,0.0,0.0,0.0,0.0
2026-07-17 14:04:18,75,Working,0.0,7.0,0.0,0.0,0.0,0.0
2026-07-17 14:04:18,79,Looking Away,0.0,0.3,0.0,0.0,0.0,0.0
2026-07-17 14:04:18,75,Looking Away,0.4,7.0,0.0,0.0,4.9,4.9
2026-07-17 14:04:19,75,Working,0.4,7.3,0.0,0.0,4.7,4.7
2026-07-17 14:04:22,79,Working,0.0,4.1,0.0,0.0,0.0,0.0
2026-07-17 14:04:22,79,Looking Away,0.3,4.1,0.0,0.0,7.0,7.0
2026-07-17 14:04:23,79,Working,0.3,5.0,0.0,0.0,5.8,5.8
2026-07-17 14:04:23,79,Looking Away,0.6,5.0,0.0,0.0,10.7,10.7
2026-07-17 14:04:24,79,Working,0.6,5.3,0.0,0.0,10.1,10.1
2026-07-17 14:04:24,79,Looking Away,1.2,5.3,0.0,0.0,18.3,18.3
2026-07-17 14:04:25,79,Working,1.2,5.6,0.0,0.0,17.5,17.5
2026-07-17 14:04:25,79,Looking Away,1.5,5.6,0.0,0.0,21.1,21.1
2026-07-17 14:04:26,79,Working,1.5,7.2,0.0,0.0,17.4,17.4
2026-07-17 14:04:27,79,Looking Away,1.8,7.2,0.0,0.0,20.3,20.3
2026-07-17 14:04:29,79,Working,1.8,9.2,0.0,0.0,16.4,16.4
2026-07-17 14:04:29,79,Looking Away,2.1,9.2,0.0,0.0,18.7,18.7
2026-07-17 14:04:32,79,Working,2.1,12.0,0.0,0.0,15.0,15.0
2026-07-17 14:04:32,79,Looking Away,2.8,12.0,0.0,0.0,18.9,18.9
2026-07-17 14:04:33,79,Working,2.8,12.7,0.0,0.0,17.9,17.9
2026-07-17 14:04:33,80,Looking Away,15.5,0.0,0.0,0.0,100.0,100.0
2026-07-17 14:04:34,79,Looking Away,3.2,12.7,0.0,0.0,19.9,19.9
2026-07-17 14:04:34,80,Working,15.5,1.0,0.0,0.0,93.9,93.9
2026-07-17 14:04:35,79,Working,3.2,13.7,0.0,0.0,18.8,18.8
2026-07-17 14:04:35,80,Looking Away,16.5,1.0,0.0,0.0,94.2,94.2
2026-07-17 14:04:36,79,Looking Away,4.5,13.7,0.0,0.0,24.8,24.8
2026-07-17 14:04:36,80,Working,16.5,1.7,0.0,0.0,90.8,90.8
2026-07-17 14:04:36,79,Working,4.5,14.0,0.0,0.0,24.4,24.4
2026-07-17 14:04:37,79,Looking Away,4.9,14.0,0.0,0.0,25.8,25.8
2026-07-17 14:04:37,79,Working,4.9,14.3,0.0,0.0,25.3,25.3
2026-07-17 14:04:37,79,Looking Away,5.2,14.3,0.0,0.0,26.7,26.7
2026-07-17 14:04:40,75,Looking Away,21.9,7.3,0.0,0.0,74.9,74.9
2026-07-17 14:04:42,81,Looking Away,0.0,0.4,0.0,0.0,0.0,0.0
2026-07-17 14:04:43,81,Working,0.0,1.1,0.0,0.0,0.0,0.0
2026-07-17 14:04:43,81,Looking Away,0.7,1.1,0.0,0.0,39.3,39.3
2026-07-17 14:04:43,82,Looking Away,0.0,0.4,0.0,0.0,0.0,0.0
2026-07-17 14:04:44,75,Talking,21.9,11.3,0.0,0.0,66.1,66.1
2026-07-17 14:04:44,76,Talking,30.1,1.8,0.0,0.0,94.3,94.3
2026-07-17 14:04:44,80,No Laptop,24.8,1.7,0.0,0.0,93.7,93.7
2026-07-17 14:04:44,82,No Laptop,0.0,1.2,0.0,0.0,0.0,0.0
2026-07-17 14:04:45,75,Working,21.9,11.3,0.0,0.3,65.4,65.4
2026-07-17 14:04:45,76,Working,30.1,1.8,0.0,0.3,93.3,93.3
2026-07-17 14:04:45,80,Working,24.8,2.0,0.0,0.0,92.5,92.5
2026-07-17 14:04:45,82,Looking Away,0.0,1.5,0.0,0.0,0.0,0.0
2026-07-17 14:04:46,83,Looking Away,0.0,0.4,0.0,0.0,0.0,0.0
2026-07-17 14:04:52,84,Looking Away,0.0,0.3,0.0,0.0,0.0,0.0
2026-07-17 14:04:52,85,Looking Away,0.0,0.3,0.0,0.0,0.0,0.0
2026-07-17 14:04:54,83,Working,0.0,8.6,0.0,0.0,0.0,0.0
2026-07-17 14:04:55,75,Looking Away,32.7,11.3,0.0,0.3,73.8,73.8
2026-07-17 14:04:56,75,Working,32.7,11.6,0.0,0.3,73.3,73.3
2026-07-17 14:04:57,86,Looking Away,0.0,0.3,0.0,0.0,0.0,0.0
2026-07-17 14:05:09,83,Looking Away,0.0,0.3,0.0,0.0,0.0,0.0
2026-07-17 14:05:09,83,Working,0.0,0.7,0.0,0.0,0.0,0.0
2026-07-17 14:05:10,84,Looking Away,0.0,0.4,0.0,0.0,0.0,0.0
2026-07-17 14:05:10,85,No Laptop,0.0,0.4,0.0,0.0,0.0,0.0
2026-07-17 14:05:12,75,Looking Away,48.8,11.6,0.0,0.3,80.3,80.3
2026-07-17 14:05:13,75,Working,48.8,12.5,0.0,0.3,79.2,79.2
2026-07-17 14:05:13,86,Looking Away,0.0,0.4,0.0,0.0,0.0,0.0
2026-07-17 14:06:45,0,Working,0.0,1.5,0.0,0.0,0.0,0.0
2026-07-17 14:06:45,1,Looking Away,1.5,0.0,0.0,0.0,100.0,100.0
2026-07-17 14:06:45,2,Looking Away,0.0,1.5,0.0,0.0,0.0,0.0
2026-07-17 14:06:45,3,Working,0.0,1.5,0.0,0.0,0.0,0.0
2026-07-17 14:06:45,4,No Laptop,0.0,0.4,0.0,0.0,0.0,0.0
2026-07-17 14:06:45,0,Looking Away,0.7,1.5,0.0,0.0,32.5,32.5
2026-07-17 14:06:45,1,Working,1.5,0.7,0.0,0.0,67.5,67.5
2026-07-17 14:06:46,1,Looking Away,1.9,0.7,0.0,0.0,71.5,71.5
2026-07-17 14:06:46,0,Working,0.7,2.2,0.0,0.0,25.4,25.4
2026-07-17 14:06:46,1,Working,1.9,1.4,0.0,0.0,57.0,57.0
2026-07-17 14:06:46,2,Working,0.0,3.3,0.0,0.0,0.0,0.0
2026-07-17 14:06:47,5,No Laptop,0.0,0.4,0.0,0.0,0.0,0.0
2026-07-17 14:06:47,0,Looking Away,1.9,2.2,0.0,0.0,46.5,46.5
2026-07-17 14:06:48,0,Working,1.9,2.6,0.0,0.0,42.1,42.1
2026-07-17 14:06:48,1,Looking Away,3.5,1.4,0.0,0.0,71.7,71.7
2026-07-17 14:06:49,3,Looking Away,3.8,1.5,0.0,0.0,71.1,71.1
2026-07-17 14:06:49,1,Working,3.5,2.2,0.0,0.0,61.6,61.6
2026-07-17 14:06:49,3,Working,3.8,2.0,0.0,0.0,65.9,65.9
2026-07-17 14:06:49,6,Looking Away,0.0,0.4,0.0,0.0,0.0,0.0
2026-07-17 14:06:49,1,Looking Away,3.9,2.2,0.0,0.0,64.1,64.1
2026-07-17 14:06:49,2,Looking Away,2.9,3.3,0.0,0.0,47.0,47.0
2026-07-17 14:06:49,3,Looking Away,4.2,2.0,0.0,0.0,68.1,68.1
2026-07-17 14:06:50,1,Working,3.9,2.7,0.0,0.0,59.7,59.7
2026-07-17 14:06:50,3,Working,4.2,2.4,0.0,0.0,63.5,63.5
2026-07-17 14:06:50,1,Talking,4.3,2.7,0.0,0.0,61.6,61.6
2026-07-17 14:06:50,2,Talking,2.9,4.0,0.0,0.0,41.8,41.8
2026-07-17 14:06:50,3,Looking Away,4.5,2.4,0.0,0.0,65.2,65.2
2026-07-17 14:06:50,3,Working,4.5,2.8,0.0,0.0,62.1,62.1
2026-07-17 14:06:51,3,Looking Away,4.9,2.8,0.0,0.0,63.9,63.9
2026-07-17 14:06:52,1,Working,4.3,2.7,0.0,1.7,49.3,49.3
2026-07-17 14:06:52,2,Looking Away,2.9,4.0,0.0,1.7,33.5,33.5
2026-07-17 14:06:52,0,Talking,6.4,2.6,0.0,0.0,70.9,70.9
2026-07-17 14:06:52,1,Talking,4.6,2.7,0.0,1.7,51.2,51.2
2026-07-17 14:06:52,2,Talking,2.9,4.4,0.0,1.7,32.2,32.2
2026-07-17 14:06:52,3,Talking,4.9,4.1,0.0,0.0,54.3,54.3
2026-07-17 14:06:52,7,Looking Away,0.0,0.3,0.0,0.0,0.0,0.0
2026-07-17 14:06:53,0,Working,6.4,2.6,0.0,0.5,67.4,67.4
2026-07-17 14:06:53,1,Working,4.6,2.7,0.0,2.2,48.7,48.7
2026-07-17 14:06:53,2,Looking Away,2.9,4.4,0.0,2.2,30.6,30.6
2026-07-17 14:06:53,3,Looking Away,4.9,4.1,0.0,0.5,51.7,51.7
2026-07-17 14:06:53,8,Looking Away,0.0,0.5,0.0,0.0,0.0,0.0
2026-07-17 14:06:53,9,Working,0.0,0.5,0.0,0.0,0.0,0.0
2026-07-17 14:06:53,0,Talking,6.7,2.6,0.0,0.5,68.5,68.5
2026-07-17 14:06:53,1,Talking,4.9,2.7,0.0,2.2,50.4,50.4
2026-07-17 14:06:53,2,Talking,2.9,4.7,0.0,2.2,29.6,29.6
2026-07-17 14:06:53,3,Talking,4.9,4.4,0.0,0.5,50.0,50.0
2026-07-17 14:06:53,3,Looking Away,4.9,4.4,0.0,0.9,47.9,47.9
2026-07-17 14:06:53,9,Looking Away,0.7,0.5,0.0,0.0,61.5,61.5
2026-07-17 14:06:53,10,Looking Away,0.0,0.4,0.0,0.0,0.0,0.0
2026-07-17 14:06:54,1,Working,4.9,2.7,0.0,3.0,46.6,46.6
2026-07-17 14:06:54,3,Working,4.9,4.8,0.0,0.9,46.3,46.3
2026-07-17 14:06:54,1,Talking,5.2,2.7,0.0,3.0,48.2,48.2
2026-07-17 14:06:54,9,Working,0.7,1.1,0.0,0.0,39.6,39.6
2026-07-17 14:06:54,1,Working,5.2,2.7,0.0,3.3,46.6,46.6
2026-07-17 14:06:54,3,Looking Away,5.5,4.8,0.0,0.9,49.5,49.5
2026-07-17 14:06:55,1,Talking,5.6,2.7,0.0,3.3,48.2,48.2
2026-07-17 14:06:56,1,Working,5.6,2.7,0.0,4.6,43.4,43.4
2026-07-17 14:06:56,1,Talking,5.9,2.7,0.0,4.6,45.0,45.0
2026-07-17 14:06:56,3,Working,5.5,6.8,0.0,0.9,42.0,42.0
2026-07-17 14:06:57,1,Working,5.9,2.7,0.0,5.0,43.6,43.6
2026-07-17 14:06:57,0,Working,6.7,2.6,0.0,4.8,47.3,47.3
2026-07-17 14:06:57,1,Talking,6.4,2.7,0.0,5.0,45.4,45.4
2026-07-17 14:06:58,1,Working,6.4,2.7,0.0,5.6,43.6,43.6
2026-07-17 14:06:58,2,Looking Away,2.9,4.7,0.0,7.1,19.6,19.6
2026-07-17 14:06:58,0,Talking,7.8,2.6,0.0,4.8,51.3,51.3
2026-07-17 14:06:58,2,Talking,2.9,5.2,0.0,7.1,18.9,18.9
2026-07-17 14:06:59,0,Working,7.8,2.6,0.0,5.4,49.6,49.6
2026-07-17 14:06:59,2,Looking Away,2.9,5.2,0.0,7.7,18.3,18.3
2026-07-17 14:07:00,0,Talking,8.4,2.6,0.0,5.4,51.2,51.2
2026-07-17 14:07:00,2,Talking,2.9,5.8,0.0,7.7,17.7,17.7
2026-07-17 14:07:00,3,Using Phone,8.7,6.8,0.0,0.9,53.1,53.1
2026-07-17 14:07:00,3,Working,8.7,6.8,0.4,0.9,51.8,51.8
2026-07-17 14:07:02,3,Using Phone,10.3,6.8,0.4,0.9,56.1,56.1
2026-07-17 14:07:02,3,Working,10.3,6.8,0.9,0.9,54.5,54.5
2026-07-17 14:07:04,11,Looking Away,0.0,0.5,0.0,0.0,0.0,0.0
2026-07-17 14:07:04,0,Working,8.4,2.6,0.0,10.0,40.0,40.0
2026-07-17 14:07:04,2,Looking Away,2.9,5.8,0.0,12.3,13.8,13.8
2026-07-17 14:07:05,0,Using Phone,8.9,2.6,0.0,10.0,41.4,41.4
2026-07-17 14:07:05,2,Talking,2.9,6.3,0.0,12.3,13.5,13.5
2026-07-17 14:07:05,12,No Laptop,0.0,0.5,0.0,0.0,0.0,0.0
2026-07-17 14:07:05,0,Talking,8.9,2.6,0.6,10.0,40.3,40.3
2026-07-17 14:07:06,1,Talking,14.6,2.7,0.0,5.6,63.7,63.7
2026-07-17 14:07:06,3,Looking Away,14.3,6.8,0.9,0.9,62.4,62.4
2026-07-17 14:07:06,1,Working,14.6,2.7,0.0,6.0,62.7,62.7
2026-07-17 14:07:06,3,Using Phone,14.3,7.1,0.9,0.9,61.4,61.4
2026-07-17 14:07:07,13,Looking Away,0.0,0.5,0.0,0.0,0.0,0.0
2026-07-17 14:07:09,1,Talking,17.1,2.7,0.0,6.0,66.4,66.4
2026-07-17 14:07:09,3,Looking Away,14.3,7.1,3.5,0.9,55.3,55.3
2026-07-17 14:07:09,14,Looking Away,0.0,0.4,0.0,0.0,0.0,0.0
2026-07-17 14:07:10,1,Working,17.1,2.7,0.0,6.8,64.4,64.4
2026-07-17 14:07:11,0,Working,8.9,2.6,0.6,16.0,31.6,31.6
2026-07-17 14:07:11,2,Looking Away,2.9,6.3,0.0,18.9,10.3,10.3
2026-07-17 14:07:12,0,Talking,9.3,2.6,0.6,16.0,32.7,32.7
2026-07-17 14:07:12,2,Talking,2.9,6.8,0.0,18.9,10.1,10.1
2026-07-17 14:07:13,1,Talking,20.0,2.7,0.0,6.8,67.8,67.8
2026-07-17 14:07:13,1,Working,20.0,2.7,0.0,7.2,66.8,66.8
2026-07-17 14:07:13,3,Using Phone,14.3,11.2,3.5,0.9,47.8,47.8
2026-07-17 14:07:13,0,Working,9.3,2.6,0.6,17.7,30.9,30.9
2026-07-17 14:07:13,2,Looking Away,2.9,6.8,0.0,20.6,9.5,9.5
2026-07-17 14:07:13,3,Looking Away,14.3,11.2,3.9,0.9,47.2,47.2
2026-07-17 14:07:13,15,Looking Away,0.0,0.4,0.0,0.0,0.0,0.0
2026-07-17 14:07:14,0,Talking,9.8,2.6,0.6,17.7,31.9,31.9
2026-07-17 14:07:14,2,Talking,2.9,7.2,0.0,20.6,9.4,9.4
2026-07-17 14:07:14,0,Working,9.8,2.6,0.6,18.1,31.5,31.5
2026-07-17 14:07:14,2,Looking Away,2.9,7.2,0.0,21.0,9.3,9.3
2026-07-17 14:07:15,0,Talking,10.7,2.6,0.6,18.1,33.5,33.5
2026-07-17 14:07:15,2,Talking,2.9,8.1,0.0,21.0,9.0,9.0
2026-07-17 14:07:16,0,Working,10.7,2.6,0.6,19.1,32.5,32.5
2026-07-17 14:07:16,2,Looking Away,2.9,8.1,0.0,22.0,8.8,8.8
2026-07-17 14:07:17,0,Talking,11.7,2.6,0.6,19.1,34.4,34.4
2026-07-17 14:07:17,2,Talking,2.9,9.1,0.0,22.0,8.5,8.5
2026-07-17 14:07:17,3,Using Phone,14.3,14.8,3.9,0.9,42.1,42.1
2026-07-17 14:07:18,3,Talking,14.3,14.8,4.8,0.9,41.0,41.0
2026-07-17 14:07:19,0,Working,11.7,2.6,0.6,20.9,32.6,32.6
2026-07-17 14:07:19,2,Looking Away,2.9,9.1,0.0,23.8,8.1,8.1
2026-07-17 14:07:19,3,Looking Away,14.3,14.8,4.8,1.8,40.0,40.0
2026-07-17 14:07:22,0,Talking,15.0,2.6,0.6,20.9,38.4,38.4
2026-07-17 14:07:22,2,Talking,2.9,12.4,0.0,23.8,7.4,7.4
2026-07-17 14:07:22,3,Talking,14.3,18.2,4.8,1.8,36.5,36.5
2026-07-17 14:07:23,3,Using Phone,14.3,18.2,4.8,2.9,35.5,35.5
2026-07-17 14:07:24,2,Working,2.9,12.4,0.0,25.9,7.0,7.0
2026-07-17 14:07:24,3,Talking,14.3,18.2,5.9,2.9,34.6,34.6
2026-07-17 14:07:24,16,Looking Away,0.0,1.0,0.0,0.0,0.0,0.0
2026-07-17 14:07:27,0,Working,15.0,2.6,0.6,25.3,34.5,34.5
2026-07-17 14:07:27,1,Talking,33.6,2.7,0.0,7.2,77.3,77.3
2026-07-17 14:07:27,2,Talking,5.2,12.4,0.0,25.9,11.9,11.9
2026-07-17 14:07:27,3,Looking Away,14.3,18.2,5.9,5.2,32.8,32.8
2026-07-17 14:07:27,17,Looking Away,0.0,1.2,0.0,0.0,0.0,0.0
2026-07-17 14:07:28,0,Talking,16.2,2.6,0.6,25.3,36.3,36.3
2026-07-17 14:07:28,3,Talking,14.3,19.4,5.9,5.2,31.9,31.9
2026-07-17 14:07:29,1,Working,33.6,2.7,0.0,9.5,73.5,73.5
2026-07-17 14:07:31,17,Talking,0.0,5.7,0.0,0.0,0.0,0.0
2026-07-17 14:07:31,18,No Laptop,0.0,1.2,0.0,0.0,0.0,0.0
2026-07-17 14:07:32,2,Working,5.2,12.4,0.0,31.6,10.5,10.5
2026-07-17 14:07:33,3,Working,14.3,19.4,5.9,10.5,28.5,28.5
2026-07-17 14:07:33,19,No Laptop,0.0,0.4,0.0,0.0,0.0,0.0
2026-07-17 14:07:36,0,Looking Away,16.2,2.6,0.6,32.9,31.0,31.0
2026-07-17 14:07:36,0,Working,16.2,3.5,0.6,32.9,30.5,30.5
2026-07-17 14:07:37,0,Talking,17.3,3.5,0.6,32.9,31.8,31.8
2026-07-17 14:07:37,2,Talking,10.2,12.4,0.0,31.6,18.9,18.9
2026-07-17 14:07:37,20,No Laptop,0.0,1.0,0.0,0.0,0.0,0.0
2026-07-17 14:07:40,1,Talking,44.2,2.7,0.0,9.5,78.5,78.5
2026-07-17 14:07:40,0,Working,17.3,3.5,0.6,35.8,30.2,30.2
2026-07-17 14:07:40,1,No Laptop,44.2,2.7,0.0,10.3,77.3,77.3
2026-07-17 14:07:40,2,Working,10.2,12.4,0.0,34.5,17.9,17.9
2026-07-17 14:07:40,21,No Laptop,0.0,0.8,0.0,0.0,0.0,0.0
2026-07-17 14:07:40,22,Looking Away,0.0,0.8,0.0,0.0,0.0,0.0
2026-07-17 14:07:45,1,Talking,44.2,7.1,0.0,10.3,71.7,71.7
2026-07-17 14:07:45,22,Talking,0.0,5.3,0.0,0.0,0.0,0.0
2026-07-17 14:07:52,2,Talking,22.0,12.4,0.0,34.5,32.0,32.0
2026-07-17 14:07:55,1,Working,44.2,7.1,0.0,20.8,61.2,61.2
2026-07-17 14:07:55,22,Looking Away,0.0,5.3,0.0,10.5,0.0,0.0
2026-07-17 14:07:56,1,Talking,44.8,7.1,0.0,20.8,61.6,61.6
2026-07-17 14:07:56,22,Talking,0.0,5.9,0.0,10.5,0.0,0.0
2026-07-17 14:07:56,23,No Laptop,0.0,0.6,0.0,0.0,0.0,0.0
2026-07-17 14:07:58,24,Working,0.0,0.7,0.0,0.0,0.0,0.0
2026-07-17 14:08:01,0,Talking,37.9,3.5,0.6,35.8,48.7,48.7
2026-07-17 14:08:02,0,Working,37.9,3.5,0.6,37.2,47.8,47.8
2026-07-17 14:08:02,1,Working,44.8,7.1,0.0,27.3,56.6,56.6
2026-07-17 14:08:02,24,Talking,4.6,0.7,0.0,0.0,87.1,87.1
2026-07-17 14:08:03,1,Talking,45.6,7.1,0.0,27.3,57.0,57.0
2026-07-17 14:08:03,24,Working,4.6,0.7,0.0,0.8,75.7,75.7
2026-07-17 14:08:05,0,Talking,40.2,3.5,0.6,37.2,49.3,49.3
2026-07-17 14:08:05,24,Talking,6.1,0.7,0.0,0.8,80.6,80.6
2026-07-17 14:08:06,0,Working,40.2,3.5,0.6,38.5,48.5,48.5
2026-07-17 14:08:06,1,Working,45.6,7.1,0.0,30.1,55.1,55.1
2026-07-17 14:08:06,22,Working,0.0,5.9,0.0,20.6,0.0,0.0
2026-07-17 14:08:06,24,Working,6.1,0.7,0.0,2.1,68.7,68.7
2026-07-17 14:08:06,25,Looking Away,0.0,1.3,0.0,0.0,0.0,0.0
2026-07-17 14:08:07,0,Talking,41.5,3.5,0.6,38.5,49.3,49.3
2026-07-17 14:08:07,1,Talking,46.9,7.1,0.0,30.1,55.7,55.7
2026-07-17 14:08:07,22,Talking,1.3,5.9,0.0,20.6,4.6,4.6
2026-07-17 14:08:07,24,Talking,7.4,0.7,0.0,2.1,72.6,72.6
2026-07-17 14:08:07,25,No Laptop,0.0,2.6,0.0,0.0,0.0,0.0
2026-07-17 14:08:08,0,Working,41.5,3.5,0.6,39.4,48.8,48.8
2026-07-17 14:08:08,1,Working,46.9,7.1,0.0,31.0,55.1,55.1
2026-07-17 14:08:08,25,Looking Away,0.0,3.5,0.0,0.0,0.0,0.0
2026-07-17 14:08:09,1,Talking,47.9,7.1,0.0,31.0,55.7,55.7
2026-07-17 14:08:10,0,Talking,43.5,3.5,0.6,39.4,50.0,50.0
2026-07-17 14:08:10,25,Talking,0.0,5.5,0.0,0.0,0.0,0.0
2026-07-17 14:08:11,0,Working,43.5,3.5,0.6,40.4,49.5,49.5
2026-07-17 14:08:11,1,Working,47.9,7.1,0.0,33.0,54.4,54.4
2026-07-17 14:08:12,22,Working,1.3,5.9,0.0,25.3,3.9,3.9
2026-07-17 14:08:12,25,Looking Away,0.0,5.5,0.0,1.7,0.0,0.0
2026-07-17 14:08:13,22,Talking,1.9,5.9,0.0,25.3,5.8,5.8
2026-07-17 14:08:13,25,Talking,0.0,6.2,0.0,1.7,0.0,0.0
2026-07-17 14:08:14,0,Talking,46.6,3.5,0.6,40.4,51.2,51.2
2026-07-17 14:08:14,1,Talking,50.9,7.1,0.0,33.0,55.9,55.9
2026-07-17 14:08:15,0,Working,46.6,3.5,0.6,41.3,50.7,50.7
2026-07-17 14:08:15,1,Working,50.9,7.1,0.0,33.9,55.4,55.4
2026-07-17 14:08:16,0,Talking,47.2,3.5,0.6,41.3,51.0,51.0
2026-07-17 14:08:16,1,Talking,51.5,7.1,0.0,33.9,55.7,55.7
2026-07-17 14:08:17,26,No Laptop,0.0,0.8,0.0,0.0,0.0,0.0
2026-07-17 14:08:17,27,No Laptop,0.0,0.8,0.0,0.0,0.0,0.0
2026-07-17 14:08:18,0,Working,47.2,3.5,0.6,43.7,49.6,49.6
2026-07-17 14:08:18,1,Working,51.5,7.1,0.0,36.4,54.2,54.2
2026-07-17 14:08:18,25,No Laptop,0.0,6.2,0.0,7.2,0.0,0.0
2026-07-17 14:08:18,26,Working,0.0,2.4,0.0,0.0,0.0,0.0
2026-07-17 14:08:18,27,Looking Away,0.0,2.4,0.0,0.0,0.0,0.0
2026-07-17 14:08:19,1,Looking Away,52.2,7.1,0.0,36.4,54.6,54.6
2026-07-17 14:08:20,1,No Laptop,52.2,8.0,0.0,36.4,54.1,54.1
2026-07-17 14:08:20,27,No Laptop,0.0,4.1,0.0,0.0,0.0,0.0
2026-07-17 14:08:20,28,Looking Away,0.0,0.9,0.0,0.0,0.0,0.0
2026-07-17 14:08:21,0,Talking,49.7,3.5,0.6,43.7,51.0,51.0
2026-07-17 14:08:21,1,Talking,52.2,9.0,0.0,36.4,53.5,53.5
2026-07-17 14:08:21,26,Talking,2.6,2.4,0.0,0.0,51.2,51.2
2026-07-17 14:08:21,27,Talking,0.0,5.0,0.0,0.0,0.0,0.0
2026-07-17 14:08:21,28,No Laptop,0.0,1.8,0.0,0.0,0.0,0.0
2026-07-17 14:08:21,29,No Laptop,0.0,1.0,0.0,0.0,0.0,0.0
2026-07-17 14:08:22,0,Working,49.7,3.5,0.6,45.3,50.2,50.2
2026-07-17 14:08:22,26,Working,2.6,2.4,0.0,1.6,38.9,38.9
2026-07-17 14:08:22,27,Looking Away,0.0,5.0,0.0,1.6,0.0,0.0
2026-07-17 14:08:22,28,Looking Away,0.0,3.4,0.0,0.0,0.0,0.0
2026-07-17 14:08:22,30,No Laptop,0.0,0.8,0.0,0.0,0.0,0.0
2026-07-17 14:08:24,0,Talking,51.4,3.5,0.6,45.3,51.0,51.0
2026-07-17 14:08:24,26,Talking,4.3,2.4,0.0,1.6,51.5,51.5
2026-07-17 14:08:24,27,Talking,0.0,6.7,0.0,1.6,0.0,0.0
2026-07-17 14:08:24,28,Talking,0.0,5.1,0.0,0.0,0.0,0.0
2026-07-17 14:08:26,31,No Laptop,0.0,0.8,0.0,0.0,0.0,0.0
2026-07-17 14:08:27,0,Working,51.4,3.5,0.6,47.9,49.7,49.7
2026-07-17 14:08:27,30,Talking,0.0,5.2,0.0,0.0,0.0,0.0
2026-07-17 14:08:28,26,Working,4.3,2.4,0.0,5.0,36.4,36.4
2026-07-17 14:08:28,30,Working,0.0,5.2,0.0,0.8,0.0,0.0
2026-07-17 14:08:28,0,Talking,53.1,3.5,0.6,47.9,50.5,50.5
2026-07-17 14:08:28,26,Talking,5.1,2.4,0.0,5.0,40.5,40.5
2026-07-17 14:08:28,30,Talking,0.8,5.2,0.0,0.8,12.1,12.1
2026-07-17 14:08:29,0,Working,53.1,3.5,0.6,48.8,50.1,50.1
2026-07-17 14:08:29,26,Working,5.1,2.4,0.0,5.9,38.1,38.1
2026-07-17 14:08:29,30,Working,0.8,5.2,0.0,1.6,10.8,10.8
2026-07-17 14:08:30,0,Talking,54.0,3.5,0.6,48.8,50.5,50.5
2026-07-17 14:08:30,26,Talking,6.0,2.4,0.0,5.9,41.9,41.9
2026-07-17 14:08:30,30,Talking,1.7,5.2,0.0,1.6,20.1,20.1
2026-07-17 14:08:32,32,No Laptop,0.0,1.0,0.0,0.0,0.0,0.0
2026-07-17 14:08:34,0,Working,54.0,3.5,0.6,53.1,48.5,48.5
2026-07-17 14:08:34,30,Working,1.7,5.2,0.0,6.0,13.3,13.3
2026-07-17 14:08:36,0,Talking,55.4,3.5,0.6,53.1,49.2,49.2
2026-07-17 14:08:36,30,Talking,3.1,5.2,0.0,6.0,21.7,21.7
2026-07-17 14:08:37,33,No Laptop,0.0,1.6,0.0,0.0,0.0,0.0
2026-07-17 14:08:41,34,No Laptop,0.0,0.9,0.0,0.0,0.0,0.0
2026-07-17 14:08:41,35,No Laptop,0.0,0.9,0.0,0.0,0.0,0.0
2026-07-17 14:08:42,0,Working,55.4,3.5,0.6,58.9,46.8,46.8
2026-07-17 14:08:42,26,Working,6.0,2.4,0.0,17.4,23.2,23.2
2026-07-17 14:08:42,28,Looking Away,0.0,5.1,0.0,17.5,0.0,0.0
2026-07-17 14:08:42,30,Working,3.1,5.2,0.0,11.7,15.5,15.5
2026-07-17 14:08:42,34,Looking Away,0.0,1.8,0.0,0.0,0.0,0.0
2026-07-17 14:08:42,0,Talking,56.2,3.5,0.6,58.9,47.2,47.2
2026-07-17 14:08:42,26,Talking,6.8,2.4,0.0,17.4,25.7,25.7
2026-07-17 14:08:42,28,Talking,0.0,6.0,0.0,17.5,0.0,0.0
2026-07-17 14:08:42,30,Talking,4.0,5.2,0.0,11.7,19.0,19.0
2026-07-17 14:08:42,34,No Laptop,0.0,2.7,0.0,0.0,0.0,0.0
2026-07-17 14:08:44,0,Working,56.2,3.5,0.6,60.8,46.4,46.4
2026-07-17 14:08:44,26,Working,6.8,2.4,0.0,19.3,23.9,23.9
2026-07-17 14:08:44,34,Looking Away,0.0,4.6,0.0,0.0,0.0,0.0
2026-07-17 14:08:45,0,Talking,57.2,3.5,0.6,60.8,46.8,46.8
2026-07-17 14:08:45,26,Talking,7.8,2.4,0.0,19.3,26.4,26.4
2026-07-17 14:08:45,34,Talking,0.0,5.5,0.0,0.0,0.0,0.0
2026-07-17 14:08:50,0,Working,57.2,3.5,0.6,65.8,45.0,45.0
2026-07-17 14:08:50,28,Using Phone,0.0,6.0,0.0,25.3,0.0,0.0
2026-07-17 14:08:51,0,Talking,58.2,3.5,0.6,65.8,45.4,45.4
2026-07-17 14:08:51,28,Talking,0.0,6.0,1.0,25.3,0.0,0.0
2026-07-17 14:08:52,0,Working,58.2,3.5,0.6,66.8,45.1,45.1
2026-07-17 14:08:52,36,Looking Away,0.0,0.0,1.1,0.0,0.0,0.0
2026-07-17 14:08:53,30,Working,4.0,5.2,0.0,22.7,12.4,12.4
2026-07-17 14:08:53,36,Working,0.0,1.0,1.1,0.0,0.0,0.0
2026-07-17 14:08:54,36,Looking Away,1.0,1.0,1.1,0.0,33.6,33.6
2026-07-17 14:08:55,0,Talking,61.3,3.5,0.6,66.8,46.4,46.4
2026-07-17 14:08:55,37,No Laptop,0.0,1.1,0.0,0.0,0.0,0.0
2026-07-17 14:08:56,36,Talking,1.0,2.9,1.1,0.0,20.7,20.7
2026-07-17 14:08:59,0,Looking Away,61.3,3.5,0.6,70.6,45.1,45.1
2026-07-17 14:08:59,36,Looking Away,1.0,2.9,1.1,2.9,13.2,13.2
2026-07-17 14:09:00,38,Looking Away,0.0,1.2,0.0,0.0,0.0,0.0
2026-07-17 14:09:00,39,No Laptop,0.0,1.2,0.0,0.0,0.0,0.0
2026-07-17 14:09:01,36,Working,1.0,5.1,1.1,2.9,10.3,10.3
2026-07-17 14:09:05,0,Talking,61.3,9.3,0.6,70.6,43.3,43.3
2026-07-17 14:09:05,38,Talking,0.0,5.7,0.0,0.0,0.0,0.0
2026-07-17 14:09:05,39,Talking,0.0,5.7,0.0,0.0,0.0,0.0
2026-07-17 14:09:09,30,Talking,19.1,5.2,0.0,22.7,40.7,40.7
2026-07-17 14:09:10,30,Working,19.1,5.2,0.0,24.0,39.6,39.6
2026-07-17 14:09:10,38,Working,0.0,5.7,0.0,4.9,0.0,0.0
2026-07-17 14:09:11,0,Working,61.3,9.3,0.6,76.7,41.5,41.5
2026-07-17 14:09:11,38,Talking,1.2,5.7,0.0,4.9,10.4,10.4
2026-07-17 14:09:12,0,Talking,62.6,9.3,0.6,76.7,42.0,42.0
2026-07-17 14:09:12,40,Looking Away,0.0,1.3,0.0,0.0,0.0,0.0
2026-07-17 14:09:17,0,Working,62.6,9.3,0.6,81.6,40.7,40.7
2026-07-17 14:09:17,30,Talking,26.6,5.2,0.0,24.0,47.6,47.6
2026-07-17 14:09:17,40,Talking,0.0,6.2,0.0,0.0,0.0,0.0
2026-07-17 14:09:19,0,Talking,63.9,9.3,0.6,81.6,41.1,41.1
2026-07-17 14:09:23,0,Working,63.9,9.3,0.6,86.3,39.9,39.9
2026-07-17 14:09:25,38,Working,1.2,5.7,0.0,19.3,4.7,4.7
2026-07-17 14:09:29,0,Talking,69.2,9.3,0.6,86.3,41.8,41.8
2026-07-17 14:09:30,0,Working,69.2,9.3,0.6,87.5,41.5,41.5
2026-07-17 14:09:31,41,Looking Away,0.0,1.1,0.0,0.0,0.0,0.0
2026-07-17 14:09:34,42,Looking Away,0.0,1.2,0.0,0.0,0.0,0.0
2026-07-17 14:09:39,0,Talking,78.0,9.3,0.6,87.5,44.5,44.5
2026-07-17 14:09:40,0,Working,78.0,9.3,0.6,88.6,44.2,44.2
2026-07-17 14:09:40,43,Looking Away,2.1,0.0,0.0,0.0,100.0,100.0
2026-07-17 14:09:42,42,Using Phone,0.0,9.4,0.0,0.0,0.0,0.0
2026-07-17 14:09:43,42,Looking Away,0.0,9.4,1.2,0.0,0.0,0.0
2026-07-17 14:09:44,0,Talking,82.5,9.3,0.6,88.6,45.6,45.6
2026-07-17 14:09:44,42,Talking,0.0,10.6,1.2,0.0,0.0,0.0
2026-07-17 14:09:44,44,Looking Away,0.0,1.2,0.0,0.0,0.0,0.0
2026-07-17 14:09:45,36,Talking,45.1,5.1,1.1,2.9,83.3,83.3
2026-07-17 14:09:47,0,Working,82.5,9.3,0.6,91.1,45.0,45.0
2026-07-17 14:09:47,30,Working,26.6,5.2,0.0,53.4,31.2,31.2
2026-07-17 14:09:47,36,Working,45.1,5.1,1.1,4.0,81.5,81.5
2026-07-17 14:09:47,39,No Laptop,0.0,5.7,0.0,41.7,0.0,0.0
2026-07-17 14:09:47,42,Looking Away,0.0,10.6,1.2,2.4,0.0,0.0
2026-07-17 14:09:47,44,Working,0.0,3.6,0.0,0.0,0.0,0.0
2026-07-17 14:09:48,0,Talking,83.4,9.3,0.6,91.1,45.3,45.3
2026-07-17 14:09:48,39,Talking,0.0,6.6,0.0,41.7,0.0,0.0
2026-07-17 14:09:48,42,Talking,0.0,11.6,1.2,2.4,0.0,0.0
2026-07-17 14:09:48,44,Looking Away,0.9,3.6,0.0,0.0,19.9,19.9
2026-07-17 14:09:49,30,Talking,28.8,5.2,0.0,53.4,32.9,32.9
2026-07-17 14:09:49,36,Talking,47.3,5.1,1.1,4.0,82.2,82.2
2026-07-17 14:09:49,44,Using Phone,0.9,4.9,0.0,0.0,15.5,15.5
2026-07-17 14:09:50,0,Working,83.4,9.3,0.6,93.4,44.7,44.7
2026-07-17 14:09:50,36,Working,47.3,5.1,1.1,5.1,80.7,80.7
2026-07-17 14:09:50,42,Looking Away,0.0,11.6,1.2,4.8,0.0,0.0
2026-07-17 14:09:50,44,Talking,0.9,4.9,1.1,0.0,13.1,13.1
2026-07-17 14:09:50,45,No Laptop,0.0,0.4,0.0,0.0,0.0,0.0
2026-07-17 14:09:53,0,Talking,86.5,9.3,0.6,93.4,45.6,45.6
2026-07-17 14:09:53,36,Talking,50.3,5.1,1.1,5.1,81.7,81.7
2026-07-17 14:09:53,42,Talking,0.0,14.6,1.2,4.8,0.0,0.0
2026-07-17 14:09:53,44,Working,0.9,4.9,1.1,3.0,9.1,9.1
2026-07-17 14:09:54,0,Working,86.5,9.3,0.6,94.5,45.3,45.3
2026-07-17 14:09:54,44,Talking,2.0,4.9,1.1,3.0,18.2,18.2
2026-07-17 14:09:55,36,Working,50.3,5.1,1.1,7.2,79.0,79.0
2026-07-17 14:09:55,42,Looking Away,0.0,14.6,1.2,6.9,0.0,0.0
2026-07-17 14:09:55,45,Talking,0.0,5.1,0.0,0.0,0.0,0.0
2026-07-17 14:09:55,36,Talking,50.7,5.1,1.1,7.2,79.1,79.1
2026-07-17 14:09:55,42,Talking,0.0,14.9,1.2,6.9,0.0,0.0
2026-07-17 14:09:57,36,Working,50.7,5.1,1.1,8.3,77.7,77.7
2026-07-17 14:09:57,42,Using Phone,0.0,14.9,1.2,8.0,0.0,0.0
2026-07-17 14:09:58,42,Looking Away,0.0,14.9,2.2,8.0,0.0,0.0
2026-07-17 14:09:59,42,Using Phone,0.0,16.7,2.2,8.0,0.0,0.0
2026-07-17 14:09:59,44,Working,2.0,4.9,1.1,8.4,12.2,12.2
2026-07-17 14:10:01,42,Looking Away,0.0,16.7,3.4,8.0,0.0,0.0
2026-07-17 14:10:01,44,Talking,3.2,4.9,1.1,8.4,18.0,18.0
2026-07-17 14:10:02,44,Working,3.2,4.9,1.1,10.3,16.2,16.2
2026-07-17 14:10:03,46,Looking Away,0.0,1.0,0.0,0.0,0.0,0.0
2026-07-17 14:10:08,36,Using Phone,62.3,5.1,1.1,8.3,81.1,81.1
2026-07-17 14:10:09,36,Working,62.3,5.1,2.1,8.3,80.0,80.0
2026-07-17 14:10:09,44,Talking,9.9,4.9,1.1,10.3,37.8,37.8
2026-07-17 14:10:10,0,Talking,102.6,9.3,0.6,94.5,49.6,49.6
2026-07-17 14:10:10,30,Working,28.8,5.2,0.0,74.7,26.5,26.5
2026-07-17 14:10:10,47,Looking Away,0.0,1.0,0.0,0.0,0.0,0.0
2026-07-17 14:10:11,30,Talking,29.9,5.2,0.0,74.7,27.3,27.3
2026-07-17 14:10:11,48,Looking Away,0.0,1.2,0.0,0.0,0.0,0.0
2026-07-17 14:10:12,44,Working,9.9,4.9,1.1,13.5,33.7,33.7
2026-07-17 14:10:15,49,Looking Away,0.0,1.2,0.0,0.0,0.0,0.0
2026-07-17 14:10:16,44,Talking,13.5,4.9,1.1,13.5,40.9,40.9
2026-07-17 14:10:17,30,Working,29.9,5.2,0.0,80.3,25.9,25.9
2026-07-17 14:10:17,45,Working,0.0,5.1,0.0,21.9,0.0,0.0
2026-07-17 14:10:18,30,Talking,31.0,5.2,0.0,80.3,26.6,26.6
2026-07-17 14:10:18,44,Working,13.5,4.9,1.1,15.5,38.5,38.5
2026-07-17 14:10:18,45,Talking,1.0,5.1,0.0,21.9,3.6,3.6
2026-07-17 14:10:18,50,Looking Away,0.0,1.0,0.0,0.0,0.0,0.0
2026-07-17 14:10:19,44,Talking,14.6,4.9,1.1,15.5,40.4,40.4
2026-07-17 14:10:20,30,Using Phone,31.0,5.2,0.0,82.5,26.1,26.1
2026-07-17 14:10:20,51,Looking Away,0.0,1.0,0.0,0.0,0.0,0.0
2026-07-17 14:10:21,30,Talking,31.0,5.2,1.2,82.5,25.9,25.9
2026-07-17 14:10:22,30,Working,31.0,5.2,1.2,83.6,25.6,25.6
2026-07-17 14:10:23,30,Talking,32.1,5.2,1.2,83.6,26.3,26.3
2026-07-17 14:10:23,51,Using Phone,0.0,4.4,0.0,0.0,0.0,0.0
2026-07-17 14:10:25,30,Working,32.1,5.2,1.2,84.6,26.1,26.1
2026-07-17 14:10:25,52,No Laptop,0.0,1.1,0.0,0.0,0.0,0.0
2026-07-17 14:10:26,30,Talking,33.1,5.2,1.2,84.6,26.7,26.7
2026-07-17 14:10:27,30,Working,33.1,5.2,1.2,85.7,26.5,26.5
2026-07-17 14:10:28,0,Working,102.6,9.3,0.6,112.2,45.7,45.7
2026-07-17 14:10:28,30,Talking,34.3,5.2,1.2,85.7,27.1,27.1
2026-07-17 14:10:28,53,Using Phone,0.0,1.2,0.0,0.0,0.0,0.0
2026-07-17 14:10:29,0,Talking,103.7,9.3,0.6,112.2,45.9,45.9
2026-07-17 14:10:29,44,Working,14.6,4.9,1.1,25.4,31.7,31.7
2026-07-17 14:10:29,52,Talking,0.0,5.4,0.0,0.0,0.0,0.0
2026-07-17 14:10:30,30,Working,34.3,5.2,1.2,88.0,26.6,26.6
2026-07-17 14:10:30,53,Looking Away,0.0,1.2,2.3,0.0,0.0,0.0
2026-07-17 14:10:33,30,Talking,36.7,5.2,1.2,88.0,28.0,28.0
2026-07-17 14:10:34,44,Talking,19.3,4.9,1.1,25.4,38.1,38.1
2026-07-17 14:10:35,30,Working,36.7,5.2,1.2,90.2,27.5,27.5
2026-07-17 14:10:35,44,Working,19.3,4.9,1.1,26.4,37.3,37.3
2026-07-17 14:10:35,54,Looking Away,0.0,1.1,0.0,0.0,0.0,0.0
2026-07-17 14:10:37,55,Looking Away,0.0,1.2,0.0,0.0,0.0,0.0
2026-07-17 14:10:41,0,Working,103.7,9.3,0.6,123.8,43.7,43.7
2026-07-17 14:10:41,52,No Laptop,0.0,5.4,0.0,11.6,0.0,0.0
2026-07-17 14:10:42,30,Talking,43.6,5.2,1.2,90.2,31.1,31.1
2026-07-17 14:10:42,44,Talking,26.2,4.9,1.1,26.4,44.6,44.6
2026-07-17 14:10:42,52,Talking,0.0,6.5,0.0,11.6,0.0,0.0
2026-07-17 14:10:43,0,Talking,106.0,9.3,0.6,123.8,44.2,44.2
2026-07-17 14:10:43,55,Talking,0.0,6.9,0.0,0.0,0.0,0.0
2026-07-17 14:10:44,44,Working,26.2,4.9,1.1,28.6,43.0,43.0
2026-07-17 14:10:45,0,Working,106.0,9.3,0.6,125.9,43.8,43.8
2026-07-17 14:10:45,30,Working,43.6,5.2,1.2,93.5,30.4,30.4
2026-07-17 14:10:45,44,Looking Away,27.3,4.9,1.1,28.6,44.1,44.1
2026-07-17 14:10:45,52,No Laptop,0.0,6.5,0.0,14.9,0.0,0.0
2026-07-17 14:10:46,30,Talking,45.1,5.2,1.2,93.5,31.1,31.1
2026-07-17 14:10:46,44,Talking,27.3,6.4,1.1,28.6,43.0,43.0
2026-07-17 14:10:46,52,Talking,0.0,8.0,0.0,14.9,0.0,0.0
2026-07-17 14:10:47,56,Looking Away,0.0,0.9,0.0,0.0,0.0,0.0
2026-07-17 14:10:48,0,Talking,109.5,9.3,0.6,125.9,44.6,44.6
2026-07-17 14:10:51,30,Working,45.1,5.2,1.2,98.2,30.1,30.1
2026-07-17 14:10:52,30,Talking,46.2,5.2,1.2,98.2,30.6,30.6
2026-07-17 14:10:53,30,Working,46.2,5.2,1.2,99.3,30.4,30.4
2026-07-17 14:10:54,44,Working,27.3,6.4,1.1,36.7,38.2,38.2
2026-07-17 14:10:54,56,Talking,0.0,8.1,0.0,0.0,0.0,0.0
2026-07-17 14:10:56,30,Talking,48.7,5.2,1.2,99.3,31.5,31.5
2026-07-17 14:10:56,44,Using Phone,28.6,6.4,1.1,36.7,39.3,39.3
2026-07-17 14:10:57,44,Talking,28.6,6.4,2.4,36.7,38.6,38.6
2026-07-17 14:10:59,30,Working,48.7,5.2,1.2,102.0,31.0,31.0
2026-07-17 14:10:59,56,Using Phone,0.0,8.1,0.0,4.0,0.0,0.0
2026-07-17 14:10:59,57,Looking Away,0.0,1.4,0.0,0.0,0.0,0.0
2026-07-17 14:11:00,0,Working,109.5,9.3,0.6,137.2,42.7,42.7
2026-07-17 14:11:00,30,Using Phone,49.9,5.2,1.2,102.0,31.5,31.5
2026-07-17 14:11:00,52,Using Phone,0.0,8.0,0.0,28.3,0.0,0.0
2026-07-17 14:11:01,30,Working,49.9,5.2,2.3,102.0,31.3,31.3
2026-07-17 14:11:01,52,Talking,0.0,8.0,1.1,28.3,0.0,0.0
2026-07-17 14:11:02,0,Talking,111.4,9.3,0.6,137.2,43.1,43.1
2026-07-17 14:11:02,30,Talking,50.7,5.2,2.3,102.0,31.7,31.7
2026-07-17 14:11:03,0,Working,111.4,9.3,0.6,138.3,42.9,42.9
2026-07-17 14:11:03,30,Working,50.7,5.2,2.3,103.1,31.4,31.4
2026-07-17 14:11:04,0,Talking,112.4,9.3,0.6,138.3,43.1,43.1
2026-07-17 14:11:04,44,Working,28.6,6.4,2.4,43.4,35.5,35.5
2026-07-17 14:11:04,58,Looking Away,0.0,1.0,0.0,0.0,0.0,0.0
2026-07-17 14:11:05,44,Talking,29.8,6.4,2.4,43.4,36.4,36.4
2026-07-17 14:11:07,30,Talking,55.1,5.2,2.3,103.1,33.3,33.3
2026-07-17 14:11:08,0,Working,112.4,9.3,0.6,142.9,42.4,42.4
2026-07-17 14:11:08,30,Working,55.1,5.2,2.3,104.4,33.0,33.0
2026-07-17 14:11:08,44,Looking Away,29.8,6.4,2.4,46.8,34.9,34.9
2026-07-17 14:11:08,59,No Laptop,0.0,1.2,0.0,0.0,0.0,0.0
2026-07-17 14:11:09,30,Talking,56.1,5.2,2.3,104.4,33.4,33.4
2026-07-17 14:11:09,44,Talking,29.8,7.4,2.4,46.8,34.5,34.5
2026-07-17 14:11:11,30,Using Phone,56.1,5.2,2.3,105.6,33.2,33.2
2026-07-17 14:11:12,30,Talking,56.1,5.2,4.0,105.6,32.8,32.8
2026-07-17 14:11:12,60,No Laptop,0.0,0.0,1.7,0.0,0.0,0.0
2026-07-17 14:11:13,0,Talking,117.4,9.3,0.6,142.9,43.4,43.4
2026-07-17 14:11:13,30,Working,56.1,5.2,4.0,106.6,32.6,32.6
2026-07-17 14:11:13,61,Looking Away,0.0,0.0,1.0,0.0,0.0,0.0
2026-07-17 14:11:17,60,Talking,0.0,4.2,1.7,0.0,0.0,0.0
2026-07-17 14:11:18,0,Using Phone,117.4,9.3,0.6,147.3,42.8,42.8
2026-07-17 14:11:18,30,Using Phone,60.4,5.2,4.0,106.6,34.3,34.3
2026-07-17 14:11:19,0,Talking,117.4,9.3,1.7,147.3,42.6,42.6
2026-07-17 14:11:19,30,Working,60.4,5.2,5.1,106.6,34.1,34.1
2026-07-17 14:11:19,61,Talking,0.0,5.5,1.0,0.0,0.0,0.0
2026-07-17 14:11:20,30,Talking,61.4,5.2,5.1,106.6,34.5,34.5
2026-07-17 14:11:20,60,Working,0.0,4.2,1.7,3.2,0.0,0.0
2026-07-17 14:11:20,61,Looking Away,0.0,5.5,1.0,1.0,0.0,0.0
2026-07-17 14:11:21,60,Talking,1.0,4.2,1.7,3.2,9.8,9.8
2026-07-17 14:11:22,0,Working,117.4,9.3,1.7,150.1,42.2,42.2
2026-07-17 14:11:22,30,Working,61.4,5.2,5.1,108.4,34.1,34.1
2026-07-17 14:11:23,0,Talking,118.5,9.3,1.7,150.1,42.4,42.4
2026-07-17 14:11:23,44,Working,29.8,7.4,2.4,60.2,29.9,29.9
2026-07-17 14:11:25,44,Talking,32.1,7.4,2.4,60.2,31.5,31.5
2026-07-17 14:11:25,60,Working,1.0,4.2,1.7,7.5,6.9,6.9
2026-07-17 14:11:25,62,Looking Away,0.0,1.3,0.0,0.0,0.0,0.0
2026-07-17 14:11:26,44,Working,32.1,7.4,2.4,61.4,31.1,31.1
2026-07-17 14:11:26,60,Talking,2.2,4.2,1.7,7.5,14.3,14.3
2026-07-17 14:11:29,62,Using Phone,0.0,4.8,0.0,0.0,0.0,0.0
2026-07-17 14:11:30,62,Looking Away,0.0,4.8,1.3,0.0,0.0,0.0
2026-07-17 14:11:31,62,Using Phone,0.0,6.1,1.3,0.0,0.0,0.0
2026-07-17 14:11:35,30,Talking,74.7,5.2,5.1,108.4,38.6,38.6
2026-07-17 14:11:35,63,Looking Away,0.0,0.0,1.2,0.0,0.0,0.0
2026-07-17 14:11:36,30,Working,74.7,5.2,5.1,109.6,38.4,38.4
2026-07-17 14:11:36,44,Talking,41.9,7.4,2.4,61.4,37.1,37.1
2026-07-17 14:11:36,64,Using Phone,0.0,1.2,0.0,0.0,0.0,0.0
2026-07-17 14:11:39,30,Talking,77.2,5.2,5.1,109.6,39.2,39.2
2026-07-17 14:11:39,44,Working,41.9,7.4,2.4,64.0,36.2,36.2
2026-07-17 14:11:40,63,Talking,0.0,4.7,1.2,0.0,0.0,0.0
2026-07-17 14:11:40,0,Working,118.5,9.3,1.7,167.8,39.8,39.8
2026-07-17 14:11:40,30,Looking Away,77.2,5.2,5.1,111.4,38.8,38.8
2026-07-17 14:11:40,63,Looking Away,0.0,4.7,1.2,0.9,0.0,0.0
2026-07-17 14:11:42,0,Talking,119.5,9.3,1.7,167.8,40.1,40.1
2026-07-17 14:11:42,30,Talking,77.2,6.2,5.1,111.4,38.6,38.6
2026-07-17 14:11:42,63,Talking,0.0,5.7,1.2,0.9,0.0,0.0
2026-07-17 14:11:43,0,Working,119.5,9.3,1.7,168.9,39.9,39.9
2026-07-17 14:11:43,30,Looking Away,77.2,6.2,5.1,112.5,38.4,38.4
2026-07-17 14:11:43,65,No Laptop,0.0,1.1,0.0,0.0,0.0,0.0
2026-07-17 14:11:43,0,Talking,120.3,9.3,1.7,168.9,40.1,40.1
2026-07-17 14:11:43,30,Talking,77.2,7.0,5.1,112.5,38.3,38.3
2026-07-17 14:11:43,66,Looking Away,0.0,0.8,0.0,0.0,0.0,0.0
2026-07-17 14:11:45,67,Looking Away,0.0,1.0,0.0,0.0,0.0,0.0
2026-07-17 14:11:50,68,Looking Away,0.0,1.1,0.0,0.0,0.0,0.0
2026-07-17 14:11:51,0,Using Phone,120.3,9.3,1.7,176.1,39.1,39.1
2026-07-17 14:11:52,0,Working,120.3,9.3,2.7,176.1,39.0,39.0
2026-07-17 14:11:52,30,Looking Away,77.2,7.0,5.1,120.7,36.8,36.8
2026-07-17 14:11:52,0,Talking,121.0,9.3,2.7,176.1,39.2,39.2
2026-07-17 14:11:52,30,Talking,77.2,7.7,5.1,120.7,36.7,36.7
2026-07-17 14:11:54,0,Looking Away,121.0,9.3,2.7,177.5,39.0,39.0
2026-07-17 14:11:54,30,Working,77.2,7.7,5.1,122.0,36.4,36.4
2026-07-17 14:11:54,69,Looking Away,0.0,0.0,1.3,0.0,0.0,0.0
2026-07-17 14:11:55,0,Talking,121.0,10.5,2.7,177.5,38.8,38.8
2026-07-17 14:11:55,30,Talking,78.5,7.7,5.1,122.0,36.8,36.8
2026-07-17 14:11:57,30,Using Phone,78.5,7.7,5.1,124.0,36.5,36.5
2026-07-17 14:11:57,44,Using Phone,60.1,7.4,2.4,64.0,44.9,44.9
2026-07-17 14:11:58,30,Talking,78.5,7.7,6.0,124.0,36.3,36.3
2026-07-17 14:11:58,44,Working,60.1,7.4,3.2,64.0,44.6,44.6
2026-07-17 14:11:59,70,Looking Away,0.0,0.0,1.0,0.0,0.0,0.0
2026-07-17 14:12:00,70,Using Phone,0.0,1.8,1.0,0.0,0.0,0.0
2026-07-17 14:12:04,44,Using Phone,66.0,7.4,3.2,64.0,46.9,46.9
2026-07-17 14:12:04,71,No Laptop,0.0,1.0,0.0,0.0,0.0,0.0
2026-07-17 14:12:06,0,Looking Away,121.0,10.5,2.7,188.3,37.5,37.5
2026-07-17 14:12:06,30,Working,78.5,7.7,6.0,132.0,35.0,35.0
2026-07-17 14:12:06,36,Looking Away,178.9,5.1,2.1,8.3,92.0,92.0
2026-07-17 14:12:06,44,Working,66.0,7.4,5.4,64.0,46.2,46.2
2026-07-17 14:12:06,72,Looking Away,0.0,1.4,0.0,0.0,0.0,0.0
2026-07-17 14:43:26,1,Looking Away,0.0,2.5,0.0,0.0,0.0,0.0
2026-07-17 14:43:28,4,Looking Away,4.1,0.0,0.0,0.0,100.0,100.0
2026-07-17 14:43:31,0,Looking Away,7.3,0.0,0.0,0.0,100.0,100.0
2026-07-17 14:43:31,2,Looking Away,7.3,0.0,0.0,0.0,100.0,100.0
2026-07-17 14:43:31,3,Looking Away,7.3,0.0,0.0,0.0,100.0,100.0
2026-07-17 14:43:33,5,Looking Away,0.0,1.3,0.0,0.0,0.0,0.0
2026-07-17 14:43:34,0,Working,7.3,2.7,0.0,0.0,73.1,73.1
2026-07-17 14:43:34,2,Using Phone,7.3,2.7,0.0,0.0,73.1,73.1
2026-07-17 14:43:34,3,Working,7.3,2.7,0.0,0.0,73.1,73.1
2026-07-17 14:43:34,4,Using Phone,4.1,5.9,0.0,0.0,41.2,41.2
2026-07-17 14:43:36,1,Working,0.0,11.7,0.0,0.0,0.0,0.0
2026-07-17 14:43:36,2,Working,7.3,2.7,1.7,0.0,62.5,62.5
2026-07-17 14:43:36,4,Working,4.1,5.9,1.7,0.0,35.2,35.2
2026-07-17 14:43:36,6,Looking Away,0.0,1.7,0.0,0.0,0.0,0.0
2026-07-17 14:43:38,4,Talking,6.1,5.9,1.7,0.0,44.6,44.6
2026-07-17 14:43:38,5,Talking,0.0,6.4,0.0,0.0,0.0,0.0
2026-07-17 14:43:39,2,Using Phone,10.9,2.7,1.7,0.0,71.3,71.3
2026-07-17 14:43:39,3,Talking,12.6,2.7,0.0,0.0,82.3,82.3
2026-07-17 14:43:39,4,Using Phone,6.1,5.9,1.7,1.6,40.0,40.0
2026-07-17 14:43:39,6,Talking,0.0,5.3,0.0,0.0,0.0,0.0
2026-07-17 14:43:41,1,Talking,5.1,11.7,0.0,0.0,30.4,30.4
2026-07-17 14:43:41,2,Talking,10.9,2.7,3.2,0.0,64.7,64.7
2026-07-17 14:43:41,4,Talking,6.1,5.9,3.2,1.6,36.3,36.3
2026-07-17 14:43:41,7,Looking Away,0.0,1.5,0.0,0.0,0.0,0.0
2026-07-17 14:43:42,2,Working,10.9,2.7,3.2,1.7,58.9,58.9
2026-07-17 14:43:42,8,No Laptop,0.0,1.7,0.0,0.0,0.0,0.0
2026-07-17 14:43:44,1,Looking Away,5.1,11.7,0.0,3.2,25.6,25.6
2026-07-17 14:43:44,2,Talking,12.4,2.7,3.2,1.7,62.0,62.0
2026-07-17 14:43:45,2,Using Phone,12.4,2.7,3.2,3.2,57.6,57.6
2026-07-17 14:43:45,4,Using Phone,6.1,5.9,3.2,6.3,28.4,28.4
2026-07-17 14:43:47,2,Talking,12.4,2.7,4.8,3.2,53.8,53.8
2026-07-17 14:43:47,4,Talking,6.1,5.9,4.8,6.3,26.5,26.5
2026-07-17 14:43:50,9,No Laptop,0.0,1.5,0.0,0.0,0.0,0.0
2026-07-17 14:43:53,3,Working,12.6,2.7,0.0,13.5,43.6,43.6
2026-07-17 14:43:53,10,No Laptop,0.0,1.5,0.0,0.0,0.0,0.0
2026-07-17 14:43:58,1,Working,5.1,25.9,0.0,3.2,15.0,15.0
2026-07-17 14:43:59,1,Looking Away,5.6,25.9,0.0,3.2,16.1,16.1
2026-07-17 14:43:59,1,Working,5.6,26.4,0.0,3.2,15.9,15.9
2026-07-17 14:43:59,3,Talking,19.3,2.7,0.0,13.5,54.3,54.3
2026-07-17 14:43:59,11,No Laptop,0.0,0.4,0.0,0.0,0.0,0.0
2026-07-17 14:44:00,3,Working,19.3,2.7,0.0,14.6,52.8,52.8
2026-07-17 14:44:01,1,Looking Away,7.4,26.4,0.0,3.2,20.0,20.0
2026-07-17 14:44:01,2,Using Phone,12.4,2.7,4.8,17.2,33.5,33.5
2026-07-17 14:44:01,3,Talking,19.7,2.7,0.0,14.6,53.3,53.3
2026-07-17 14:44:01,4,Using Phone,6.1,5.9,4.8,20.2,16.5,16.5
2026-07-17 14:44:01,2,Talking,12.4,2.7,5.2,17.2,33.1,33.1
2026-07-17 14:44:01,3,Working,19.7,2.7,0.0,15.0,52.8,52.8
2026-07-17 14:44:01,4,Talking,6.1,5.9,5.2,20.2,16.3,16.3
2026-07-17 14:44:02,1,Working,7.4,27.2,0.0,3.2,19.6,19.6
2026-07-17 14:44:02,12,No Laptop,0.0,0.4,0.0,0.0,0.0,0.0
2026-07-17 14:44:02,1,Looking Away,7.8,27.2,0.0,3.2,20.4,20.4
2026-07-17 14:44:02,2,Using Phone,12.4,2.7,5.2,18.0,32.4,32.4
2026-07-17 14:44:02,3,Talking,20.6,2.7,0.0,15.0,53.8,53.8
2026-07-17 14:44:02,4,Using Phone,6.1,5.9,5.2,21.1,16.0,16.0
2026-07-17 14:44:03,13,No Laptop,0.0,0.5,0.0,0.0,0.0,0.0
2026-07-17 14:44:03,2,Talking,12.4,2.7,6.4,18.0,31.4,31.4
2026-07-17 14:44:03,4,Talking,6.1,5.9,6.4,21.1,15.5,15.5
2026-07-17 14:44:04,0,Talking,37.2,2.7,0.0,0.0,93.3,93.3
2026-07-17 14:44:04,1,Talking,7.8,28.9,0.0,3.2,19.6,19.6
2026-07-17 14:44:04,0,Working,37.2,2.7,0.0,0.4,92.4,92.4
2026-07-17 14:44:04,1,Looking Away,7.8,28.9,0.0,3.5,19.4,19.4
2026-07-17 14:44:04,2,Using Phone,12.4,2.7,6.4,18.8,30.7,30.7
2026-07-17 14:44:04,4,Using Phone,6.1,5.9,6.4,21.9,15.2,15.2
2026-07-17 14:44:05,3,Working,20.6,2.7,0.0,17.4,50.5,50.5
2026-07-17 14:44:06,2,Talking,12.4,2.7,8.1,18.8,29.5,29.5
2026-07-17 14:44:06,4,Talking,6.1,5.9,8.1,21.9,14.5,14.5
2026-07-17 14:44:06,0,Talking,39.3,2.7,0.0,0.4,92.8,92.8
2026-07-17 14:44:06,1,Talking,7.8,31.0,0.0,3.5,18.4,18.4
2026-07-17 14:44:06,2,Using Phone,12.4,2.7,8.1,19.2,29.2,29.2
2026-07-17 14:44:06,4,Using Phone,6.1,5.9,8.1,22.3,14.4,14.4
2026-07-17 14:44:07,0,Working,39.3,2.7,0.0,0.8,91.9,91.9
2026-07-17 14:44:07,1,Looking Away,7.8,31.0,0.0,3.9,18.3,18.3
2026-07-17 14:44:07,3,Using Phone,22.7,2.7,0.0,17.4,53.0,53.0
2026-07-17 14:44:07,3,Working,22.7,2.7,0.4,17.4,52.5,52.5
2026-07-17 14:44:08,2,Talking,12.4,2.7,10.2,19.2,27.8,27.8
2026-07-17 14:44:08,4,Talking,6.1,5.9,10.2,22.3,13.7,13.7
2026-07-17 14:44:10,2,Working,12.4,2.7,10.2,20.6,27.0,27.0
2026-07-17 14:44:10,2,Talking,13.0,2.7,10.2,20.6,27.9,27.9
2026-07-17 14:44:12,2,Working,13.0,2.7,10.2,22.2,27.0,27.0
2026-07-17 14:44:13,4,Working,6.1,5.9,10.2,26.7,12.5,12.5
2026-07-17 14:44:13,5,Looking Away,0.0,6.4,0.0,35.2,0.0,0.0
2026-07-17 14:44:13,0,Talking,45.9,2.7,0.0,0.8,93.0,93.0
2026-07-17 14:44:13,1,Talking,7.8,37.6,0.0,3.9,15.8,15.8
2026-07-17 14:44:13,4,Talking,6.6,5.9,10.2,26.7,13.4,13.4
2026-07-17 14:44:13,5,Talking,0.0,6.9,0.0,35.2,0.0,0.0
2026-07-17 14:44:14,4,Working,6.6,5.9,10.2,27.1,13.2,13.2
2026-07-17 14:44:14,5,Looking Away,0.0,6.9,0.0,35.6,0.0,0.0
2026-07-17 14:44:14,2,Talking,15.2,2.7,10.2,22.2,30.2,30.2
2026-07-17 14:44:14,5,Talking,0.0,7.3,0.0,35.6,0.0,0.0
2026-07-17 14:44:14,0,Working,45.9,2.7,0.0,2.0,90.7,90.7
2026-07-17 14:44:14,1,Looking Away,7.8,37.6,0.0,5.2,15.4,15.4
2026-07-17 14:44:14,2,Working,15.2,2.7,10.2,22.6,29.9,29.9
2026-07-17 14:44:14,5,Looking Away,0.0,7.3,0.0,36.0,0.0,0.0
2026-07-17 14:44:16,2,Talking,16.6,2.7,10.2,22.6,31.9,31.9
2026-07-17 14:44:16,4,Talking,8.9,5.9,10.2,27.1,17.1,17.1
2026-07-17 14:44:16,5,Talking,0.0,8.7,0.0,36.0,0.0,0.0
2026-07-17 14:44:17,2,Working,16.6,2.7,10.2,23.6,31.2,31.2
2026-07-17 14:44:17,4,Working,8.9,5.9,10.2,28.1,16.7,16.7
2026-07-17 14:44:17,5,No Laptop,0.0,8.7,0.0,37.0,0.0,0.0
2026-07-17 14:44:17,0,Talking,48.9,2.7,0.0,2.0,91.2,91.2
2026-07-17 14:44:17,1,Talking,7.8,40.6,0.0,5.2,14.6,14.6
2026-07-17 14:44:17,2,Talking,17.2,2.7,10.2,23.6,32.0,32.0
2026-07-17 14:44:17,4,Talking,9.5,5.9,10.2,28.1,17.6,17.6
2026-07-17 14:44:17,5,Talking,0.0,9.3,0.0,37.0,0.0,0.0
2026-07-17 14:44:18,0,Working,48.9,2.7,0.0,2.4,90.5,90.5
2026-07-17 14:44:18,1,Looking Away,7.8,40.6,0.0,5.6,14.5,14.5
2026-07-17 14:44:22,4,Working,9.5,5.9,10.2,32.7,16.3,16.3
2026-07-17 14:44:22,4,Talking,9.9,5.9,10.2,32.7,16.9,16.9
2026-07-17 14:44:23,2,Using Phone,17.2,2.7,10.2,29.1,29.0,29.0
2026-07-17 14:44:23,4,Using Phone,9.9,5.9,10.2,33.2,16.7,16.7
2026-07-17 14:44:23,5,Using Phone,0.0,9.3,0.0,42.5,0.0,0.0
2026-07-17 14:44:23,2,Talking,17.2,2.7,10.7,29.1,28.8,28.8
2026-07-17 14:44:23,4,Talking,9.9,5.9,10.7,33.2,16.6,16.6
2026-07-17 14:44:23,5,Talking,0.0,9.3,0.5,42.5,0.0,0.0
2026-07-17 14:44:25,2,Using Phone,17.2,2.7,10.7,30.1,28.3,28.3
2026-07-17 14:44:25,4,Using Phone,9.9,5.9,10.7,34.2,16.3,16.3
2026-07-17 14:44:25,0,Talking,56.5,2.7,0.0,2.4,91.7,91.7
2026-07-17 14:44:25,1,Talking,7.8,48.2,0.0,5.6,12.7,12.7
2026-07-17 14:44:27,0,Working,56.5,2.7,0.0,3.7,89.9,89.9
2026-07-17 14:44:27,1,Looking Away,7.8,48.2,0.0,6.9,12.4,12.4
2026-07-17 14:44:27,2,Working,17.2,2.7,13.3,30.1,27.1,27.1
2026-07-17 14:44:27,4,Talking,9.9,5.9,13.3,34.2,15.6,15.6
2026-07-17 14:44:28,3,Talking,43.2,2.7,0.4,17.4,67.8,67.8
2026-07-17 14:44:28,3,Working,43.2,2.7,0.4,17.9,67.3,67.3
2026-07-17 14:44:29,3,Talking,44.0,2.7,0.4,17.9,67.7,67.7
2026-07-17 14:44:30,2,Talking,20.1,2.7,13.3,30.1,30.3,30.3
2026-07-17 14:44:31,0,Talking,60.4,2.7,0.0,3.7,90.4,90.4
2026-07-17 14:44:31,1,Talking,7.8,52.1,0.0,6.9,11.7,11.7
2026-07-17 14:44:31,3,Working,44.0,2.7,0.4,19.7,65.9,65.9
2026-07-17 14:44:31,0,Working,60.4,2.7,0.0,4.1,89.9,89.9
2026-07-17 14:44:31,1,Looking Away,7.8,52.1,0.0,7.3,11.6,11.6
2026-07-17 14:44:33,0,Talking,61.9,2.7,0.0,4.1,90.1,90.1
2026-07-17 14:44:33,1,Talking,7.8,53.6,0.0,7.3,11.4,11.4
2026-07-17 14:44:33,0,Working,61.9,2.7,0.0,4.5,89.5,89.5
2026-07-17 14:44:33,1,Looking Away,7.8,53.6,0.0,7.7,11.3,11.3
2026-07-17 14:44:35,1,Working,7.8,55.6,0.0,7.7,11.0,11.0
2026-07-17 14:44:35,1,Looking Away,8.2,55.6,0.0,7.7,11.4,11.4
2026-07-17 14:44:39,0,Talking,68.4,2.7,0.0,4.5,90.4,90.4
2026-07-17 14:44:39,1,Talking,8.2,59.7,0.0,7.7,10.8,10.8
2026-07-17 14:44:40,0,Working,68.4,2.7,0.0,5.0,89.9,89.9
2026-07-17 14:44:40,1,Working,8.2,59.7,0.0,8.1,10.7,10.7
2026-07-17 14:44:41,1,Looking Away,9.0,59.7,0.0,8.1,11.7,11.7
2026-07-17 14:44:41,0,Talking,69.7,2.7,0.0,5.0,90.1,90.1
2026-07-17 14:44:41,1,Talking,9.0,60.2,0.0,8.1,11.6,11.6
2026-07-17 14:44:42,0,Working,69.7,2.7,0.0,5.4,89.6,89.6
2026-07-17 14:44:42,1,Looking Away,9.0,60.2,0.0,8.6,11.6,11.6
2026-07-17 14:44:49,0,Looking Away,76.8,2.7,0.0,5.4,90.5,90.5
2026-07-17 14:44:49,1,Working,9.0,67.3,0.0,8.6,10.6,10.6
2026-07-17 14:44:49,0,Working,76.8,3.0,0.0,5.4,90.2,90.2
2026-07-17 14:44:50,4,Working,9.9,5.9,13.3,56.9,11.5,11.5
2026-07-17 14:44:50,0,Looking Away,78.0,3.0,0.0,5.4,90.3,90.3
2026-07-17 14:44:50,4,Talking,10.3,5.9,13.3,56.9,11.9,11.9
2026-07-17 14:44:51,0,Working,78.0,3.6,0.0,5.4,89.7,89.7
2026-07-17 14:44:53,1,Looking Away,13.0,67.3,0.0,8.6,14.6,14.6
2026-07-17 14:44:53,3,Talking,66.1,2.7,0.4,19.7,74.4,74.4
2026-07-17 14:44:54,0,Talking,81.1,3.6,0.0,5.4,90.1,90.1
2026-07-17 14:44:54,1,Talking,13.0,68.5,0.0,8.6,14.4,14.4
2026-07-17 14:44:54,0,Working,81.1,3.6,0.0,5.9,89.5,89.5
2026-07-17 14:44:54,1,Looking Away,13.0,68.5,0.0,9.1,14.4,14.4
2026-07-17 14:44:54,3,Working,66.1,2.7,0.4,21.4,73.0,73.0
2026-07-17 14:44:56,3,Talking,67.5,2.7,0.4,21.4,73.4,73.4
2026-07-17 14:44:56,1,Working,13.0,70.4,0.0,9.1,14.1,14.1
2026-07-17 14:44:57,3,Working,67.5,2.7,0.4,22.2,72.8,72.8
2026-07-17 14:44:57,4,Working,10.3,5.9,13.3,63.3,11.1,11.1
2026-07-17 14:44:57,3,Talking,68.0,2.7,0.4,22.2,72.9,72.9
2026-07-17 14:44:57,0,Looking Away,84.1,3.6,0.0,5.9,89.9,89.9
2026-07-17 14:44:58,0,Working,84.1,4.1,0.0,5.9,89.3,89.3
2026-07-17 14:44:58,3,Working,68.0,2.7,0.4,23.1,72.2,72.2
2026-07-17 14:44:59,3,Talking,68.5,2.7,0.4,23.1,72.3,72.3
2026-07-17 14:44:59,3,Working,68.5,2.7,0.4,23.7,71.9,71.9
2026-07-17 14:45:00,3,Talking,69.0,2.7,0.4,23.7,72.0,72.0
2026-07-17 14:45:10,3,Working,69.0,2.7,0.4,33.8,65.2,65.2
2026-07-17 14:45:12,3,Talking,70.9,2.7,0.4,33.8,65.8,65.8
2026-07-17 14:45:15,4,Talking,28.2,5.9,13.3,63.3,25.5,25.5
2026-07-17 14:45:17,3,Working,70.9,2.7,0.4,38.7,62.9,62.9
2026-07-17 14:45:18,3,Talking,72.5,2.7,0.4,38.7,63.4,63.4
2026-07-17 14:45:20,3,Working,72.5,2.7,0.4,40.1,62.7,62.7
2026-07-17 14:45:21,3,Talking,74.2,2.7,0.4,40.1,63.2,63.2
2026-07-17 14:45:23,3,Working,74.2,2.7,0.4,41.5,62.5,62.5
2026-07-17 14:45:24,3,Talking,75.8,2.7,0.4,41.5,63.0,63.0
2026-07-17 14:45:27,6,Talking,0.0,0.9,0.0,0.0,0.0,0.0
2026-07-17 14:45:28,3,Working,75.8,2.7,0.4,45.5,60.9,60.9
2026-07-17 14:45:32,3,Talking,79.2,2.7,0.4,45.5,62.0,62.0
2026-07-17 14:45:33,3,Working,79.2,2.7,0.4,47.0,61.3,61.3
2026-07-17 14:45:35,3,Talking,80.7,2.7,0.4,47.0,61.7,61.7
2026-07-17 14:45:36,3,Working,80.7,2.7,0.4,48.2,61.1,61.1
2026-07-17 14:45:37,3,Talking,82.1,2.7,0.4,48.2,61.6,61.6
2026-07-17 14:45:40,7,Talking,0.0,1.6,0.0,0.0,0.0,0.0
2026-07-17 14:45:42,3,Working,82.1,2.7,0.4,53.2,59.4,59.4
2026-07-17 14:45:42,8,Talking,0.0,1.9,0.0,0.0,0.0,0.0
2026-07-17 14:45:44,3,Talking,83.5,2.7,0.4,53.2,59.8,59.8
2026-07-17 14:45:44,9,Talking,0.0,1.4,0.0,0.0,0.0,0.0
2026-07-17 14:45:46,10,Talking,0.0,0.9,0.0,0.0,0.0,0.0
2026-07-17 14:45:49,3,Working,83.5,2.7,0.4,58.4,57.6,57.6
2026-07-17 14:45:53,3,Talking,87.2,2.7,0.4,58.4,58.7,58.7
2026-07-17 14:45:55,3,Working,87.2,2.7,0.4,61.3,57.5,57.5
2026-07-17 14:45:57,3,Talking,89.2,2.7,0.4,61.3,58.1,58.1
2026-07-17 14:46:07,1,Looking Away,84.1,70.4,0.0,9.1,51.4,51.4
2026-07-17 14:46:07,11,Talking,0.0,1.4,0.0,0.0,0.0,0.0
2026-07-17 14:46:07,12,Talking,0.0,1.4,0.0,0.0,0.0,0.0
2026-07-17 14:46:09,1,Working,84.1,71.5,0.0,9.1,51.1,51.1
2026-07-17 14:46:41,3,Working,89.2,2.7,0.4,104.8,45.3,45.3
2026-07-17 14:46:43,3,Talking,91.2,2.7,0.4,104.8,45.8,45.8
2026-07-17 14:46:44,0,Looking Away,190.3,4.1,0.0,5.9,95.0,95.0
2026-07-17 14:46:45,0,Working,190.3,5.1,0.0,5.9,94.5,94.5
2026-07-17 14:46:46,0,Looking Away,191.5,5.1,0.0,5.9,94.6,94.6
2026-07-17 14:46:47,0,Working,191.5,6.1,0.0,5.9,94.1,94.1
2026-07-17 14:46:49,3,Working,91.2,2.7,0.4,110.4,44.6,44.6
2026-07-17 14:46:50,3,Talking,92.4,2.7,0.4,110.4,44.9,44.9
2026-07-17 14:46:52,13,Talking,0.0,0.9,0.0,0.0,0.0,0.0
2026-07-17 14:46:52,14,Looking Away,0.0,0.9,0.0,0.0,0.0,0.0
2026-07-17 14:46:56,15,Looking Away,0.0,1.0,0.0,0.0,0.0,0.0
2026-07-17 14:46:58,3,Working,92.4,2.7,0.4,118.6,43.1,43.1
2026-07-17 14:46:58,16,Looking Away,0.0,1.0,0.0,0.0,0.0,0.0
2026-07-17 14:47:01,0,Looking Away,204.9,6.1,0.0,5.9,94.5,94.5
2026-07-17 14:47:01,17,Looking Away,0.0,1.0,0.0,0.0,0.0,0.0
2026-07-17 14:47:06,0,Talking,204.9,11.1,0.0,5.9,92.3,92.3
2026-07-17 14:47:06,17,Talking,0.0,6.0,0.0,0.0,0.0,0.0
2026-07-17 14:47:13,0,Working,204.9,11.1,0.0,13.4,89.3,89.3
2026-07-17 14:47:13,2,Working,20.1,2.7,13.3,193.3,8.7,8.7
2026-07-17 14:47:14,2,Talking,21.0,2.7,13.3,193.3,9.1,9.1
2026-07-17 14:47:17,0,Talking,209.1,11.1,0.0,13.4,89.5,89.5
2026-07-17 14:47:24,0,Working,209.1,11.1,0.0,19.7,87.2,87.2
2026-07-17 14:47:26,18,No Laptop,0.0,1.2,0.0,0.0,0.0,0.0
2026-07-17 14:47:30,18,Talking,0.0,5.3,0.0,0.0,0.0,0.0
2026-07-17 14:47:35,3,Talking,128.9,2.7,0.4,118.6,51.4,51.4
2026-07-17 14:47:35,19,No Laptop,0.0,1.2,0.0,0.0,0.0,0.0
2026-07-17 14:47:35,20,No Laptop,0.0,1.2,0.0,0.0,0.0,0.0
2026-07-17 14:47:36,3,Working,128.9,2.7,0.4,119.8,51.2,51.2
2026-07-17 14:47:37,3,Talking,129.9,2.7,0.4,119.8,51.4,51.4
2026-07-17 14:47:40,21,No Laptop,0.0,1.0,0.0,0.0,0.0,0.0
2026-07-17 14:47:46,2,Using Phone,21.0,2.7,13.3,225.4,8.0,8.0
2026-07-17 14:47:46,18,Working,0.0,5.3,0.0,16.0,0.0,0.0
2026-07-17 14:47:47,2,Talking,21.0,2.7,14.3,225.4,8.0,8.0
2026-07-17 14:47:47,18,Talking,1.0,5.3,0.0,16.0,4.5,4.5
2026-07-17 14:47:48,22,Looking Away,0.0,1.1,0.0,0.0,0.0,0.0
2026-07-17 16:40:57,0,Talking,7022.3,11.1,0.0,19.7,99.6,99.6
2026-07-17 16:40:57,1,Talking,6972.5,71.5,0.0,9.1,98.9,98.9
2026-07-17 16:40:57,22,Talking,0.0,6789.7,0.0,0.0,0.0,0.0
2026-07-17 16:40:58,23,No Laptop,0.0,1.0,0.0,0.0,0.0,0.0
2026-07-17 16:40:59,1,Working,6972.5,71.5,0.0,11.1,98.8,98.8
2026-07-17 16:40:59,23,Working,0.0,2.0,0.0,0.0,0.0,0.0
2026-07-17 16:41:22,1,Looking Away,6995.1,71.5,0.0,11.1,98.8,98.8
2026-07-17 16:41:22,1,Working,6995.1,72.0,0.0,11.1,98.8,98.8
2026-07-17 16:41:22,2,Looking Away,21.0,2.7,14.3,7040.2,0.3,0.3
2026-07-17 16:41:22,3,Working,129.9,2.7,0.4,6945.3,1.8,1.8
2026-07-17 16:41:23,2,Talking,21.0,3.3,14.3,7040.2,0.3,0.3
2026-07-17 16:41:23,3,Talking,130.5,2.7,0.4,6945.3,1.8,1.8
2026-07-17 16:41:23,1,Looking Away,6996.2,72.0,0.0,11.1,98.8,98.8
2026-07-17 16:41:24,1,Working,6996.2,72.5,0.0,11.1,98.8,98.8
2026-07-17 16:41:29,2,Looking Away,21.0,3.3,14.3,7047.0,0.3,0.3
2026-07-17 16:41:29,3,Working,130.5,2.7,0.4,6952.0,1.8,1.8
2026-07-17 16:41:30,2,Talking,21.0,3.7,14.3,7047.0,0.3,0.3
2026-07-17 16:41:30,3,Talking,130.9,2.7,0.4,6952.0,1.8,1.8
2026-07-17 16:41:31,24,Looking Away,0.0,0.5,0.0,0.0,0.0,0.0
2026-07-17 16:41:31,1,Looking Away,7003.9,72.5,0.0,11.1,98.8,98.8
2026-07-17 16:41:32,1,Talking,7003.9,73.0,0.0,11.1,98.8,98.8
2026-07-17 16:41:32,23,Talking,32.9,2.0,0.0,0.0,94.2,94.2
2026-07-17 16:41:32,25,Looking Away,0.0,0.5,0.0,0.0,0.0,0.0
2026-07-17 16:41:33,1,Working,7003.9,73.0,0.0,12.1,98.8,98.8
2026-07-17 16:41:33,23,Working,32.9,2.0,0.0,1.0,91.6,91.6
2026-07-17 16:41:37,25,Talking,0.0,5.1,0.0,0.0,0.0,0.0
2026-07-17 16:41:38,2,Working,21.0,3.7,14.3,7055.2,0.3,0.3
2026-07-17 16:41:38,3,Looking Away,130.9,2.7,0.4,6960.3,1.8,1.8
2026-07-17 16:41:38,25,Looking Away,0.0,5.1,0.0,1.2,0.0,0.0
2026-07-17 16:41:39,1,Looking Away,7009.9,73.0,0.0,12.1,98.8,98.8
2026-07-17 16:41:39,25,Working,0.0,5.8,0.0,1.2,0.0,0.0
2026-07-17 16:41:40,2,Talking,23.3,3.7,14.3,7055.2,0.3,0.3
2026-07-17 16:41:40,3,Talking,130.9,5.0,0.4,6960.3,1.8,1.8
2026-07-17 16:41:40,25,Talking,1.7,5.8,0.0,1.2,19.5,19.5
2026-07-17 16:41:42,2,Looking Away,23.3,3.7,14.3,7056.3,0.3,0.3
2026-07-17 16:41:42,3,Working,130.9,5.0,0.4,6961.3,1.8,1.8
2026-07-17 16:41:42,25,Working,1.7,5.8,0.0,2.2,17.4,17.4
2026-07-17 16:41:42,2,Talking,23.3,4.4,14.3,7056.3,0.3,0.3
2026-07-17 16:41:42,3,Talking,131.6,5.0,0.4,6961.3,1.9,1.9
2026-07-17 16:41:42,25,Talking,2.3,5.8,0.0,2.2,22.8,22.8
2026-07-17 16:41:43,23,Talking,43.3,2.0,0.0,1.0,93.5,93.5
2026-07-17 16:41:44,23,Working,43.3,2.0,0.0,1.6,92.2,92.2
2026-07-17 16:41:45,2,Working,23.3,4.4,14.3,7059.1,0.3,0.3
2026-07-17 16:41:45,3,Looking Away,131.6,5.0,0.4,6964.1,1.9,1.9
2026-07-17 16:41:45,25,Looking Away,2.3,5.8,0.0,5.0,17.9,17.9
2026-07-17 16:41:46,2,Talking,23.9,4.4,14.3,7059.1,0.3,0.3
2026-07-17 16:41:46,3,Talking,131.6,5.6,0.4,6964.1,1.9,1.9
2026-07-17 16:41:46,25,Talking,2.3,6.3,0.0,5.0,17.2,17.2
2026-07-17 16:41:46,23,Looking Away,45.4,2.0,0.0,1.6,92.6,92.6
2026-07-17 16:41:47,2,Looking Away,23.9,4.4,14.3,7060.5,0.3,0.3
2026-07-17 16:41:47,3,Working,131.6,5.6,0.4,6965.5,1.9,1.9
2026-07-17 16:41:48,27,Looking Away,0.0,0.5,0.0,0.0,0.0,0.0
2026-07-17 16:41:49,2,Talking,23.9,6.6,14.3,7060.5,0.3,0.3
2026-07-17 16:41:49,3,Talking,133.9,5.6,0.4,6965.5,1.9,1.9
2026-07-17 16:41:50,2,Looking Away,23.9,6.6,14.3,7060.9,0.3,0.3
2026-07-17 16:41:50,3,Working,133.9,5.6,0.4,6965.9,1.9,1.9
2026-07-17 16:41:50,26,Looking Away,6.7,0.0,0.0,0.0,100.0,100.0
2026-07-17 16:41:50,26,Working,6.7,0.4,0.0,0.0,94.5,94.5
2026-07-17 16:41:51,2,Working,23.9,7.8,14.3,7060.9,0.3,0.3
2026-07-17 16:41:51,3,Looking Away,135.0,5.6,0.4,6965.9,1.9,1.9
2026-07-17 16:41:51,27,Working,0.0,3.0,0.0,0.0,0.0,0.0
2026-07-17 16:41:51,2,Talking,24.3,7.8,14.3,7060.9,0.3,0.3
2026-07-17 16:41:51,3,Talking,135.0,6.0,0.4,6965.9,1.9,1.9
2026-07-17 16:41:52,2,Looking Away,24.3,7.8,14.3,7061.7,0.3,0.3
2026-07-17 16:41:52,3,Working,135.0,6.0,0.4,6966.8,1.9,1.9
2026-07-17 16:41:52,2,Working,24.3,8.2,14.3,7061.7,0.3,0.3
2026-07-17 16:41:53,27,No Laptop,2.1,3.0,0.0,0.0,41.7,41.7
2026-07-17 16:41:54,3,Looking Away,136.7,6.0,0.4,6966.8,1.9,1.9
2026-07-17 16:41:55,3,Working,136.7,6.8,0.4,6966.8,1.9,1.9
2026-07-17 16:41:55,3,Looking Away,137.0,6.8,0.4,6966.8,1.9,1.9
2026-07-17 16:41:55,2,Talking,27.0,8.2,14.3,7061.7,0.4,0.4
2026-07-17 16:41:55,3,Talking,137.0,7.1,0.4,6966.8,1.9,1.9
2026-07-17 16:41:56,2,Looking Away,27.0,8.2,14.3,7062.3,0.4,0.4
2026-07-17 16:41:56,3,Working,137.0,7.1,0.4,6967.4,1.9,1.9
2026-07-17 16:41:56,26,Looking Away,12.1,0.4,0.0,0.0,96.9,96.9
2026-07-17 16:41:56,2,Talking,27.0,8.5,14.3,7062.3,0.4,0.4
2026-07-17 16:41:56,3,Talking,137.3,7.1,0.4,6967.4,1.9,1.9
2026-07-17 16:41:56,26,Working,12.1,0.7,0.0,0.0,94.5,94.5
2026-07-17 16:41:57,2,Looking Away,27.0,8.5,14.3,7063.1,0.4,0.4
2026-07-17 16:41:57,3,Working,137.3,7.1,0.4,6968.1,1.9,1.9
2026-07-17 16:41:57,2,Talking,27.0,8.8,14.3,7063.1,0.4,0.4
2026-07-17 16:41:57,3,Talking,137.6,7.1,0.4,6968.1,1.9,1.9
2026-07-17 16:41:58,26,Looking Away,13.7,0.7,0.0,0.0,95.1,95.1
2026-07-17 16:41:58,2,Looking Away,27.0,8.8,14.3,7064.3,0.4,0.4
2026-07-17 16:41:58,3,Working,137.6,7.1,0.4,6969.3,1.9,1.9
2026-07-17 16:41:59,28,No Laptop,0.0,0.3,0.0,0.0,0.0,0.0
2026-07-17 16:41:59,2,Working,27.0,9.5,14.3,7064.3,0.4,0.4
2026-07-17 16:41:59,26,Working,13.7,2.0,0.0,0.0,87.4,87.4
2026-07-17 16:41:59,2,Looking Away,27.3,9.5,14.3,7064.3,0.4,0.4
2026-07-17 16:41:59,26,Looking Away,14.0,2.0,0.0,0.0,87.7,87.7
2026-07-17 16:41:59,29,No Laptop,0.0,0.4,0.0,0.0,0.0,0.0
2026-07-17 16:42:00,2,Talking,27.3,9.8,14.3,7064.3,0.4,0.4
2026-07-17 16:42:00,3,Talking,139.0,7.1,0.4,6969.3,2.0,2.0
2026-07-17 16:42:00,26,Working,14.0,2.3,0.0,0.0,85.7,85.7
2026-07-17 16:42:00,2,Looking Away,27.3,9.8,14.3,7064.8,0.4,0.4
2026-07-17 16:42:01,30,Looking Away,0.0,0.3,0.0,0.0,0.0,0.0
2026-07-17 16:42:01,26,Looking Away,15.6,2.3,0.0,0.0,87.0,87.0
2026-07-17 16:42:01,26,Working,15.6,2.6,0.0,0.0,85.5,85.5
2026-07-17 16:42:02,2,Working,27.3,12.2,14.3,7064.8,0.4,0.4
2026-07-17 16:42:02,26,Looking Away,16.6,2.6,0.0,0.0,86.2,86.2
2026-07-17 16:42:03,2,Looking Away,27.6,12.2,14.3,7064.8,0.4,0.4
2026-07-17 16:42:03,26,Working,16.6,3.5,0.0,0.0,82.7,82.7
2026-07-17 16:42:04,26,Looking Away,17.1,3.5,0.0,0.0,83.1,83.1
2026-07-17 16:42:04,26,Working,17.1,3.8,0.0,0.0,82.0,82.0
2026-07-17 16:42:06,2,Talking,27.6,14.9,14.3,7064.8,0.4,0.4
2026-07-17 16:42:06,30,Talking,0.0,5.2,0.0,0.0,0.0,0.0
2026-07-17 16:42:07,26,Looking Away,19.5,3.8,0.0,0.0,83.8,83.8
2026-07-17 16:42:08,2,Working,27.6,14.9,14.3,7067.0,0.4,0.4
2026-07-17 16:42:08,26,Working,19.5,4.9,0.0,0.0,79.8,79.8
2026-07-17 16:42:08,30,Working,0.0,5.2,0.0,2.2,0.0,0.0
2026-07-17 16:42:09,2,Looking Away,28.6,14.9,14.3,7067.0,0.4,0.4
2026-07-17 16:42:09,31,Looking Away,0.0,0.4,0.0,0.0,0.0,0.0
2026-07-17 16:42:10,26,Looking Away,21.8,4.9,0.0,0.0,81.6,81.6
2026-07-17 16:42:10,26,Working,21.8,5.2,0.0,0.0,80.7,80.7
2026-07-17 16:42:13,2,Talking,28.6,18.9,14.3,7067.0,0.4,0.4
2026-07-17 16:42:13,30,Talking,4.9,5.2,0.0,2.2,39.7,39.7
2026-07-17 16:42:13,2,Looking Away,28.6,18.9,14.3,7067.3,0.4,0.4
2026-07-17 16:42:13,30,Working,4.9,5.2,0.0,2.5,38.8,38.8
2026-07-17 16:42:14,26,Looking Away,25.3,5.2,0.0,0.0,82.9,82.9
2026-07-17 16:42:14,26,Working,25.3,5.6,0.0,0.0,81.9,81.9
2026-07-17 16:42:15,26,Looking Away,26.2,5.6,0.0,0.0,82.5,82.5
2026-07-17 16:42:16,26,Working,26.2,6.4,0.0,0.0,80.4,80.4
2026-07-17 16:42:17,2,Talking,28.6,23.2,14.3,7067.3,0.4,0.4
2026-07-17 16:42:17,30,Talking,9.2,5.2,0.0,2.5,54.6,54.6
2026-07-17 16:42:18,26,Looking Away,28.3,6.4,0.0,0.0,81.5,81.5
2026-07-17 16:42:18,2,Looking Away,28.6,23.2,14.3,7068.3,0.4,0.4
2026-07-17 16:42:18,30,Working,9.2,5.2,0.0,3.5,51.5,51.5
2026-07-17 16:42:19,2,Talking,28.6,23.5,14.3,7068.3,0.4,0.4
2026-07-17 16:42:19,26,Working,28.3,7.0,0.0,0.0,80.1,80.1
2026-07-17 16:42:19,30,Talking,9.5,5.2,0.0,3.5,52.4,52.4
2026-07-17 16:42:19,26,Looking Away,28.5,7.0,0.0,0.0,80.3,80.3
2026-07-17 16:42:19,26,Working,28.5,7.4,0.0,0.0,79.4,79.4
2026-07-17 16:42:22,2,Looking Away,28.6,23.5,14.3,7071.3,0.4,0.4
2026-07-17 16:42:22,30,Working,9.5,5.2,0.0,6.5,44.9,44.9
2026-07-17 16:42:25,31,No Laptop,0.0,0.4,0.0,0.0,0.0,0.0
2026-07-17 16:42:33,2,Talking,28.6,35.1,14.3,7071.3,0.4,0.4
2026-07-17 16:42:33,30,Talking,21.1,5.2,0.0,6.5,64.4,64.4
2026-07-17 16:42:35,2,Looking Away,28.6,35.1,14.3,7072.6,0.4,0.4
2026-07-17 16:42:35,30,Working,21.1,5.2,0.0,7.8,61.9,61.9
2026-07-17 16:42:35,2,Talking,28.6,35.9,14.3,7072.6,0.4,0.4
2026-07-17 16:42:35,30,Talking,21.9,5.2,0.0,7.8,62.7,62.7
2026-07-17 16:42:39,2,Working,28.6,35.9,14.3,7076.8,0.4,0.4
2026-07-17 16:42:39,30,Looking Away,21.9,5.2,0.0,12.0,56.0,56.0
2026-07-17 16:42:40,2,Talking,28.9,35.9,14.3,7076.8,0.4,0.4
2026-07-17 16:42:40,30,Talking,21.9,5.5,0.0,12.0,55.5,55.5
2026-07-17 16:42:40,2,Working,28.9,35.9,14.3,7077.5,0.4,0.4
2026-07-17 16:42:40,30,Looking Away,21.9,5.5,0.0,12.7,54.6,54.6
2026-07-17 16:42:41,2,Talking,29.3,35.9,14.3,7077.5,0.4,0.4
2026-07-17 16:42:41,30,Talking,21.9,5.9,0.0,12.7,54.1,54.1
2026-07-17 16:42:42,2,Working,29.3,35.9,14.3,7078.8,0.4,0.4
2026-07-17 16:42:42,30,Looking Away,21.9,5.9,0.0,14.0,52.4,52.4
2026-07-17 16:42:42,2,Talking,29.6,35.9,14.3,7078.8,0.4,0.4
2026-07-17 16:42:42,30,Talking,21.9,6.2,0.0,14.0,52.0,52.0
2026-07-17 16:42:43,2,Working,29.6,35.9,14.3,7079.4,0.4,0.4
2026-07-17 16:42:43,30,Looking Away,21.9,6.2,0.0,14.6,51.2,51.2
2026-07-17 16:42:43,2,Talking,29.9,35.9,14.3,7079.4,0.4,0.4
2026-07-17 16:42:43,30,Talking,21.9,6.5,0.0,14.6,50.8,50.8
2026-07-17 16:42:44,2,Working,29.9,35.9,14.3,7080.1,0.4,0.4
2026-07-17 16:42:44,30,Looking Away,21.9,6.5,0.0,15.3,50.1,50.1
2026-07-17 16:42:44,2,Talking,30.2,35.9,14.3,7080.1,0.4,0.4
2026-07-17 16:42:44,30,Talking,21.9,6.8,0.0,15.3,49.8,49.8
2026-07-17 16:42:45,2,Working,30.2,35.9,14.3,7081.0,0.4,0.4
2026-07-17 16:42:45,30,Looking Away,21.9,6.8,0.0,16.2,48.7,48.7
2026-07-17 16:42:46,30,Working,21.9,7.1,0.0,16.2,48.4,48.4
2026-07-17 16:42:46,2,Looking Away,30.9,35.9,14.3,7081.0,0.4,0.4
2026-07-17 16:42:48,2,Talking,30.9,38.3,14.3,7081.0,0.4,0.4
2026-07-17 16:42:48,30,Talking,24.7,7.1,0.0,16.2,51.4,51.4
2026-07-17 16:42:49,2,Looking Away,30.9,38.3,14.3,7081.7,0.4,0.4
2026-07-17 16:42:49,30,Working,24.7,7.1,0.0,16.9,50.7,50.7
2026-07-17 16:42:50,2,Working,30.9,39.0,14.3,7081.7,0.4,0.4
2026-07-17 16:42:50,2,Looking Away,31.2,39.0,14.3,7081.7,0.4,0.4
2026-07-17 16:42:52,2,Talking,31.2,40.8,14.3,7081.7,0.4,0.4
2026-07-17 16:42:52,30,Talking,27.6,7.1,0.0,16.9,53.5,53.5
2026-07-17 16:42:53,2,Working,31.2,40.8,14.3,7082.4,0.4,0.4
2026-07-17 16:42:53,30,Working,27.6,7.1,0.0,17.6,52.7,52.7
2026-07-17 16:42:53,2,Talking,31.8,40.8,14.3,7082.4,0.4,0.4
2026-07-17 16:42:53,30,Talking,28.2,7.1,0.0,17.6,53.2,53.2
2026-07-17 16:42:53,32,No Laptop,0.0,0.6,0.0,0.0,0.0,0.0
2026-07-17 16:42:54,26,Looking Away,63.1,7.4,0.0,0.0,89.5,89.5
2026-07-17 16:42:55,26,Working,63.1,8.5,0.0,0.0,88.1,88.1
2026-07-17 16:42:55,33,No Laptop,0.0,0.6,0.0,0.0,0.0,0.0
2026-07-17 16:42:55,2,Working,31.8,40.8,14.3,7084.5,0.4,0.4
2026-07-17 16:42:55,30,Looking Away,28.2,7.1,0.0,19.7,51.3,51.3
2026-07-17 16:42:56,2,Talking,32.3,40.8,14.3,7084.5,0.5,0.5
2026-07-17 16:42:56,30,Talking,28.2,7.6,0.0,19.7,50.8,50.8
2026-07-17 16:42:56,2,Working,32.3,40.8,14.3,7084.9,0.5,0.5
2026-07-17 16:42:56,30,Looking Away,28.2,7.6,0.0,20.1,50.4,50.4
2026-07-17 16:42:58,2,Looking Away,33.7,40.8,14.3,7084.9,0.5,0.5
2026-07-17 16:42:58,30,Working,28.2,9.0,0.0,20.1,49.2,49.2
2026-07-17 16:42:58,2,Working,33.7,41.4,14.3,7084.9,0.5,0.5
2026-07-17 16:42:58,30,Looking Away,28.7,9.0,0.0,20.1,49.7,49.7
2026-07-17 16:42:59,2,Talking,34.1,41.4,14.3,7084.9,0.5,0.5
2026-07-17 16:42:59,30,Talking,28.7,9.4,0.0,20.1,49.3,49.3
2026-07-17 16:43:00,2,Working,34.1,41.4,14.3,7086.6,0.5,0.5
2026-07-17 16:43:00,30,Looking Away,28.7,9.4,0.0,21.8,48.0,48.0
2026-07-17 16:43:01,2,Talking,34.7,41.4,14.3,7086.6,0.5,0.5
2026-07-17 16:43:01,30,Talking,28.7,10.0,0.0,21.8,47.5,47.5
2026-07-17 16:43:04,34,Looking Away,0.0,0.6,0.0,0.0,0.0,0.0
2026-07-17 16:43:09,26,Talking,77.3,8.5,0.0,0.0,90.1,90.1
2026-07-17 16:43:09,33,Talking,0.0,14.8,0.0,0.0,0.0,0.0
2026-07-17 16:43:10,2,Working,34.7,41.4,14.3,7095.4,0.5,0.5
2026-07-17 16:43:10,26,Working,77.3,8.5,0.0,0.7,89.4,89.4
2026-07-17 16:43:10,30,Looking Away,28.7,10.0,0.0,30.7,41.4,41.4
2026-07-17 16:43:10,33,No Laptop,0.0,14.8,0.0,0.7,0.0,0.0
2026-07-17 16:43:11,2,Talking,35.5,41.4,14.3,7095.4,0.5,0.5
2026-07-17 16:43:11,30,Talking,28.7,10.8,0.0,30.7,41.0,41.0
2026-07-17 16:43:16,34,No Laptop,0.0,0.5,0.0,0.0,0.0,0.0
2026-07-17 16:43:19,2,Looking Away,35.5,41.4,14.3,7104.0,0.5,0.5
2026-07-17 16:43:19,30,Working,28.7,10.8,0.0,39.2,36.5,36.5
2026-07-17 16:43:21,2,Talking,35.5,43.6,14.3,7104.0,0.5,0.5
2026-07-17 16:43:21,30,Talking,30.9,10.8,0.0,39.2,38.2,38.2
2026-07-17 16:43:22,2,Looking Away,35.5,43.6,14.3,7105.0,0.5,0.5
2026-07-17 16:43:22,30,Working,30.9,10.8,0.0,40.2,37.7,37.7
2026-07-17 16:43:23,2,Working,35.5,44.3,14.3,7105.0,0.5,0.5
2026-07-17 16:43:23,30,Looking Away,31.6,10.8,0.0,40.2,38.2,38.2
2026-07-17 16:43:23,2,Talking,35.9,44.3,14.3,7105.0,0.5,0.5
2026-07-17 16:43:23,30,Talking,31.6,11.2,0.0,40.2,38.0,38.0
2026-07-17 16:43:26,31,Looking Away,0.0,0.5,0.0,0.0,0.0,0.0
2026-07-17 16:43:30,2,Working,35.9,44.3,14.3,7111.2,0.5,0.5
2026-07-17 16:43:30,30,Looking Away,31.6,11.2,0.0,46.4,35.4,35.4
2026-07-17 16:43:30,2,Talking,36.5,44.3,14.3,7111.2,0.5,0.5
2026-07-17 16:43:30,30,Talking,31.6,11.8,0.0,46.4,35.2,35.2
2026-07-17 16:43:31,31,Talking,0.0,5.1,0.0,0.0,0.0,0.0
2026-07-17 16:43:32,2,Working,36.5,44.3,14.3,7113.0,0.5,0.5
2026-07-17 16:43:34,2,Talking,38.1,44.3,14.3,7113.0,0.5,0.5
2026-07-17 16:43:35,30,Working,31.6,11.8,0.0,51.0,33.5,33.5
2026-07-17 16:43:36,30,Talking,32.8,11.8,0.0,51.0,34.3,34.3
2026-07-17 16:43:36,30,Working,32.8,11.8,0.0,51.4,34.2,34.2
2026-07-17 16:43:38,2,Working,38.1,44.3,14.3,7117.6,0.5,0.5
2026-07-17 16:43:38,31,Looking Away,0.0,5.1,0.0,6.9,0.0,0.0
2026-07-17 16:43:39,2,Talking,38.5,44.3,14.3,7117.6,0.5,0.5
2026-07-17 16:43:39,30,Talking,35.0,11.8,0.0,51.4,35.6,35.6
2026-07-17 16:43:39,31,Talking,0.0,5.6,0.0,6.9,0.0,0.0
2026-07-17 16:43:39,30,Working,35.0,11.8,0.0,51.9,35.5,35.5
2026-07-17 16:43:44,30,Talking,39.6,11.8,0.0,51.9,38.3,38.3
2026-07-17 16:43:48,30,Working,39.6,11.8,0.0,56.0,36.9,36.9
2026-07-17 16:43:50,30,Talking,41.6,11.8,0.0,56.0,38.1,38.1
2026-07-17 16:44:04,2,Working,38.5,44.3,14.3,7143.0,0.5,0.5
2026-07-17 16:44:04,2,Talking,38.9,44.3,14.3,7143.0,0.5,0.5
2026-07-17 16:44:05,2,Working,38.9,44.3,14.3,7143.4,0.5,0.5
2026-07-17 16:44:05,2,Talking,39.3,44.3,14.3,7143.4,0.5,0.5
2026-07-17 16:44:06,2,Working,39.3,44.3,14.3,7144.4,0.5,0.5
2026-07-17 16:44:06,2,Talking,39.6,44.3,14.3,7144.4,0.5,0.5
2026-07-17 16:44:09,2,Working,39.6,44.3,14.3,7147.3,0.5,0.5
2026-07-17 16:44:10,2,Talking,39.9,44.3,14.3,7147.3,0.6,0.6
2026-07-17 16:44:10,2,Working,39.9,44.3,14.3,7147.7,0.6,0.6
2026-07-17 16:44:10,2,Talking,40.2,44.3,14.3,7147.7,0.6,0.6
2026-07-17 16:44:13,2,Working,40.2,44.3,14.3,7150.2,0.6,0.6
2026-07-17 16:44:13,2,Talking,40.8,44.3,14.3,7150.2,0.6,0.6
2026-07-17 16:44:15,2,Working,40.8,44.3,14.3,7151.7,0.6,0.6
2026-07-17 16:44:16,2,Talking,41.5,44.3,14.3,7151.7,0.6,0.6
2026-07-17 16:44:16,2,Working,41.5,44.3,14.3,7152.0,0.6,0.6
2026-07-17 16:44:17,2,Talking,42.1,44.3,14.3,7152.0,0.6,0.6
2026-07-17 16:44:17,2,Working,42.1,44.3,14.3,7152.3,0.6,0.6
2026-07-17 16:44:17,2,Talking,42.5,44.3,14.3,7152.3,0.6,0.6
2026-07-17 16:44:22,30,Working,41.6,11.8,0.0,88.1,29.4,29.4
2026-07-17 16:44:22,2,Working,42.5,44.3,14.3,7157.3,0.6,0.6
2026-07-17 16:44:22,31,Looking Away,0.0,5.6,0.0,50.6,0.0,0.0
2026-07-17 16:44:23,2,Talking,42.8,44.3,14.3,7157.3,0.6,0.6
2026-07-17 16:44:23,31,Talking,0.0,6.0,0.0,50.6,0.0,0.0
2026-07-17 16:44:23,2,Working,42.8,44.3,14.3,7157.6,0.6,0.6
2026-07-17 16:44:23,30,Talking,42.7,11.8,0.0,88.1,30.0,30.0
2026-07-17 16:44:23,2,Talking,43.2,44.3,14.3,7157.6,0.6,0.6
2026-07-17 16:44:23,30,Working,42.7,11.8,0.0,88.4,29.9,29.9
2026-07-17 16:44:24,2,Working,43.2,44.3,14.3,7158.0,0.6,0.6
2026-07-17 16:44:24,30,Talking,43.1,11.8,0.0,88.4,30.1,30.1
2026-07-17 16:44:24,30,Working,43.1,11.8,0.0,88.7,30.0,30.0
2026-07-17 16:44:24,31,Looking Away,0.0,6.0,0.0,51.9,0.0,0.0
2026-07-17 16:44:25,30,Talking,44.1,11.8,0.0,88.7,30.5,30.5
2026-07-17 16:44:25,31,Talking,0.0,7.0,0.0,51.9,0.0,0.0
2026-07-17 16:44:27,30,Working,44.1,11.8,0.0,90.6,30.1,30.1
2026-07-17 16:44:27,31,Looking Away,0.0,7.0,0.0,53.8,0.0,0.0
2026-07-17 16:44:27,30,Talking,44.5,11.8,0.0,90.6,30.3,30.3
2026-07-17 16:44:27,31,Talking,0.0,7.3,0.0,53.8,0.0,0.0
2026-07-17 16:44:28,30,Working,44.5,11.8,0.0,91.0,30.2,30.2
2026-07-17 16:44:28,31,Looking Away,0.0,7.3,0.0,54.2,0.0,0.0
2026-07-17 16:44:28,2,Talking,47.5,44.3,14.3,7158.0,0.7,0.7
2026-07-17 16:44:28,31,Talking,0.0,7.7,0.0,54.2,0.0,0.0
2026-07-17 16:44:28,2,Working,47.5,44.3,14.3,7158.3,0.7,0.7
2026-07-17 16:44:28,31,Looking Away,0.0,7.7,0.0,54.5,0.0,0.0
2026-07-17 16:44:31,30,Talking,47.5,11.8,0.0,91.0,31.6,31.6
2026-07-17 16:44:31,31,Talking,0.0,10.0,0.0,54.5,0.0,0.0
2026-07-17 16:44:32,30,Working,47.5,11.8,0.0,92.7,31.3,31.3
2026-07-17 16:44:32,31,Looking Away,0.0,10.0,0.0,56.2,0.0,0.0
2026-07-17 16:44:34,2,Talking,52.9,44.3,14.3,7158.3,0.7,0.7
2026-07-17 16:44:34,30,Talking,48.9,11.8,0.0,92.7,31.9,31.9
2026-07-17 16:44:34,31,Talking,0.0,11.4,0.0,56.2,0.0,0.0
2026-07-17 16:44:34,30,Working,48.9,11.8,0.0,93.1,31.8,31.8
2026-07-17 16:44:35,2,Working,52.9,44.3,14.3,7159.3,0.7,0.7
2026-07-17 16:44:35,31,Looking Away,0.0,11.4,0.0,57.2,0.0,0.0
2026-07-17 16:44:35,2,Talking,53.3,44.3,14.3,7159.3,0.7,0.7
2026-07-17 16:44:35,31,Talking,0.0,11.8,0.0,57.2,0.0,0.0
2026-07-17 16:44:36,30,Talking,50.9,11.8,0.0,93.1,32.7,32.7
2026-07-17 16:44:36,2,Working,53.3,44.3,14.3,7160.7,0.7,0.7
2026-07-17 16:44:36,30,Working,50.9,11.8,0.0,93.4,32.6,32.6
2026-07-17 16:44:36,31,Looking Away,0.0,11.8,0.0,58.6,0.0,0.0
2026-07-17 16:44:37,30,Talking,51.3,11.8,0.0,93.4,32.8,32.8
2026-07-17 16:44:37,31,Talking,0.0,12.2,0.0,58.6,0.0,0.0
2026-07-17 16:44:37,30,Working,51.3,11.8,0.0,93.7,32.7,32.7
2026-07-17 16:44:37,31,Looking Away,0.0,12.2,0.0,59.0,0.0,0.0
2026-07-17 16:44:38,30,Talking,51.7,11.8,0.0,93.7,32.9,32.9
2026-07-17 16:44:38,31,Talking,0.0,12.5,0.0,59.0,0.0,0.0
2026-07-17 16:44:38,2,Talking,54.7,44.3,14.3,7160.7,0.8,0.8
2026-07-17 16:44:38,2,Working,54.7,44.3,14.3,7161.1,0.8,0.8
2026-07-17 16:44:39,2,Talking,55.1,44.3,14.3,7161.1,0.8,0.8
2026-07-17 16:44:39,30,Working,51.7,11.8,0.0,94.8,32.7,32.7
2026-07-17 16:44:39,2,Working,55.1,44.3,14.3,7162.0,0.8,0.8
2026-07-17 16:44:39,31,Looking Away,0.0,12.5,0.0,60.9,0.0,0.0
2026-07-17 16:44:40,2,Talking,55.4,44.3,14.3,7162.0,0.8,0.8
2026-07-17 16:44:40,31,Talking,0.0,12.8,0.0,60.9,0.0,0.0
2026-07-17 16:44:40,2,Working,55.4,44.3,14.3,7162.4,0.8,0.8
2026-07-17 16:44:40,31,Looking Away,0.0,12.8,0.0,61.4,0.0,0.0
2026-07-17 16:44:41,2,Talking,55.8,44.3,14.3,7162.4,0.8,0.8
2026-07-17 16:44:41,31,Talking,0.0,13.3,0.0,61.4,0.0,0.0
2026-07-17 16:44:41,2,Working,55.8,44.3,14.3,7162.7,0.8,0.8
2026-07-17 16:44:41,30,Talking,54.1,11.8,0.0,94.8,33.7,33.7
2026-07-17 16:44:41,30,Working,54.1,11.8,0.0,95.2,33.6,33.6
2026-07-17 16:44:41,31,Looking Away,0.0,13.3,0.0,62.1,0.0,0.0
2026-07-17 16:44:42,30,Talking,54.5,11.8,0.0,95.2,33.8,33.8
2026-07-17 16:44:42,31,Talking,0.0,13.6,0.0,62.1,0.0,0.0
2026-07-17 16:44:42,2,Talking,57.0,44.3,14.3,7162.7,0.8,0.8
2026-07-17 16:44:42,30,Working,54.5,11.8,0.0,95.6,33.7,33.7
2026-07-17 16:44:43,30,Talking,54.9,11.8,0.0,95.6,33.8,33.8
2026-07-17 16:44:43,30,Working,54.9,11.8,0.0,95.9,33.8,33.8
2026-07-17 16:44:43,2,Working,57.0,44.3,14.3,7163.8,0.8,0.8
2026-07-17 16:44:43,30,Talking,55.2,11.8,0.0,95.9,33.9,33.9
2026-07-17 16:44:44,2,Talking,57.3,44.3,14.3,7163.8,0.8,0.8
2026-07-17 16:44:44,2,Working,57.3,44.3,14.3,7164.1,0.8,0.8
2026-07-17 16:44:44,2,Talking,57.7,44.3,14.3,7164.1,0.8,0.8
2026-07-17 16:44:44,30,Working,55.2,11.8,0.0,96.9,33.7,33.7
2026-07-17 16:44:45,2,Working,57.7,44.3,14.3,7164.5,0.8,0.8
2026-07-17 16:44:45,30,Talking,55.5,11.8,0.0,96.9,33.8,33.8
2026-07-17 16:44:45,2,Talking,58.0,44.3,14.3,7164.5,0.8,0.8
2026-07-17 16:44:45,30,Working,55.5,11.8,0.0,97.3,33.8,33.8
2026-07-17 16:44:45,2,Working,58.0,44.3,14.3,7164.8,0.8,0.8
2026-07-17 16:44:45,30,Talking,55.9,11.8,0.0,97.3,33.9,33.9
2026-07-17 16:44:47,30,Working,55.9,11.8,0.0,98.6,33.6,33.6
2026-07-17 16:44:47,31,Looking Away,0.0,13.6,0.0,67.0,0.0,0.0
2026-07-17 16:44:47,2,Talking,59.7,44.3,14.3,7164.8,0.8,0.8
2026-07-17 16:44:47,31,Talking,0.0,14.0,0.0,67.0,0.0,0.0
2026-07-17 16:44:47,2,Working,59.7,44.3,14.3,7165.2,0.8,0.8
2026-07-17 16:44:47,30,Talking,56.7,11.8,0.0,98.6,33.9,33.9
2026-07-17 16:44:48,2,Talking,60.1,44.3,14.3,7165.2,0.8,0.8
2026-07-17 16:44:48,2,Working,60.1,44.3,14.3,7165.6,0.8,0.8
2026-07-17 16:44:48,30,Working,56.7,11.8,0.0,99.4,33.8,33.8
2026-07-17 16:44:48,31,Looking Away,0.0,14.0,0.0,68.2,0.0,0.0
2026-07-17 16:44:49,2,Talking,60.4,44.3,14.3,7165.6,0.8,0.8
2026-07-17 16:44:49,31,Talking,0.0,14.3,0.0,68.2,0.0,0.0
2026-07-17 16:44:49,2,Working,60.4,44.3,14.3,7166.4,0.8,0.8
2026-07-17 16:44:49,31,Looking Away,0.0,14.3,0.0,68.9,0.0,0.0
2026-07-17 16:44:50,2,Talking,61.2,44.3,14.3,7166.4,0.8,0.8
2026-07-17 16:44:50,30,Talking,58.5,11.8,0.0,99.4,34.5,34.5
2026-07-17 16:44:50,31,Talking,0.0,15.1,0.0,68.9,0.0,0.0
2026-07-17 16:44:50,30,Working,58.5,11.8,0.0,99.8,34.4,34.4
2026-07-17 16:44:51,2,Working,61.2,44.3,14.3,7167.9,0.8,0.8
2026-07-17 16:44:51,30,Talking,59.6,11.8,0.0,99.8,34.8,34.8
2026-07-17 16:44:52,2,Talking,61.5,44.3,14.3,7167.9,0.8,0.8
2026-07-17 16:44:52,30,Working,59.6,11.8,0.0,100.5,34.7,34.7
2026-07-17 16:44:53,2,Working,61.5,44.3,14.3,7168.6,0.8,0.8
2026-07-17 16:44:53,30,Talking,60.0,11.8,0.0,100.5,34.8,34.8
2026-07-17 16:44:53,2,Talking,61.8,44.3,14.3,7168.6,0.8,0.8
2026-07-17 16:44:53,30,Working,60.0,11.8,0.0,100.8,34.8,34.8
2026-07-17 16:44:53,2,Working,61.8,44.3,14.3,7169.0,0.8,0.8
2026-07-17 16:44:53,31,Looking Away,0.0,15.1,0.0,72.1,0.0,0.0
2026-07-17 16:44:54,2,Talking,62.6,44.3,14.3,7169.0,0.9,0.9
2026-07-17 16:44:54,31,Talking,0.0,15.8,0.0,72.1,0.0,0.0
2026-07-17 16:44:54,2,Working,62.6,44.3,14.3,7169.3,0.9,0.9
2026-07-17 16:44:54,30,Talking,61.4,11.8,0.0,100.8,35.3,35.3
2026-07-17 16:44:55,2,Talking,63.2,44.3,14.3,7169.3,0.9,0.9
2026-07-17 16:44:55,2,Working,63.2,44.3,14.3,7169.6,0.9,0.9
2026-07-17 16:44:55,26,No Laptop,182.8,8.5,0.0,0.7,95.2,95.2
2026-07-17 16:44:55,30,Looking Away,61.4,11.8,0.0,101.8,35.1,35.1
2026-07-17 16:44:56,30,Working,61.4,12.1,0.0,101.8,35.0,35.0
2026-07-17 16:44:56,2,Looking Away,64.0,44.3,14.3,7169.6,0.9,0.9
2026-07-17 16:44:56,2,Working,64.0,44.7,14.3,7169.6,0.9,0.9
2026-07-17 16:44:57,30,Looking Away,62.6,12.1,0.0,101.8,35.5,35.5
2026-07-17 16:44:57,2,Looking Away,64.7,44.7,14.3,7169.6,0.9,0.9
2026-07-17 16:44:57,30,Working,62.6,12.5,0.0,101.8,35.4,35.4
2026-07-17 16:44:58,2,Talking,64.7,45.1,14.3,7169.6,0.9,0.9
2026-07-17 16:44:58,30,Talking,62.9,12.5,0.0,101.8,35.5,35.5
2026-07-17 16:44:58,2,Looking Away,64.7,45.1,14.3,7170.0,0.9,0.9
2026-07-17 16:44:58,30,Working,62.9,12.5,0.0,102.2,35.4,35.4
2026-07-17 16:44:58,2,Working,64.7,45.5,14.3,7170.0,0.9,0.9
2026-07-17 16:44:59,2,Talking,65.1,45.5,14.3,7170.0,0.9,0.9
2026-07-17 16:44:59,30,Talking,63.7,12.5,0.0,102.2,35.7,35.7
2026-07-17 16:45:00,2,Working,65.1,45.5,14.3,7171.2,0.9,0.9
2026-07-17 16:45:00,30,Looking Away,63.7,12.5,0.0,103.4,35.5,35.5
2026-07-17 16:45:01,2,Talking,65.9,45.5,14.3,7171.2,0.9,0.9
2026-07-17 16:45:01,30,Talking,63.7,13.3,0.0,103.4,35.3,35.3
2026-07-17 16:45:01,2,Working,65.9,45.5,14.3,7171.6,0.9,0.9
2026-07-17 16:45:01,30,Looking Away,63.7,13.3,0.0,103.8,35.2,35.2
2026-07-17 16:45:02,2,Talking,66.7,45.5,14.3,7171.6,0.9,0.9
2026-07-17 16:45:02,30,Talking,63.7,14.1,0.0,103.8,35.1,35.1
2026-07-17 16:45:02,2,Working,66.7,45.5,14.3,7172.0,0.9,0.9
2026-07-17 16:45:02,30,Looking Away,63.7,14.1,0.0,104.2,35.0,35.0
2026-07-17 16:45:03,2,Talking,67.5,45.5,14.3,7172.0,0.9,0.9
2026-07-17 16:45:03,30,Talking,63.7,14.9,0.0,104.2,34.9,34.9
2026-07-17 16:45:06,2,Working,67.5,45.5,14.3,7174.5,0.9,0.9
2026-07-17 16:45:06,30,Looking Away,63.7,14.9,0.0,106.7,34.4,34.4
2026-07-17 16:45:06,2,Talking,67.9,45.5,14.3,7174.5,0.9,0.9
2026-07-17 16:45:06,30,Talking,63.7,15.3,0.0,106.7,34.3,34.3
2026-07-17 16:45:08,2,Working,67.9,45.5,14.3,7175.9,0.9,0.9
2026-07-17 16:45:08,30,Looking Away,63.7,15.3,0.0,108.2,34.1,34.1
2026-07-17 16:45:08,2,Talking,68.8,45.5,14.3,7175.9,0.9,0.9
2026-07-17 16:45:08,30,Talking,63.7,16.2,0.0,108.2,33.9,33.9
2026-07-17 16:45:08,33,No Laptop,0.0,0.3,0.0,0.0,0.0,0.0
2026-07-17 16:45:22,2,Working,68.8,45.5,14.3,7189.5,0.9,0.9
2026-07-17 16:45:22,30,Looking Away,63.7,16.2,0.0,121.7,31.6,31.6
2026-07-17 16:45:23,2,Talking,69.9,45.5,14.3,7189.5,1.0,1.0
2026-07-17 16:45:23,30,Talking,63.7,17.3,0.0,121.7,31.4,31.4
2026-07-17 16:45:23,2,Working,69.9,45.5,14.3,7189.9,1.0,1.0
2026-07-17 16:45:23,30,Looking Away,63.7,17.3,0.0,122.1,31.4,31.4
2026-07-17 16:45:27,2,Talking,73.9,45.5,14.3,7189.9,1.0,1.0
2026-07-17 16:45:27,30,Talking,63.7,21.3,0.0,122.1,30.8,30.8
2026-07-17 16:45:28,2,Working,73.9,45.5,14.3,7190.6,1.0,1.0
2026-07-17 16:45:28,30,Looking Away,63.7,21.3,0.0,122.8,30.7,30.7
2026-07-17 16:45:41,2,Talking,87.0,45.5,14.3,7190.6,1.2,1.2
2026-07-17 16:45:41,30,Talking,63.7,34.3,0.0,122.8,28.9,28.9
2026-07-17 16:45:42,2,Working,87.0,45.5,14.3,7190.9,1.2,1.2
2026-07-17 16:45:42,30,Looking Away,63.7,34.3,0.0,123.1,28.8,28.8
2026-07-17 16:45:42,2,Talking,87.7,45.5,14.3,7190.9,1.2,1.2
2026-07-17 16:45:42,30,Talking,63.7,35.1,0.0,123.1,28.7,28.7
2026-07-17 16:45:43,2,Working,87.7,45.5,14.3,7191.3,1.2,1.2
2026-07-17 16:45:43,30,Looking Away,63.7,35.1,0.0,123.5,28.7,28.7
2026-07-17 16:45:43,2,Talking,88.5,45.5,14.3,7191.3,1.2,1.2
2026-07-17 16:45:43,30,Talking,63.7,35.8,0.0,123.5,28.6,28.6
2026-07-17 16:45:44,2,Working,88.5,45.5,14.3,7191.7,1.2,1.2
2026-07-17 16:45:44,30,Looking Away,63.7,35.8,0.0,123.9,28.5,28.5
2026-07-17 16:45:46,2,Talking,90.9,45.5,14.3,7191.7,1.2,1.2
2026-07-17 16:45:46,30,Talking,63.7,38.3,0.0,123.9,28.2,28.2
2026-07-17 16:45:47,2,Working,90.9,45.5,14.3,7192.3,1.2,1.2
2026-07-17 16:45:47,30,Looking Away,63.7,38.3,0.0,124.5,28.1,28.1
2026-07-17 16:45:47,2,Talking,91.3,45.5,14.3,7192.3,1.2,1.2
2026-07-17 16:45:47,30,Talking,63.7,38.7,0.0,124.5,28.1,28.1
2026-07-17 16:45:48,2,Working,91.3,45.5,14.3,7192.7,1.2,1.2
2026-07-17 16:45:48,30,Looking Away,63.7,38.7,0.0,124.9,28.0,28.0
2026-07-17 16:45:48,2,Talking,91.7,45.5,14.3,7192.7,1.2,1.2
2026-07-17 16:45:48,30,Talking,63.7,39.0,0.0,124.9,28.0,28.0
2026-07-17 16:45:48,2,Working,91.7,45.5,14.3,7193.1,1.2,1.2
2026-07-17 16:45:48,30,Looking Away,63.7,39.0,0.0,125.3,27.9,27.9
2026-07-17 16:45:50,2,Talking,93.8,45.5,14.3,7193.1,1.3,1.3
2026-07-17 16:45:50,30,Talking,63.7,41.1,0.0,125.3,27.7,27.7
2026-07-17 16:45:51,2,Working,93.8,45.5,14.3,7193.4,1.3,1.3
2026-07-17 16:45:51,30,Looking Away,63.7,41.1,0.0,125.6,27.7,27.7
2026-07-17 16:45:52,2,Talking,95.2,45.5,14.3,7193.4,1.3,1.3
2026-07-17 16:45:52,30,Talking,63.7,42.6,0.0,125.6,27.5,27.5
2026-07-17 16:46:00,2,Looking Away,95.2,45.5,14.3,7201.3,1.3,1.3
2026-07-17 16:46:00,30,Working,63.7,42.6,0.0,133.5,26.6,26.6
2026-07-17 16:46:01,2,Talking,95.2,45.9,14.3,7201.3,1.3,1.3
2026-07-17 16:46:01,30,Talking,64.1,42.6,0.0,133.5,26.7,26.7
2026-07-17 16:46:10,2,Working,95.2,45.9,14.3,7210.7,1.3,1.3
2026-07-17 16:46:10,30,Looking Away,64.1,42.6,0.0,142.9,25.7,25.7
2026-07-17 16:46:10,2,Looking Away,95.6,45.9,14.3,7210.7,1.3,1.3
2026-07-17 16:46:10,30,Working,64.1,43.0,0.0,142.9,25.6,25.6
2026-07-17 16:46:11,2,Talking,95.6,46.2,14.3,7210.7,1.3,1.3
2026-07-17 16:46:11,30,Talking,64.5,43.0,0.0,142.9,25.7,25.7
2026-07-17 16:46:11,2,Looking Away,95.6,46.2,14.3,7211.2,1.3,1.3
2026-07-17 16:46:11,30,Working,64.5,43.0,0.0,143.4,25.7,25.7
2026-07-17 16:46:12,2,Talking,95.6,46.6,14.3,7211.2,1.3,1.3
2026-07-17 16:46:12,30,Talking,64.8,43.0,0.0,143.4,25.8,25.8
2026-07-17 16:46:18,2,Looking Away,95.6,46.6,14.3,7217.8,1.3,1.3
2026-07-17 16:46:18,30,Working,64.8,43.0,0.0,150.0,25.1,25.1
2026-07-17 16:46:19,2,Talking,95.6,46.9,14.3,7217.8,1.3,1.3
2026-07-17 16:46:19,30,Talking,65.2,43.0,0.0,150.0,25.2,25.2
2026-07-17 16:46:30,2,Looking Away,95.6,46.9,14.3,7229.6,1.3,1.3
2026-07-17 16:46:30,30,Working,65.2,43.0,0.0,161.8,24.1,24.1
2026-07-17 16:46:32,2,Talking,95.6,48.5,14.3,7229.6,1.3,1.3
2026-07-17 16:46:32,30,Talking,66.8,43.0,0.0,161.8,24.6,24.6
2026-07-17 16:46:33,2,Looking Away,95.6,48.5,14.3,7231.0,1.3,1.3
2026-07-17 16:46:33,30,Working,66.8,43.0,0.0,163.2,24.5,24.5
2026-07-17 16:46:34,2,Talking,95.6,49.0,14.3,7231.0,1.3,1.3
2026-07-17 16:46:34,30,Talking,67.2,43.0,0.0,163.2,24.6,24.6
2026-07-17 16:46:35,2,Looking Away,95.6,49.0,14.3,7232.3,1.3,1.3
2026-07-17 16:46:35,30,Working,67.2,43.0,0.0,164.5,24.5,24.5
2026-07-17 16:46:36,2,Working,95.6,49.7,14.3,7232.3,1.3,1.3
2026-07-17 16:46:36,30,Looking Away,67.9,43.0,0.0,164.5,24.7,24.7
2026-07-17 16:46:36,2,Talking,96.0,49.7,14.3,7232.3,1.3,1.3
2026-07-17 16:46:36,30,Talking,67.9,43.3,0.0,164.5,24.6,24.6
2026-07-17 16:46:36,2,Working,96.0,49.7,14.3,7232.6,1.3,1.3
2026-07-17 16:46:36,30,Looking Away,67.9,43.3,0.0,164.8,24.6,24.6
2026-07-17 16:46:37,30,Working,67.9,43.6,0.0,164.8,24.6,24.6
2026-07-17 16:46:37,2,Talking,96.6,49.7,14.3,7232.6,1.3,1.3
2026-07-17 16:46:37,30,Talking,68.3,43.6,0.0,164.8,24.7,24.7
2026-07-17 16:46:37,2,Working,96.6,49.7,14.3,7233.0,1.3,1.3
2026-07-17 16:46:37,30,Looking Away,68.3,43.6,0.0,165.2,24.6,24.6
2026-07-17 16:46:38,2,Talking,97.0,49.7,14.3,7233.0,1.3,1.3
2026-07-17 16:46:38,30,Talking,68.3,44.0,0.0,165.2,24.6,24.6
2026-07-17 16:46:38,2,Working,97.0,49.7,14.3,7233.4,1.3,1.3
2026-07-17 16:46:38,30,Looking Away,68.3,44.0,0.0,165.6,24.6,24.6
2026-07-17 16:46:39,2,Talking,97.4,49.7,14.3,7233.4,1.3,1.3
2026-07-17 16:46:39,30,Talking,68.3,44.4,0.0,165.6,24.5,24.5
2026-07-17 16:46:57,33,Talking,0.0,109.3,0.0,0.0,0.0,0.0
2026-07-17 16:46:57,34,Talking,3.0,0.0,0.0,0.0,100.0,100.0
2026-07-17 16:46:58,33,No Laptop,0.0,109.3,0.0,0.4,0.0,0.0
2026-07-17 16:46:58,34,Working,3.0,0.0,0.0,0.4,87.1,87.1
2026-07-17 16:46:58,33,Talking,0.0,109.8,0.0,0.4,0.0,0.0
2026-07-17 16:46:58,34,Talking,3.5,0.0,0.0,0.4,88.7,88.7
2026-07-17 16:46:59,33,No Laptop,0.0,109.8,0.0,1.3,0.0,0.0
2026-07-17 16:46:59,34,Working,3.5,0.0,0.0,1.3,72.7,72.7
2026-07-17 16:47:00,33,Talking,0.0,110.2,0.0,1.3,0.0,0.0
2026-07-17 16:47:00,34,Talking,3.8,0.0,0.0,1.3,74.6,74.6
2026-07-17 16:47:00,33,No Laptop,0.0,110.2,0.0,2.0,0.0,0.0
2026-07-17 16:47:01,33,Looking Away,0.0,110.8,0.0,2.0,0.0,0.0
2026-07-17 16:47:01,33,Working,0.0,111.1,0.0,2.0,0.0,0.0
2026-07-17 16:47:01,35,No Laptop,0.0,0.4,0.0,0.0,0.0,0.0
2026-07-17 16:47:02,33,Looking Away,0.4,111.1,0.0,2.0,0.3,0.3
2026-07-17 16:47:03,33,Working,0.4,112.8,0.0,2.0,0.3,0.3
2026-07-17 16:47:04,33,Looking Away,1.4,112.8,0.0,2.0,1.2,1.2
2026-07-17 16:47:05,33,Working,1.4,113.1,0.0,2.0,1.2,1.2
2026-07-17 16:47:05,33,Looking Away,1.7,113.1,0.0,2.0,1.5,1.5
2026-07-17 16:47:06,33,Working,1.7,113.8,0.0,2.0,1.5,1.5
2026-07-17 16:47:06,33,Talking,2.1,113.8,0.0,2.0,1.7,1.7
2026-07-17 16:47:06,35,Talking,0.0,5.1,0.0,0.0,0.0,0.0
2026-07-17 16:47:07,33,Working,2.1,113.8,0.0,2.7,1.7,1.7
2026-07-17 16:47:07,35,No Laptop,0.0,5.1,0.0,0.7,0.0,0.0
2026-07-17 16:47:07,33,Talking,2.4,113.8,0.0,2.7,2.0,2.0
2026-07-17 16:47:07,35,Talking,0.0,5.4,0.0,0.7,0.0,0.0
2026-07-17 16:47:12,33,Working,2.4,113.8,0.0,8.1,1.9,1.9
2026-07-17 16:47:12,35,No Laptop,0.0,5.4,0.0,6.2,0.0,0.0
2026-07-17 16:47:13,33,Talking,2.8,113.8,0.0,8.1,2.3,2.3
2026-07-17 16:47:13,35,Talking,0.0,5.8,0.0,6.2,0.0,0.0
2026-07-17 16:47:14,33,Working,2.8,113.8,0.0,9.6,2.2,2.2
2026-07-17 16:47:14,35,No Laptop,0.0,5.8,0.0,7.6,0.0,0.0
2026-07-17 16:47:15,33,Talking,3.2,113.8,0.0,9.6,2.6,2.6
2026-07-17 16:47:15,35,Talking,0.0,6.2,0.0,7.6,0.0,0.0
2026-07-17 16:47:16,33,Working,3.2,113.8,0.0,11.1,2.5,2.5
2026-07-17 16:47:16,35,No Laptop,0.0,6.2,0.0,9.1,0.0,0.0
2026-07-17 16:47:18,2,Working,97.4,49.7,14.3,7273.2,1.3,1.3
2026-07-17 16:47:18,30,Looking Away,68.3,44.4,0.0,205.4,21.5,21.5
2026-07-17 16:47:18,33,Talking,5.5,113.8,0.0,11.1,4.2,4.2
2026-07-17 16:47:18,35,Talking,0.0,8.5,0.0,9.1,0.0,0.0
2026-07-17 16:47:19,33,Working,5.5,113.8,0.0,11.4,4.2,4.2
2026-07-17 16:47:19,35,No Laptop,0.0,8.5,0.0,9.5,0.0,0.0
2026-07-17 16:47:19,33,Talking,5.9,113.8,0.0,11.4,4.5,4.5
2026-07-17 16:47:19,35,Talking,0.0,8.9,0.0,9.5,0.0,0.0
2026-07-17 16:47:20,2,Talking,99.2,49.7,14.3,7273.2,1.3,1.3
2026-07-17 16:47:20,30,Talking,68.3,46.2,0.0,205.4,21.4,21.4
2026-07-17 16:47:20,33,Working,5.9,113.8,0.0,12.5,4.4,4.4
2026-07-17 16:47:20,35,No Laptop,0.0,8.9,0.0,10.5,0.0,0.0
2026-07-17 16:47:22,2,Working,99.2,49.7,14.3,7274.6,1.3,1.3
2026-07-17 16:47:22,30,Looking Away,68.3,46.2,0.0,206.8,21.3,21.3
2026-07-17 16:47:23,36,Looking Away,0.0,0.4,0.0,0.0,0.0,0.0
2026-07-17 16:47:34,2,Talking,111.7,49.7,14.3,7274.6,1.5,1.5
2026-07-17 16:47:34,30,Talking,68.3,58.7,0.0,206.8,20.5,20.5
2026-07-17 16:49:18,33,Talking,123.8,113.8,0.0,12.5,49.5,49.5
2026-07-17 16:49:18,35,Talking,0.0,126.8,0.0,10.5,0.0,0.0
2026-07-17 16:49:21,33,Working,123.8,113.8,0.0,15.7,48.9,48.9
2026-07-17 16:49:21,35,Looking Away,0.0,126.8,0.0,13.7,0.0,0.0
2026-07-17 16:49:24,2,Looking Away,111.7,49.7,14.3,7384.0,1.5,1.5
2026-07-17 16:49:24,30,Working,68.3,58.7,0.0,316.2,15.4,15.4
2026-07-17 16:49:24,36,Looking Away,0.0,1.0,0.0,0.0,0.0,0.0
2026-07-17 16:49:25,2,Working,111.7,50.8,14.3,7384.0,1.5,1.5
2026-07-17 16:49:25,30,Talking,69.4,58.7,0.0,316.2,15.6,15.6
2026-07-17 16:49:25,36,Talking,0.0,2.2,0.0,0.0,0.0,0.0
2026-07-17 16:49:26,30,Working,69.4,58.7,0.0,317.1,15.6,15.6
2026-07-17 16:49:26,35,Working,0.0,130.9,0.0,13.7,0.0,0.0
2026-07-17 16:49:26,36,Looking Away,0.0,2.2,0.0,0.9,0.0,0.0
2026-07-17 16:49:27,37,Looking Away,1.0,0.0,0.0,0.0,100.0,100.0
2026-07-17 16:49:28,30,Looking Away,71.5,58.7,0.0,317.1,16.0,16.0
2026-07-17 16:49:28,36,Working,0.0,4.2,0.0,0.9,0.0,0.0
2026-07-17 16:49:28,30,Working,71.5,59.5,0.0,317.1,16.0,16.0
2026-07-17 16:49:28,36,Looking Away,0.8,4.2,0.0,0.9,14.1,14.1
2026-07-17 16:49:29,30,Talking,72.2,59.5,0.0,317.1,16.1,16.1
2026-07-17 16:49:29,36,Talking,0.8,4.9,0.0,0.9,12.7,12.7
2026-07-17 16:49:30,38,Looking Away,0.0,0.7,0.0,0.0,0.0,0.0
2026-07-17 16:49:33,39,Looking Away,0.0,0.8,0.0,0.0,0.0,0.0
2026-07-17 16:49:34,40,No Laptop,0.0,0.7,0.0,0.0,0.0,0.0
2026-07-17 16:49:36,30,Working,72.2,59.5,0.0,323.5,15.9,15.9
2026-07-17 16:49:36,36,Looking Away,0.8,4.9,0.0,7.4,6.4,6.4
2026-07-17 16:49:36,41,Looking Away,0.9,0.0,0.0,0.0,100.0,100.0
2026-07-17 16:49:36,30,Talking,72.9,59.5,0.0,323.5,16.0,16.0
2026-07-17 16:49:36,36,Talking,0.8,5.7,0.0,7.4,6.1,6.1
2026-07-17 16:49:37,42,No Laptop,0.0,0.9,0.0,0.0,0.0,0.0
2026-07-17 16:49:39,30,Looking Away,72.9,59.5,0.0,326.1,15.9,15.9
2026-07-17 16:49:39,36,Working,0.8,5.7,0.0,9.9,5.1,5.1
2026-07-17 16:49:39,41,Working,0.9,3.3,0.0,0.0,20.4,20.4
2026-07-17 16:49:40,43,No Laptop,0.0,1.0,0.0,0.0,0.0,0.0
2026-07-17 16:49:41,30,Talking,72.9,61.2,0.0,326.1,15.8,15.8
2026-07-17 16:49:41,36,Talking,2.5,5.7,0.0,9.9,14.0,14.0
2026-07-17 16:49:43,44,Looking Away,0.0,0.8,0.0,0.0,0.0,0.0
2026-07-17 16:49:44,30,Looking Away,72.9,61.2,0.0,329.0,15.7,15.7
2026-07-17 16:49:44,36,Working,2.5,5.7,0.0,12.9,12.0,12.0
2026-07-17 16:49:44,45,Working,0.0,0.9,0.0,0.0,0.0,0.0
2026-07-17 16:49:44,30,Talking,72.9,62.2,0.0,329.0,15.7,15.7
2026-07-17 16:49:44,36,Talking,3.5,5.7,0.0,12.9,15.9,15.9
2026-07-17 16:49:44,46,No Laptop,0.0,1.0,0.0,0.0,0.0,0.0
2026-07-17 16:49:47,44,Talking,0.0,5.6,0.0,0.0,0.0,0.0
2026-07-17 16:49:48,47,No Laptop,0.0,1.1,0.0,0.0,0.0,0.0
2026-07-17 16:49:52,44,Working,0.0,5.6,0.0,4.6,0.0,0.0
2026-07-17 16:49:56,48,Looking Away,0.0,0.8,0.0,0.0,0.0,0.0
2026-07-17 16:49:57,30,Looking Away,72.9,62.2,0.0,341.4,15.3,15.3
2026-07-17 16:49:57,36,Working,3.5,5.7,0.0,25.3,10.2,10.2
2026-07-17 16:49:58,30,Talking,72.9,63.1,0.0,341.4,15.3,15.3
2026-07-17 16:49:58,36,Talking,4.4,5.7,0.0,25.3,12.5,12.5
2026-07-17 16:49:58,49,Looking Away,0.0,0.9,0.0,0.0,0.0,0.0
2026-07-17 16:49:59,30,Working,72.9,63.1,0.0,342.3,15.2,15.2
2026-07-17 16:49:59,36,Working,4.4,5.7,0.0,26.1,12.3,12.3
2026-07-17 16:49:59,49,Working,0.0,1.8,0.0,0.0,0.0,0.0
2026-07-17 16:50:00,50,Looking Away,0.0,1.2,0.0,0.0,0.0,0.0
2026-07-17 16:50:02,30,Looking Away,76.0,63.1,0.0,342.3,15.8,15.8
2026-07-17 16:50:03,30,Talking,76.0,64.0,0.0,342.3,15.8,15.8
2026-07-17 16:50:03,36,Talking,8.4,5.7,0.0,26.1,20.8,20.8
2026-07-17 16:50:03,30,Working,76.0,64.0,0.0,343.1,15.7,15.7
2026-07-17 16:50:03,36,Looking Away,8.4,5.7,0.0,26.9,20.5,20.5
2026-07-17 16:50:03,45,Looking Away,19.9,0.9,0.0,0.0,95.6,95.6
2026-07-17 16:50:04,30,Talking,76.9,64.0,0.0,343.1,15.9,15.9
2026-07-17 16:50:04,36,Talking,8.4,6.6,0.0,26.9,20.0,20.0
2026-07-17 16:50:04,50,Working,0.0,5.7,0.0,0.0,0.0,0.0
2026-07-17 16:50:04,51,No Laptop,0.0,0.9,0.0,0.0,0.0,0.0
2026-07-17 16:50:05,50,Looking Away,0.8,5.7,0.0,0.0,11.9,11.9
2026-07-17 16:50:06,30,Working,76.9,64.0,0.0,344.6,15.8,15.8
2026-07-17 16:50:06,36,Looking Away,8.4,6.6,0.0,28.5,19.3,19.3
2026-07-17 16:50:08,50,Working,0.8,8.1,0.0,0.0,8.6,8.6
2026-07-17 16:50:10,45,Working,19.9,7.3,0.0,0.0,73.1,73.1
2026-07-17 16:50:11,45,Looking Away,20.6,7.3,0.0,0.0,73.9,73.9
2026-07-17 16:50:11,45,No Laptop,20.6,8.0,0.0,0.0,72.1,72.1
2026-07-17 16:50:11,52,Looking Away,0.0,0.7,0.0,0.0,0.0,0.0
2026-07-17 16:50:12,30,Looking Away,83.0,64.0,0.0,344.6,16.9,16.9
2026-07-17 16:50:12,45,Working,20.6,8.8,0.0,0.0,70.1,70.1
2026-07-17 16:50:13,45,Looking Away,21.5,8.8,0.0,0.0,71.0,71.0
2026-07-17 16:50:15,30,Talking,83.0,66.5,0.0,344.6,16.8,16.8
2026-07-17 16:50:15,45,Working,21.5,10.4,0.0,0.0,67.4,67.4
2026-07-17 16:50:15,50,Talking,7.7,8.1,0.0,0.0,48.6,48.6
2026-07-17 16:50:15,30,Working,83.0,66.5,0.0,345.5,16.8,16.8
2026-07-17 16:50:15,50,Looking Away,7.7,8.1,0.0,0.9,46.1,46.1
2026-07-17 16:50:16,53,Looking Away,1.9,0.0,0.0,0.0,100.0,100.0
2026-07-17 16:50:18,54,Looking Away,1.1,0.0,0.0,0.0,100.0,100.0
2026-07-17 16:50:20,55,Looking Away,0.0,0.7,0.0,0.0,0.0,0.0
2026-07-17 16:50:21,30,Looking Away,88.9,66.5,0.0,345.5,17.7,17.7
2026-07-17 16:50:21,53,Working,1.9,4.8,0.0,0.0,28.3,28.3
2026-07-17 16:50:22,30,Working,88.9,67.3,0.0,345.5,17.7,17.7
2026-07-17 16:50:23,30,Looking Away,89.7,67.3,0.0,345.5,17.9,17.9
2026-07-17 16:50:24,30,Working,89.7,68.2,0.0,345.5,17.8,17.8
2026-07-17 16:50:24,54,Working,1.1,6.2,0.0,0.0,14.8,14.8
2026-07-17 16:50:25,30,Looking Away,90.6,68.2,0.0,345.5,18.0,18.0
2026-07-17 16:50:26,30,Talking,90.6,69.9,0.0,345.5,17.9,17.9
2026-07-17 16:50:26,54,Talking,3.7,6.2,0.0,0.0,37.5,37.5
2026-07-17 16:50:27,30,Looking Away,90.6,69.9,0.0,346.4,17.9,17.9
2026-07-17 16:50:27,54,Working,3.7,6.2,0.0,0.9,34.5,34.5
2026-07-17 16:50:30,45,Looking Away,36.9,10.4,0.0,0.0,78.0,78.0
2026-07-17 16:50:31,30,Talking,90.6,73.5,0.0,346.4,17.8,17.8
2026-07-17 16:50:31,54,Talking,7.3,6.2,0.0,0.9,50.5,50.5
2026-07-17 16:50:41,45,No Laptop,36.9,21.0,0.0,0.0,63.8,63.8
2026-07-17 16:50:42,56,No Laptop,0.0,1.1,0.0,0.0,0.0,0.0
2026-07-17 16:50:44,45,Working,36.9,24.1,0.0,0.0,60.5,60.5
2026-07-17 16:50:44,56,Working,0.0,3.1,0.0,0.0,0.0,0.0
2026-07-17 16:50:45,30,Working,90.6,73.5,0.0,360.2,17.3,17.3
2026-07-17 16:50:45,54,Looking Away,7.3,6.2,0.0,14.7,25.7,25.7
2026-07-17 16:50:46,30,Looking Away,91.5,73.5,0.0,360.2,17.4,17.4
2026-07-17 16:50:46,30,Working,91.5,74.2,0.0,360.2,17.4,17.4
2026-07-17 16:50:47,30,Talking,92.1,74.2,0.0,360.2,17.5,17.5
2026-07-17 16:50:47,56,Talking,3.3,3.1,0.0,0.0,51.2,51.2
2026-07-17 16:50:48,30,Looking Away,92.1,74.2,0.0,361.7,17.5,17.5
2026-07-17 16:50:48,56,Working,3.3,3.1,0.0,1.4,41.9,41.9
2026-07-17 16:50:49,30,Talking,92.1,74.9,0.0,361.7,17.4,17.4
2026-07-17 16:50:49,56,Talking,4.0,3.1,0.0,1.4,46.8,46.8
2026-07-17 16:50:50,45,No Laptop,43.0,24.1,0.0,0.0,64.0,64.0
2026-07-17 16:50:50,57,No Laptop,0.0,0.8,0.0,0.0,0.0,0.0
2026-07-17 16:50:51,30,Looking Away,92.1,74.9,0.0,363.8,17.4,17.4
2026-07-17 16:50:51,45,Looking Away,43.0,25.6,0.0,0.0,62.6,62.6
2026-07-17 16:50:51,56,Working,4.0,3.1,0.0,3.6,37.4,37.4
2026-07-17 16:50:51,57,Working,0.0,1.5,0.0,0.0,0.0,0.0
2026-07-17 16:50:52,30,Talking,92.1,75.7,0.0,363.8,17.3,17.3
2026-07-17 16:50:52,56,Talking,4.8,3.1,0.0,3.6,41.8,41.8
2026-07-17 16:50:53,30,Working,92.1,75.7,0.0,364.6,17.3,17.3
2026-07-17 16:50:53,56,Looking Away,4.8,3.1,0.0,4.4,39.0,39.0
2026-07-17 16:50:54,30,Talking,93.0,75.7,0.0,364.6,17.4,17.4
2026-07-17 16:50:54,56,Talking,4.8,4.0,0.0,4.4,36.4,36.4
2026-07-17 16:50:56,30,Working,93.0,75.7,0.0,366.4,17.4,17.4
2026-07-17 16:50:56,45,Talking,43.0,29.9,0.0,0.0,59.0,59.0
2026-07-17 16:50:56,58,Looking Away,0.9,0.0,0.0,0.0,100.0,100.0
2026-07-17 16:50:57,58,Working,0.9,1.8,0.0,0.0,33.9,33.9
2026-07-17 16:50:58,30,Talking,95.8,75.7,0.0,366.4,17.8,17.8
2026-07-17 16:50:58,58,Looking Away,1.8,1.8,0.0,0.0,50.1,50.1
2026-07-17 16:50:59,58,Working,1.8,2.8,0.0,0.0,39.8,39.8
2026-07-17 16:51:01,30,Looking Away,95.8,75.7,0.0,369.1,17.7,17.7
2026-07-17 16:51:01,45,Looking Away,43.0,29.9,0.0,5.4,54.9,54.9
2026-07-17 16:51:01,56,Working,4.8,4.0,0.0,11.6,23.6,23.6
2026-07-17 16:51:02,58,Looking Away,4.6,2.8,0.0,0.0,62.5,62.5
2026-07-17 16:51:03,30,Talking,95.8,77.8,0.0,369.1,17.7,17.7
2026-07-17 16:51:03,45,Talking,43.0,31.9,0.0,5.4,53.5,53.5
2026-07-17 16:51:03,56,Talking,6.8,4.0,0.0,11.6,30.4,30.4
2026-07-17 16:51:03,58,Talking,4.6,3.8,0.0,0.0,55.3,55.3
2026-07-17 16:51:08,58,Working,4.6,3.8,0.0,5.0,34.7,34.7
2026-07-17 16:51:09,58,Talking,5.8,3.8,0.0,5.0,40.0,40.0
2026-07-17 16:51:10,58,Working,5.8,3.8,0.0,6.1,37.2,37.2
2026-07-17 16:51:12,58,Talking,7.8,3.8,0.0,6.1,44.4,44.4
2026-07-17 16:51:15,45,Looking Away,43.0,31.9,0.0,17.8,46.4,46.4
2026-07-17 16:51:15,56,Working,6.8,4.0,0.0,23.9,19.6,19.6
2026-07-17 16:51:16,30,Working,95.8,77.8,0.0,382.3,17.2,17.2
2026-07-17 16:51:16,45,Talking,43.0,32.8,0.0,17.8,45.9,45.9
2026-07-17 16:51:16,56,Talking,7.7,4.0,0.0,23.9,21.6,21.6
2026-07-17 16:51:17,30,Talking,96.5,77.8,0.0,382.3,17.3,17.3
2026-07-17 16:51:18,61,Looking Away,0.8,0.0,0.0,0.0,100.0,100.0
2026-07-17 16:51:19,61,Working,0.8,0.8,0.0,0.0,50.7,50.7
2026-07-17 16:51:20,61,Looking Away,2.4,0.8,0.0,0.0,74.8,74.8
2026-07-17 16:51:21,61,Working,2.4,1.5,0.0,0.0,61.0,61.0
2026-07-17 16:51:22,61,No Laptop,3.1,1.5,0.0,0.0,67.1,67.1
2026-07-17 16:51:22,30,Working,96.5,77.8,0.0,387.8,17.2,17.2
2026-07-17 16:51:22,56,Working,7.7,4.0,0.0,30.1,18.4,18.4
2026-07-17 16:51:22,61,Looking Away,3.1,2.4,0.0,0.0,56.9,56.9
2026-07-17 16:51:22,62,Working,0.0,0.8,0.0,0.0,0.0,0.0
2026-07-17 16:51:24,30,Talking,97.7,77.8,0.0,387.8,17.3,17.3
2026-07-17 16:51:24,56,Talking,8.9,4.0,0.0,30.1,20.6,20.6
2026-07-17 16:51:24,62,Looking Away,1.2,0.8,0.0,0.0,58.1,58.1
2026-07-17 16:51:24,63,Looking Away,0.0,1.2,0.0,0.0,0.0,0.0
2026-07-17 16:51:25,30,Working,97.7,77.8,0.0,388.8,17.3,17.3
2026-07-17 16:51:25,56,Looking Away,8.9,4.0,0.0,31.1,20.1,20.1
2026-07-17 16:51:26,30,Talking,98.7,77.8,0.0,388.8,17.5,17.5
2026-07-17 16:51:26,56,Talking,8.9,5.1,0.0,31.1,19.7,19.7
2026-07-17 16:51:28,56,Working,8.9,5.1,0.0,33.0,18.9,18.9
2026-07-17 16:51:28,62,Talking,1.2,4.8,0.0,0.0,19.5,19.5
2026-07-17 16:51:28,30,Working,98.7,77.8,0.0,391.5,17.4,17.4
2026-07-17 16:51:29,56,Talking,10.3,5.1,0.0,33.0,21.3,21.3
2026-07-17 16:51:29,63,Talking,0.0,6.6,0.0,0.0,0.0,0.0
2026-07-17 16:51:31,30,Talking,101.1,77.8,0.0,391.5,17.7,17.7
2026-07-17 16:51:31,65,Looking Away,0.0,0.9,0.0,0.0,0.0,0.0
2026-07-17 16:51:31,30,Working,101.1,77.8,0.0,392.3,17.7,17.7
2026-07-17 16:51:31,56,Working,10.3,5.1,0.0,35.5,20.3,20.3
2026-07-17 16:51:31,63,Working,0.0,6.6,0.0,2.5,0.0,0.0
2026-07-17 16:51:32,30,Talking,102.0,77.8,0.0,392.3,17.8,17.8
2026-07-17 16:51:32,56,Talking,11.2,5.1,0.0,35.5,21.6,21.6
2026-07-17 16:51:32,63,Talking,0.9,6.6,0.0,2.5,8.7,8.7
2026-07-17 16:51:33,30,Working,102.0,77.8,0.0,393.0,17.8,17.8
2026-07-17 16:51:35,30,Talking,104.2,77.8,0.0,393.0,18.1,18.1
2026-07-17 16:51:36,56,Working,11.2,5.1,0.0,39.4,20.1,20.1
2026-07-17 16:51:36,66,No Laptop,0.0,0.9,0.0,0.0,0.0,0.0
2026-07-17 16:51:37,30,Working,104.2,77.8,0.0,394.7,18.1,18.1
2026-07-17 16:51:37,56,Talking,12.0,5.1,0.0,39.4,21.2,21.2
2026-07-17 16:51:38,30,Talking,105.1,77.8,0.0,394.7,18.2,18.2
2026-07-17 16:51:39,30,Working,105.1,77.8,0.0,395.7,18.2,18.2
2026-07-17 16:51:40,30,Talking,106.0,77.8,0.0,395.7,18.3,18.3
2026-07-17 16:51:42,30,Working,106.0,77.8,0.0,397.8,18.2,18.2
2026-07-17 16:51:42,67,Looking Away,4.0,0.0,0.0,0.0,100.0,100.0
2026-07-17 16:51:43,30,Talking,107.0,77.8,0.0,397.8,18.4,18.4
2026-07-17 16:51:43,63,Working,0.9,6.6,0.0,13.1,4.2,4.2
2026-07-17 16:51:43,67,Working,4.0,1.0,0.0,0.0,79.9,79.9
2026-07-17 16:51:44,30,Working,107.0,77.8,0.0,399.0,18.3,18.3
2026-07-17 16:51:44,63,Talking,2.0,6.6,0.0,13.1,9.2,9.2
2026-07-17 16:51:46,56,Looking Away,12.0,5.1,0.0,48.0,18.4,18.4
2026-07-17 16:51:46,30,Talking,109.3,77.8,0.0,399.0,18.6,18.6
2026-07-17 16:51:46,56,Talking,12.0,5.9,0.0,48.0,18.2,18.2
2026-07-17 16:51:46,68,Looking Away,0.0,0.8,0.0,0.0,0.0,0.0
2026-07-17 16:51:47,30,Working,109.3,77.8,0.0,399.7,18.6,18.6
2026-07-17 16:51:47,56,Looking Away,12.0,5.9,0.0,48.7,18.0,18.0
2026-07-17 16:51:48,30,Talking,110.4,77.8,0.0,399.7,18.8,18.8
2026-07-17 16:51:48,56,Talking,12.0,7.1,0.0,48.7,17.7,17.7
2026-07-17 16:51:48,69,Looking Away,0.0,1.1,0.0,0.0,0.0,0.0
2026-07-17 16:51:53,30,Working,110.4,77.8,0.0,404.0,18.6,18.6
2026-07-17 16:51:53,69,Talking,0.0,5.4,0.0,0.0,0.0,0.0
2026-07-17 16:51:55,30,Talking,113.1,77.8,0.0,404.0,19.0,19.0
2026-07-17 16:51:56,30,Working,113.1,77.8,0.0,404.9,19.0,19.0
2026-07-17 16:51:56,56,Working,12.0,7.1,0.0,56.6,15.8,15.8
2026-07-17 16:51:56,66,Working,0.0,20.8,0.0,0.0,0.0,0.0
2026-07-17 16:51:56,69,Looking Away,0.0,5.4,0.0,3.6,0.0,0.0
2026-07-17 16:51:57,71,No Laptop,0.0,1.3,0.0,0.0,0.0,0.0
2026-07-17 16:51:59,30,Talking,115.6,77.8,0.0,404.9,19.3,19.3
2026-07-17 16:51:59,56,Talking,14.5,7.1,0.0,56.6,18.5,18.5
2026-07-17 16:51:59,69,Talking,0.0,7.9,0.0,3.6,0.0,0.0
2026-07-17 16:52:05,72,Looking Away,0.0,1.2,0.0,0.0,0.0,0.0
2026-07-17 16:52:08,30,Working,115.6,77.8,0.0,413.8,19.0,19.0
2026-07-17 16:52:08,56,Looking Away,14.5,7.1,0.0,65.5,16.6,16.6
2026-07-17 16:52:09,30,Looking Away,116.7,77.8,0.0,413.8,19.2,19.2
2026-07-17 16:52:09,56,Working,14.5,8.1,0.0,65.5,16.4,16.4
2026-07-17 16:52:09,72,Working,0.0,4.5,0.0,0.0,0.0,0.0
2026-07-17 16:52:10,30,Talking,116.7,79.0,0.0,413.8,19.2,19.2
2026-07-17 16:52:10,56,Talking,15.7,8.1,0.0,65.5,17.6,17.6
2026-07-17 16:52:12,30,Working,116.7,79.0,0.0,415.8,19.1,19.1
2026-07-17 16:52:12,56,Looking Away,15.7,8.1,0.0,67.4,17.2,17.2
2026-07-17 16:52:13,30,Talking,117.6,79.0,0.0,415.8,19.2,19.2
2026-07-17 16:52:13,56,Talking,15.7,9.0,0.0,67.4,17.0,17.0
2026-07-17 16:52:27,30,Working,117.6,79.0,0.0,430.2,18.8,18.8
2026-07-17 16:52:27,56,Looking Away,15.7,9.0,0.0,81.9,14.7,14.7
2026-07-17 16:52:28,30,Talking,118.7,79.0,0.0,430.2,18.9,18.9
2026-07-17 16:52:28,56,Talking,15.7,10.1,0.0,81.9,14.6,14.6
2026-07-17 16:52:32,30,Working,118.7,79.0,0.0,433.6,18.8,18.8
2026-07-17 16:52:32,56,Looking Away,15.7,10.1,0.0,85.3,14.1,14.1
2026-07-17 16:52:33,30,Talking,120.5,79.0,0.0,433.6,19.0,19.0
2026-07-17 16:52:33,56,Talking,15.7,11.9,0.0,85.3,13.9,13.9
2026-07-17 16:52:33,73,Working,0.0,1.0,0.0,0.0,0.0,0.0
2026-07-17 16:52:37,74,Looking Away,0.0,1.1,0.0,0.0,0.0,0.0
2026-07-17 16:52:37,75,Working,0.0,1.1,0.0,0.0,0.0,0.0
2026-07-17 16:52:40,30,Working,120.5,79.0,0.0,440.3,18.8,18.8
2026-07-17 16:52:40,56,Looking Away,15.7,11.9,0.0,92.0,13.1,13.1
2026-07-17 16:52:41,30,Talking,121.8,79.0,0.0,440.3,19.0,19.0
2026-07-17 16:52:41,56,Talking,15.7,13.2,0.0,92.0,13.0,13.0
2026-07-17 16:52:41,74,Talking,0.0,6.0,0.0,0.0,0.0,0.0
2026-07-17 16:52:41,75,No Laptop,4.9,1.1,0.0,0.0,81.1,81.1
2026-07-17 16:52:46,30,Working,121.8,79.0,0.0,444.8,18.9,18.9
2026-07-17 16:52:47,30,Talking,122.9,79.0,0.0,444.8,19.0,19.0
2026-07-17 16:52:48,30,Looking Away,122.9,79.0,0.0,445.8,19.0,19.0
2026-07-17 16:52:48,56,Working,15.7,13.2,0.0,98.6,12.3,12.3
2026-07-17 16:52:49,30,Working,122.9,79.9,0.0,445.8,18.9,18.9
2026-07-17 16:52:49,56,Looking Away,16.7,13.2,0.0,98.6,13.0,13.0
2026-07-17 16:52:52,56,Working,16.7,15.8,0.0,98.6,12.7,12.7
2026-07-17 16:52:53,56,Looking Away,17.7,15.8,0.0,98.6,13.4,13.4
2026-07-17 16:52:54,30,Looking Away,127.6,79.9,0.0,445.8,19.5,19.5
2026-07-17 16:52:54,56,Working,17.7,16.9,0.0,98.6,13.3,13.3
2026-07-17 16:52:55,30,Talking,127.6,80.8,0.0,445.8,19.5,19.5
2026-07-17 16:52:55,56,Talking,18.6,16.9,0.0,98.6,13.9,13.9
2026-07-17 16:52:55,75,Working,4.9,15.1,0.0,0.0,24.4,24.4
2026-07-17 16:52:56,75,Looking Away,6.0,15.1,0.0,0.0,28.4,28.4
2026-07-17 16:52:56,76,No Laptop,0.0,1.1,0.0,0.0,0.0,0.0
2026-07-17 16:53:02,75,Talking,6.0,20.2,0.0,0.0,22.9,22.9
2026-07-17 16:53:02,76,Talking,0.0,6.2,0.0,0.0,0.0,0.0
2026-07-17 16:53:05,75,Working,6.0,20.2,0.0,3.8,20.0,20.0
2026-07-17 16:53:05,76,No Laptop,0.0,6.2,0.0,3.8,0.0,0.0
2026-07-17 16:53:06,75,Talking,7.0,20.2,0.0,3.8,22.5,22.5
2026-07-17 16:53:06,76,Talking,0.0,7.2,0.0,3.8,0.0,0.0
2026-07-17 16:53:09,30,Working,127.6,80.8,0.0,460.3,19.1,19.1
2026-07-17 16:53:09,56,Looking Away,18.6,16.9,0.0,113.1,12.5,12.5
2026-07-17 16:53:09,75,Working,7.0,20.2,0.0,6.6,20.7,20.7
2026-07-17 16:53:09,76,No Laptop,0.0,7.2,0.0,6.6,0.0,0.0
2026-07-17 16:53:11,30,Talking,129.7,80.8,0.0,460.3,19.3,19.3
2026-07-17 16:53:11,56,Talking,18.6,18.9,0.0,113.1,12.3,12.3
2026-07-17 16:53:13,75,Talking,10.9,20.2,0.0,6.6,28.9,28.9
2026-07-17 16:53:13,76,Talking,0.0,11.1,0.0,6.6,0.0,0.0
2026-07-17 16:53:15,30,Working,129.7,80.8,0.0,463.9,19.2,19.2
2026-07-17 16:53:15,56,Looking Away,18.6,18.9,0.0,116.7,12.1,12.1
2026-07-17 16:53:15,75,Working,10.9,20.2,0.0,8.3,27.7,27.7
2026-07-17 16:53:15,76,No Laptop,0.0,11.1,0.0,8.3,0.0,0.0
2026-07-17 16:53:18,30,Talking,133.4,80.8,0.0,463.9,19.7,19.7
2026-07-17 16:53:18,56,Talking,18.6,22.6,0.0,116.7,11.8,11.8
2026-07-17 16:53:19,75,Talking,15.5,20.2,0.0,8.3,35.3,35.3
2026-07-17 16:53:19,76,Talking,0.0,15.8,0.0,8.3,0.0,0.0
2026-07-17 16:53:21,30,Looking Away,133.4,80.8,0.0,466.8,19.6,19.6
2026-07-17 16:53:21,56,Working,18.6,22.6,0.0,119.6,11.6,11.6
2026-07-17 16:53:21,66,Looking Away,85.2,20.8,0.0,0.0,80.4,80.4
2026-07-17 16:53:22,30,Working,133.4,81.6,0.0,466.8,19.6,19.6
2026-07-17 16:53:23,30,Talking,134.5,81.6,0.0,466.8,19.7,19.7
2026-07-17 16:53:23,56,Talking,20.5,22.6,0.0,119.6,12.6,12.6
2026-07-17 16:53:23,75,Working,15.5,20.2,0.0,12.2,32.5,32.5
2026-07-17 16:53:23,76,No Laptop,0.0,15.8,0.0,12.2,0.0,0.0
2026-07-17 16:53:26,66,Working,85.2,25.8,0.0,0.0,76.7,76.7
2026-07-17 16:53:27,76,Working,0.0,19.9,0.0,12.2,0.0,0.0
2026-07-17 16:53:29,76,Looking Away,1.3,19.9,0.0,12.2,3.8,3.8
2026-07-17 16:53:29,77,No Laptop,0.0,1.3,0.0,0.0,0.0,0.0
2026-07-17 16:53:30,66,Talking,88.6,25.8,0.0,0.0,77.4,77.4
2026-07-17 16:53:30,76,Talking,1.3,21.1,0.0,12.2,3.6,3.6
2026-07-17 16:53:31,30,Working,134.5,81.6,0.0,474.4,19.5,19.5
2026-07-17 16:53:31,56,Looking Away,20.5,22.6,0.0,127.2,12.0,12.0
2026-07-17 16:53:32,30,Talking,135.6,81.6,0.0,474.4,19.6,19.6
2026-07-17 16:53:32,56,Talking,20.5,23.8,0.0,127.2,12.0,12.0
2026-07-17 16:53:32,77,Working,0.0,4.7,0.0,0.0,0.0,0.0
2026-07-17 16:53:33,77,No Laptop,1.1,4.7,0.0,0.0,19.2,19.2
2026-07-17 16:53:34,30,Looking Away,135.6,81.6,0.0,476.6,19.5,19.5
2026-07-17 16:53:34,56,Working,20.5,23.8,0.0,129.4,11.8,11.8
2026-07-17 16:53:34,66,Looking Away,88.6,25.8,0.0,4.4,74.6,74.6
2026-07-17 16:53:34,76,Working,1.3,21.1,0.0,16.6,3.2,3.2
2026-07-17 16:53:35,30,Talking,135.6,82.7,0.0,476.6,19.5,19.5
2026-07-17 16:53:35,56,Talking,21.6,23.8,0.0,129.4,12.3,12.3
2026-07-17 16:53:35,66,Working,88.6,26.9,0.0,4.4,73.9,73.9
2026-07-17 16:53:36,76,No Laptop,3.2,21.1,0.0,16.6,7.8,7.8
2026-07-17 16:53:38,30,Working,135.6,82.7,0.0,479.7,19.4,19.4
2026-07-17 16:53:38,56,Looking Away,21.6,23.8,0.0,132.5,12.1,12.1
2026-07-17 16:53:39,56,Working,21.6,24.7,0.0,132.5,12.1,12.1
2026-07-17 16:53:40,30,Talking,137.5,82.7,0.0,479.7,19.6,19.6
2026-07-17 16:53:40,56,Talking,22.5,24.7,0.0,132.5,12.5,12.5
2026-07-17 16:53:40,66,Looking Away,93.6,26.9,0.0,4.4,74.9,74.9
2026-07-17 16:53:41,30,Working,137.5,82.7,0.0,480.5,19.6,19.6
2026-07-17 16:53:41,56,Looking Away,22.5,24.7,0.0,133.3,12.5,12.5
2026-07-17 16:53:42,56,Working,22.5,25.6,0.0,133.3,12.4,12.4
2026-07-17 16:53:42,66,Working,93.6,28.5,0.0,4.4,74.0,74.0
2026-07-17 16:53:43,56,Looking Away,23.4,25.6,0.0,133.3,12.8,12.8
2026-07-17 16:53:44,30,Looking Away,140.1,82.7,0.0,480.5,19.9,19.9
2026-07-17 16:53:44,56,Working,23.4,26.4,0.0,133.3,12.8,12.8
2026-07-17 16:53:44,30,Talking,140.1,83.5,0.0,480.5,19.9,19.9
2026-07-17 16:53:44,56,Talking,24.2,26.4,0.0,133.3,13.1,13.1
2026-07-17 16:53:47,30,Looking Away,140.1,83.5,0.0,482.7,19.8,19.8
2026-07-17 16:53:47,56,Working,24.2,26.4,0.0,135.5,13.0,13.0
2026-07-17 16:53:47,30,Talking,140.1,84.3,0.0,482.7,19.8,19.8
2026-07-17 16:53:47,56,Talking,24.9,26.4,0.0,135.5,13.3,13.3
2026-07-17 16:53:49,30,Looking Away,140.1,84.3,0.0,484.2,19.8,19.8
2026-07-17 16:53:49,56,Working,24.9,26.4,0.0,137.0,13.2,13.2
2026-07-17 16:53:50,30,Talking,140.1,85.8,0.0,484.2,19.7,19.7
2026-07-17 16:53:50,56,Talking,26.5,26.4,0.0,137.0,13.9,13.9
2026-07-17 16:53:51,30,Looking Away,140.1,85.8,0.0,485.0,19.7,19.7
2026-07-17 16:53:51,56,Working,26.5,26.4,0.0,137.8,13.9,13.9
2026-07-17 16:53:52,30,Working,140.1,86.5,0.0,485.0,19.7,19.7
2026-07-17 16:53:53,30,Looking Away,141.6,86.5,0.0,485.0,19.9,19.9
2026-07-17 16:53:54,30,Talking,141.6,87.3,0.0,485.0,19.8,19.8
2026-07-17 16:53:54,56,Talking,29.5,26.4,0.0,137.8,15.2,15.2
2026-07-17 16:53:56,30,Working,141.6,87.3,0.0,486.5,19.8,19.8
2026-07-17 16:53:56,56,Looking Away,29.5,26.4,0.0,139.3,15.1,15.1
2026-07-17 16:53:57,30,Talking,143.0,87.3,0.0,486.5,20.0,20.0
2026-07-17 16:53:57,56,Talking,29.5,27.9,0.0,139.3,15.0,15.0
2026-07-17 16:53:59,30,Working,143.0,87.3,0.0,488.8,19.9,19.9
2026-07-17 16:53:59,56,Looking Away,29.5,27.9,0.0,141.6,14.8,14.8
2026-07-17 16:54:00,30,Talking,143.7,87.3,0.0,488.8,20.0,20.0
2026-07-17 16:54:00,56,Talking,29.5,28.5,0.0,141.6,14.8,14.8
2026-07-17 16:54:02,66,Looking Away,113.4,28.5,0.0,4.4,77.5,77.5
2026-07-17 16:54:02,67,Looking Away,0.0,0.8,0.0,0.0,0.0,0.0
2026-07-17 16:54:03,30,Looking Away,143.7,87.3,0.0,491.2,19.9,19.9
2026-07-17 16:54:03,56,Working,29.5,28.5,0.0,144.0,14.6,14.6
2026-07-17 16:54:03,30,Talking,143.7,88.2,0.0,491.2,19.9,19.9
2026-07-17 16:54:03,56,Talking,30.4,28.5,0.0,144.0,15.0,15.0
2026-07-17 16:54:04,30,Looking Away,143.7,88.2,0.0,492.0,19.8,19.8
2026-07-17 16:54:04,56,Working,30.4,28.5,0.0,144.8,14.9,14.9
2026-07-17 16:54:07,30,Talking,143.7,90.5,0.0,492.0,19.8,19.8
2026-07-17 16:54:07,67,Talking,0.0,5.7,0.0,0.0,0.0,0.0
2026-07-17 16:54:07,30,Working,143.7,90.5,0.0,492.9,19.8,19.8
2026-07-17 16:54:07,56,Talking,33.6,28.5,0.0,144.8,16.2,16.2
2026-07-17 16:54:09,56,Working,33.6,28.5,0.0,145.9,16.1,16.1
2026-07-17 16:54:09,66,Working,113.4,35.3,0.0,4.4,74.1,74.1
2026-07-17 16:54:09,67,Looking Away,0.0,5.7,0.0,2.0,0.0,0.0
2026-07-17 16:54:11,56,Talking,35.7,28.5,0.0,145.9,17.0,17.0
2026-07-17 16:54:11,67,Talking,0.0,7.8,0.0,2.0,0.0,0.0
2026-07-17 16:54:13,56,Working,35.7,28.5,0.0,148.7,16.8,16.8
2026-07-17 16:54:13,67,Looking Away,0.0,7.8,0.0,4.7,0.0,0.0
2026-07-17 16:54:15,30,Talking,151.6,90.5,0.0,492.9,20.6,20.6
2026-07-17 16:54:15,56,Talking,37.7,28.5,0.0,148.7,17.5,17.5
2026-07-17 16:54:15,66,Looking Away,120.3,35.3,0.0,4.4,75.2,75.2
2026-07-17 16:54:15,67,Talking,0.0,9.8,0.0,4.7,0.0,0.0
2026-07-17 16:54:17,66,Working,120.3,37.0,0.0,4.4,74.4,74.4
2026-07-17 16:54:18,56,Working,37.7,28.5,0.0,151.3,17.3,17.3
2026-07-17 16:54:19,56,Talking,38.5,28.5,0.0,151.3,17.6,17.6
2026-07-17 16:54:25,67,Working,0.0,9.8,0.0,13.9,0.0,0.0
2026-07-17 16:54:26,67,Talking,0.9,9.8,0.0,13.9,3.8,3.8
2026-07-17 16:54:29,56,Working,38.5,28.5,0.0,161.6,16.8,16.8
2026-07-17 16:54:30,56,Talking,39.2,28.5,0.0,161.6,17.1,17.1
2026-07-17 16:54:31,56,Working,39.2,28.5,0.0,162.4,17.1,17.1
2026-07-17 16:54:33,69,Looking Away,0.9,0.0,0.0,0.0,100.0,100.0
2026-07-17 16:54:34,56,Talking,42.7,28.5,0.0,162.4,18.3,18.3
2026-07-17 16:54:34,69,Working,0.9,0.9,0.0,0.0,51.0,51.0
2026-07-17 16:54:36,56,Working,42.7,28.5,0.0,164.3,18.1,18.1
2026-07-17 16:54:37,56,Talking,43.5,28.5,0.0,164.3,18.4,18.4
2026-07-17 16:54:38,56,Working,43.5,28.5,0.0,165.2,18.3,18.3
2026-07-17 16:54:39,56,Talking,44.5,28.5,0.0,165.2,18.7,18.7
2026-07-17 16:54:40,56,Working,44.5,28.5,0.0,166.2,18.6,18.6
2026-07-17 16:54:41,56,Talking,45.3,28.5,0.0,166.2,18.9,18.9
2026-07-17 16:54:41,56,Working,45.3,28.5,0.0,167.0,18.8,18.8
2026-07-17 16:54:42,56,Talking,46.3,28.5,0.0,167.0,19.1,19.1
2026-07-17 16:54:43,67,Working,0.9,9.8,0.0,31.7,2.2,2.2
2026-07-17 16:54:44,30,Looking Away,151.6,90.5,0.0,521.9,19.8,19.8
2026-07-17 16:54:44,56,Working,46.3,28.5,0.0,169.1,19.0,19.0
2026-07-17 16:54:44,69,Looking Away,11.2,0.9,0.0,0.0,92.5,92.5
2026-07-17 16:54:45,30,Talking,151.6,91.6,0.0,521.9,19.8,19.8
2026-07-17 16:54:45,56,Talking,47.4,28.5,0.0,169.1,19.3,19.3
2026-07-17 16:54:45,67,Talking,3.1,9.8,0.0,31.7,6.9,6.9
2026-07-17 16:54:48,56,Working,47.4,28.5,0.0,171.9,19.1,19.1
2026-07-17 16:54:49,70,Working,0.0,1.0,0.0,0.0,0.0,0.0
2026-07-17 16:54:50,56,Talking,49.4,28.5,0.0,171.9,19.8,19.8
2026-07-17 16:54:55,30,Looking Away,151.6,91.6,0.0,531.0,19.6,19.6
2026-07-17 16:54:55,56,Working,49.4,28.5,0.0,176.1,19.4,19.4
2026-07-17 16:54:55,71,Looking Away,0.0,0.8,0.0,0.0,0.0,0.0
2026-07-17 16:54:55,71,Working,0.0,1.6,0.0,0.0,0.0,0.0
2026-07-17 16:54:56,30,Talking,151.6,93.3,0.0,531.0,19.5,19.5
2026-07-17 16:54:56,56,Talking,51.1,28.5,0.0,176.1,20.0,20.0
2026-07-17 16:54:56,71,Looking Away,0.9,1.6,0.0,0.0,34.7,34.7
2026-07-17 16:54:59,30,Looking Away,151.6,93.3,0.0,534.1,19.5,19.5
2026-07-17 16:54:59,56,Working,51.1,28.5,0.0,179.2,19.7,19.7
2026-07-17 16:54:59,71,Working,0.9,4.7,0.0,0.0,15.6,15.6
2026-07-17 16:55:00,30,Talking,151.6,94.2,0.0,534.1,19.4,19.4
2026-07-17 16:55:00,56,Talking,52.0,28.5,0.0,179.2,20.0,20.0
2026-07-17 16:55:02,30,Looking Away,151.6,94.2,0.0,535.6,19.4,19.4
2026-07-17 16:55:02,56,Working,52.0,28.5,0.0,180.7,19.9,19.9
2026-07-17 16:55:04,30,Working,151.6,96.1,0.0,535.6,19.4,19.4
2026-07-17 16:55:04,71,Looking Away,5.2,4.7,0.0,0.0,52.5,52.5
2026-07-17 16:55:05,30,Talking,152.6,96.1,0.0,535.6,19.5,19.5
2026-07-17 16:55:05,56,Talking,54.8,28.5,0.0,180.7,20.8,20.8
2026-07-17 16:55:05,71,Working,5.2,5.6,0.0,0.0,47.9,47.9
2026-07-17 16:55:05,71,Talking,6.1,5.6,0.0,0.0,51.9,51.9
2026-07-17 16:55:06,56,Working,54.8,28.5,0.0,182.4,20.6,20.6
2026-07-17 16:55:08,30,Working,152.6,96.1,0.0,539.2,19.4,19.4
2026-07-17 16:55:08,56,Talking,56.7,28.5,0.0,182.4,21.2,21.2
2026-07-17 16:55:11,56,Working,56.7,28.5,0.0,185.4,21.0,21.0
2026-07-17 16:55:11,71,Looking Away,6.1,5.6,0.0,5.7,34.8,34.8
2026-07-17 16:55:13,68,Looking Away,51.2,0.0,0.0,0.0,100.0,100.0
2026-07-17 16:55:14,56,Talking,59.8,28.5,0.0,185.4,21.9,21.9
2026-07-17 16:55:14,68,Working,51.2,1.2,0.0,0.0,97.8,97.8
2026-07-17 16:55:14,72,Talking,0.0,1.2,0.0,0.0,0.0,0.0
2026-07-17 16:55:15,56,Looking Away,59.8,28.5,0.0,186.6,21.8,21.8
2026-07-17 16:55:15,68,Looking Away,52.4,1.2,0.0,0.0,97.8,97.8
2026-07-17 16:55:17,68,Working,52.4,2.2,0.0,0.0,96.0,96.0
2026-07-17 16:55:18,30,Talking,162.8,96.1,0.0,539.2,20.4,20.4
2026-07-17 16:55:18,56,Talking,59.8,31.5,0.0,186.6,21.5,21.5
2026-07-17 16:55:18,68,Looking Away,54.3,2.2,0.0,0.0,96.1,96.1
2026-07-17 16:55:19,68,Working,54.3,3.0,0.0,0.0,94.7,94.7
2026-07-17 16:55:20,30,Working,162.8,96.1,0.0,540.9,20.4,20.4
2026-07-17 16:55:20,56,Looking Away,59.8,31.5,0.0,188.3,21.4,21.4
2026-07-17 16:55:21,56,Working,59.8,32.7,0.0,188.3,21.3,21.3
2026-07-17 16:55:22,30,Looking Away,165.1,96.1,0.0,540.9,20.6,20.6
2026-07-17 16:55:24,30,Working,165.1,97.2,0.0,540.9,20.6,20.6
2026-07-17 16:55:26,74,No Laptop,0.0,1.1,0.0,0.0,0.0,0.0
2026-07-17 16:55:27,74,Working,0.0,2.0,0.0,0.0,0.0,0.0
2026-07-17 16:55:30,56,Looking Away,68.6,32.7,0.0,188.3,23.7,23.7
2026-07-17 16:55:30,75,Looking Away,0.0,1.0,0.0,0.0,0.0,0.0
2026-07-17 16:55:34,56,Working,68.6,36.9,0.0,188.3,23.4,23.4
2026-07-17 16:55:34,77,Working,0.0,1.1,0.0,0.0,0.0,0.0
2026-07-17 16:55:35,68,Looking Away,70.5,3.0,0.0,0.0,95.9,95.9
2026-07-17 16:55:35,77,Looking Away,1.2,1.1,0.0,0.0,51.0,51.0
2026-07-17 16:55:37,56,Looking Away,70.8,36.9,0.0,188.3,23.9,23.9
2026-07-17 16:55:37,75,Working,0.0,7.3,0.0,0.0,0.0,0.0
2026-07-17 16:55:38,77,Working,1.2,3.2,0.0,0.0,26.4,26.4
2026-07-17 16:55:39,56,Working,70.8,39.0,0.0,188.3,23.8,23.8
2026-07-17 16:55:40,30,Talking,181.3,97.2,0.0,540.9,22.1,22.1
2026-07-17 16:55:40,56,Talking,72.0,39.0,0.0,188.3,24.0,24.0
2026-07-17 16:55:40,77,Talking,3.3,3.2,0.0,0.0,50.7,50.7
2026-07-17 16:55:40,78,Looking Away,0.0,1.2,0.0,0.0,0.0,0.0
2026-07-17 16:55:42,30,Working,181.3,97.2,0.0,543.3,22.1,22.1
2026-07-17 16:55:42,56,Working,72.0,39.0,0.0,190.7,23.9,23.9
2026-07-17 16:55:43,30,Looking Away,182.1,97.2,0.0,543.3,22.1,22.1
2026-07-17 16:55:44,30,Talking,182.1,98.1,0.0,543.3,22.1,22.1
2026-07-17 16:55:44,56,Talking,73.7,39.0,0.0,190.7,24.3,24.3
2026-07-17 16:55:44,79,Looking Away,0.0,1.0,0.0,0.0,0.0,0.0
2026-07-17 16:55:45,78,Talking,0.0,6.2,0.0,0.0,0.0,0.0
2026-07-17 16:55:47,80,Looking Away,0.0,0.9,0.0,0.0,0.0,0.0
2026-07-17 16:55:49,30,Looking Away,182.1,98.1,0.0,548.6,22.0,22.0
2026-07-17 16:55:49,56,Working,73.7,39.0,0.0,196.0,23.9,23.9
2026-07-17 16:55:50,30,Talking,182.1,99.1,0.0,548.6,22.0,22.0
2026-07-17 16:55:50,56,Talking,74.7,39.0,0.0,196.0,24.1,24.1
2026-07-17 16:55:52,80,Talking,0.0,5.7,0.0,0.0,0.0,0.0
2026-07-17 16:55:55,56,Working,74.7,39.0,0.0,200.9,23.7,23.7
2026-07-17 16:55:56,56,Talking,75.6,39.0,0.0,200.9,24.0,24.0
2026-07-17 16:55:58,80,Working,0.0,5.7,0.0,5.8,0.0,0.0
2026-07-17 16:55:59,80,Talking,1.0,5.7,0.0,5.8,8.1,8.1
2026-07-17 16:56:04,79,Working,0.0,20.5,0.0,0.0,0.0,0.0
2026-07-17 16:56:05,56,Looking Away,75.6,39.0,0.0,209.4,23.3,23.3
2026-07-17 16:56:05,80,Working,1.0,5.7,0.0,11.4,5.6,5.6
2026-07-17 16:56:05,81,Looking Away,0.0,1.0,0.0,0.0,0.0,0.0
2026-07-17 16:56:06,56,Working,75.6,39.9,0.0,209.4,23.3,23.3
2026-07-17 16:56:06,80,Looking Away,2.0,5.7,0.0,11.4,10.4,10.4
2026-07-17 16:56:07,80,Working,2.0,6.8,0.0,11.4,9.8,9.8
2026-07-17 16:56:07,82,Looking Away,1.1,0.0,0.0,0.0,100.0,100.0
2026-07-17 16:56:08,82,Working,1.1,1.0,0.0,0.0,53.5,53.5
2026-07-17 16:56:09,56,Talking,78.8,39.9,0.0,209.4,24.0,24.0
2026-07-17 16:56:09,80,Talking,4.0,6.8,0.0,11.4,18.2,18.2
2026-07-17 16:56:09,81,Talking,0.0,5.1,0.0,0.0,0.0,0.0
2026-07-17 16:56:10,82,Looking Away,3.2,1.0,0.0,0.0,76.6,76.6
2026-07-17 16:56:12,82,Talking,3.2,3.7,0.0,0.0,46.7,46.7
2026-07-17 16:56:12,83,Looking Away,0.0,0.9,0.0,0.0,0.0,0.0
2026-07-17 16:56:13,56,Looking Away,78.8,39.9,0.0,213.9,23.7,23.7
2026-07-17 16:56:13,79,Looking Away,9.7,20.5,0.0,0.0,32.1,32.1
2026-07-17 16:56:13,82,Looking Away,3.2,3.7,0.0,0.8,41.6,41.6
2026-07-17 16:56:16,84,Looking Away,0.0,1.1,0.0,0.0,0.0,0.0
2026-07-17 16:56:17,56,Talking,78.8,43.6,0.0,213.9,23.4,23.4
2026-07-17 16:56:17,83,Talking,0.0,5.4,0.0,0.0,0.0,0.0
2026-07-17 16:56:20,85,Looking Away,0.0,1.0,0.0,0.0,0.0,0.0
2026-07-17 16:56:22,56,Working,78.8,43.6,0.0,219.1,23.1,23.1
2026-07-17 16:56:22,83,Looking Away,0.0,5.4,0.0,5.1,0.0,0.0
2026-07-17 16:56:24,56,Talking,80.6,43.6,0.0,219.1,23.5,23.5
2026-07-17 16:56:24,83,Talking,0.0,7.2,0.0,5.1,0.0,0.0
2026-07-17 16:56:28,79,Working,9.7,35.0,0.0,0.0,21.7,21.7
2026-07-17 16:56:29,79,Looking Away,10.9,35.0,0.0,0.0,23.7,23.7
2026-07-17 16:56:29,86,Looking Away,0.0,1.2,0.0,0.0,0.0,0.0
2026-07-17 16:56:31,87,Looking Away,0.0,1.1,0.0,0.0,0.0,0.0
2026-07-17 16:56:34,79,Working,10.9,39.6,0.0,0.0,21.6,21.6
2026-07-17 16:56:34,79,Looking Away,11.7,39.6,0.0,0.0,22.7,22.7
2026-07-17 16:56:36,79,Working,11.7,41.2,0.0,0.0,22.1,22.1
2026-07-17 16:56:37,79,Looking Away,12.4,41.2,0.0,0.0,23.1,23.1
2026-07-17 16:56:38,56,Looking Away,80.6,43.6,0.0,233.3,22.6,22.6
2026-07-17 16:56:38,83,Working,0.0,7.2,0.0,19.3,0.0,0.0
2026-07-17 16:56:40,88,Looking Away,0.0,0.8,0.0,0.0,0.0,0.0
2026-07-17 16:56:44,79,Working,12.4,48.2,0.0,0.0,20.4,20.4
2026-07-17 16:56:45,56,Talking,80.6,50.7,0.0,233.3,22.1,22.1
2026-07-17 16:56:45,88,Talking,0.0,5.6,0.0,0.0,0.0,0.0
2026-07-17 16:56:47,79,Looking Away,15.5,48.2,0.0,0.0,24.3,24.3
2026-07-17 16:56:48,79,Working,15.5,49.0,0.0,0.0,24.1,24.1
2026-07-17 16:56:49,79,Looking Away,17.1,49.0,0.0,0.0,25.8,25.8
2026-07-17 16:56:50,56,Looking Away,80.6,50.7,0.0,238.0,21.8,21.8
2026-07-17 16:56:50,88,Working,0.0,5.6,0.0,4.7,0.0,0.0
2026-07-17 16:56:51,56,Talking,80.6,51.7,0.0,238.0,21.8,21.8
2026-07-17 16:56:51,88,Talking,1.0,5.6,0.0,4.7,8.8,8.8
2026-07-17 16:56:51,89,Looking Away,0.0,1.0,0.0,0.0,0.0,0.0
2026-07-17 16:56:52,79,Working,17.1,51.7,0.0,0.0,24.8,24.8
2026-07-17 16:56:53,79,Looking Away,18.0,51.7,0.0,0.0,25.8,25.8
2026-07-17 16:56:56,90,Looking Away,0.0,0.9,0.0,0.0,0.0,0.0
2026-07-17 16:57:00,91,Looking Away,0.0,0.8,0.0,0.0,0.0,0.0
2026-07-17 16:57:03,56,Looking Away,80.6,51.7,0.0,250.5,21.1,21.1
2026-07-17 16:57:03,88,Working,1.0,5.6,0.0,17.2,4.2,4.2
2026-07-17 16:57:04,56,Talking,80.6,52.4,0.0,250.5,21.0,21.0
2026-07-17 16:57:04,88,Talking,1.7,5.6,0.0,17.2,7.0,7.0
2026-07-17 16:57:06,56,Working,80.6,52.4,0.0,252.8,20.9,20.9
2026-07-17 16:57:06,88,Looking Away,1.7,5.6,0.0,19.5,6.4,6.4
2026-07-17 16:57:06,92,Looking Away,0.0,0.9,0.0,0.0,0.0,0.0
2026-07-17 16:57:08,93,Looking Away,0.0,0.8,0.0,0.0,0.0,0.0
2026-07-17 16:57:09,56,Looking Away,82.8,52.4,0.0,252.8,21.3,21.3
2026-07-17 16:57:10,94,Looking Away,0.0,0.9,0.0,0.0,0.0,0.0
2026-07-17 16:57:11,95,Looking Away,0.0,0.7,0.0,0.0,0.0,0.0
2026-07-17 16:57:12,96,Looking Away,0.0,1.0,0.0,0.0,0.0,0.0
2026-07-17 16:57:15,97,Looking Away,0.0,0.9,0.0,0.0,0.0,0.0
2026-07-17 16:57:23,79,Working,18.0,81.7,0.0,0.0,18.0,18.0
2026-07-17 16:57:23,79,Looking Away,18.6,81.7,0.0,0.0,18.5,18.5
2026-07-17 16:57:24,56,Working,82.8,67.7,0.0,252.8,20.5,20.5
2026-07-17 16:57:25,56,Looking Away,84.2,67.7,0.0,252.8,20.8,20.8
2026-07-17 16:57:25,98,Looking Away,0.0,0.8,0.0,0.0,0.0,0.0
2026-07-17 16:57:30,56,Talking,84.2,72.7,0.0,252.8,20.6,20.6
2026-07-17 16:57:30,79,Working,18.6,88.7,0.0,0.0,17.3,17.3
2026-07-17 16:57:30,98,Talking,0.0,5.9,0.0,0.0,0.0,0.0
2026-07-17 16:57:34,79,Looking Away,22.0,88.7,0.0,0.0,19.9,19.9
2026-07-17 16:57:37,79,Working,22.0,91.7,0.0,0.0,19.3,19.3
2026-07-17 16:57:39,79,Looking Away,24.5,91.7,0.0,0.0,21.1,21.1
2026-07-17 16:57:40,79,Working,24.5,92.6,0.0,0.0,21.0,21.0
2026-07-17 16:57:44,79,Looking Away,28.1,92.6,0.0,0.0,23.3,23.3
2026-07-17 16:57:44,99,Looking Away,8.5,0.0,0.0,0.0,100.0,100.0
2026-07-17 16:57:45,99,Working,8.5,0.8,0.0,0.0,91.3,91.3
2026-07-17 16:57:50,99,Looking Away,12.8,0.8,0.0,0.0,94.0,94.0
2026-07-17 16:57:50,100,Looking Away,0.0,0.8,0.0,0.0,0.0,0.0
2026-07-17 16:57:52,99,Working,12.8,3.2,0.0,0.0,80.1,80.1
2026-07-17 16:57:56,101,Looking Away,1.6,0.0,0.0,0.0,100.0,100.0
2026-07-17 16:57:57,101,Working,1.6,0.8,0.0,0.0,66.3,66.3
2026-07-17 16:58:02,101,Looking Away,6.3,0.8,0.0,0.0,88.4,88.4
2026-07-17 16:58:02,101,Working,6.3,1.6,0.0,0.0,79.6,79.6
2026-07-17 16:58:03,101,Looking Away,7.0,1.6,0.0,0.0,81.3,81.3
2026-07-17 16:58:05,103,Looking Away,0.0,0.6,0.0,0.0,0.0,0.0
2026-07-17 16:58:06,103,Working,0.0,1.4,0.0,0.0,0.0,0.0
2026-07-17 16:58:06,104,Working,0.0,0.8,0.0,0.0,0.0,0.0
2026-07-17 16:58:07,56,Working,84.2,72.7,0.0,289.1,18.9,18.9
2026-07-17 16:58:07,98,Looking Away,0.0,5.9,0.0,36.2,0.0,0.0
2026-07-17 16:58:07,56,Talking,84.9,72.7,0.0,289.1,19.0,19.0
2026-07-17 16:58:07,98,Talking,0.0,6.5,0.0,36.2,0.0,0.0
2026-07-17 16:58:09,105,Looking Away,1.6,0.0,0.0,0.0,100.0,100.0
2026-07-17 16:58:10,105,Working,1.6,0.7,0.0,0.0,70.9,70.9
2026-07-17 16:58:10,105,Looking Away,2.4,0.7,0.0,0.0,78.2,78.2
2026-07-17 16:58:13,56,Looking Away,84.9,72.7,0.0,295.0,18.8,18.8
2026-07-17 16:58:13,98,Working,0.0,6.5,0.0,42.2,0.0,0.0
2026-07-17 16:58:15,56,Talking,84.9,74.4,0.0,295.0,18.7,18.7
2026-07-17 16:58:15,98,Talking,1.7,6.5,0.0,42.2,3.4,3.4
2026-07-17 16:58:16,105,Working,2.4,6.8,0.0,0.0,25.9,25.9
2026-07-17 16:58:19,56,Looking Away,84.9,74.4,0.0,298.8,18.5,18.5
2026-07-17 16:58:19,98,Working,1.7,6.5,0.0,46.0,3.1,3.1
2026-07-17 16:58:20,56,Talking,84.9,75.3,0.0,298.8,18.5,18.5
2026-07-17 16:58:20,98,Talking,2.6,6.5,0.0,46.0,4.7,4.7
2026-07-17 16:58:20,105,Looking Away,5.5,6.8,0.0,0.0,44.8,44.8
2026-07-17 16:58:20,105,Working,5.5,7.5,0.0,0.0,42.2,42.2
2026-07-17 16:58:21,56,Working,84.9,75.3,0.0,300.3,18.4,18.4
2026-07-17 16:58:21,98,Looking Away,2.6,6.5,0.0,47.5,4.6,4.6
2026-07-17 16:58:23,56,Talking,86.4,75.3,0.0,300.3,18.7,18.7
2026-07-17 16:58:23,98,Talking,2.6,8.0,0.0,47.5,4.5,4.5
2026-07-17 16:58:23,105,Looking Away,7.8,7.5,0.0,0.0,50.9,50.9
2026-07-17 16:58:23,105,Working,7.8,8.3,0.0,0.0,48.7,48.7
2026-07-17 16:58:25,105,Looking Away,9.3,8.3,0.0,0.0,52.9,52.9
2026-07-17 16:58:33,56,Looking Away,86.4,75.3,0.0,310.6,18.3,18.3
2026-07-17 16:58:33,98,Working,2.6,8.0,0.0,57.8,3.8,3.8
2026-07-17 16:58:34,56,Talking,86.4,76.2,0.0,310.6,18.3,18.3
2026-07-17 16:58:34,98,Talking,3.5,8.0,0.0,57.8,5.0,5.0
2026-07-17 16:58:35,56,Looking Away,86.4,76.2,0.0,312.2,18.2,18.2
2026-07-17 16:58:35,98,Working,3.5,8.0,0.0,59.4,4.9,4.9
2026-07-17 16:58:37,56,Talking,86.4,78.0,0.0,312.2,18.1,18.1
2026-07-17 16:58:37,98,Talking,5.3,8.0,0.0,59.4,7.3,7.3
2026-07-17 16:58:38,56,Looking Away,86.4,78.0,0.0,313.1,18.1,18.1
2026-07-17 16:58:38,98,Working,5.3,8.0,0.0,60.3,7.2,7.2
2026-07-17 16:58:39,56,Talking,86.4,79.0,0.0,313.1,18.1,18.1
2026-07-17 16:58:39,98,Talking,6.3,8.0,0.0,60.3,8.4,8.4
2026-07-17 16:58:40,56,Looking Away,86.4,79.0,0.0,314.0,18.0,18.0
2026-07-17 16:58:40,98,Working,6.3,8.0,0.0,61.2,8.3,8.3
2026-07-17 16:58:41,56,Talking,86.4,80.1,0.0,314.0,18.0,18.0
2026-07-17 16:58:41,98,Talking,7.4,8.0,0.0,61.2,9.6,9.6
2026-07-17 16:58:43,56,Looking Away,86.4,80.1,0.0,315.8,17.9,17.9
2026-07-17 16:58:43,98,Working,7.4,8.0,0.0,63.0,9.4,9.4
2026-07-17 16:58:44,56,Talking,86.4,81.1,0.0,315.8,17.9,17.9
2026-07-17 16:58:44,98,Talking,8.4,8.0,0.0,63.0,10.5,10.5
2026-07-17 16:58:50,56,Looking Away,86.4,81.1,0.0,322.3,17.6,17.6
2026-07-17 16:58:50,98,Working,8.4,8.0,0.0,69.5,9.7,9.7
2026-07-17 16:58:52,56,Talking,86.4,82.5,0.0,322.3,17.6,17.6
2026-07-17 16:58:52,98,Talking,9.8,8.0,0.0,69.5,11.2,11.2
2026-07-17 16:58:53,56,Looking Away,86.4,82.5,0.0,323.3,17.6,17.6
2026-07-17 16:58:53,98,Working,9.8,8.0,0.0,70.5,11.1,11.1
2026-07-17 16:58:55,56,Talking,86.4,84.6,0.0,323.3,17.5,17.5
2026-07-17 16:58:55,98,Talking,11.9,8.0,0.0,70.5,13.2,13.2
2026-07-17 16:58:56,56,Looking Away,86.4,84.6,0.0,324.2,17.4,17.4
2026-07-17 16:58:56,98,Working,11.9,8.0,0.0,71.4,13.0,13.0
2026-07-17 16:58:57,56,Talking,86.4,85.6,0.0,324.2,17.4,17.4
2026-07-17 16:58:57,98,Talking,12.8,8.0,0.0,71.4,13.9,13.9
2026-07-17 16:58:58,56,Working,86.4,85.6,0.0,325.1,17.4,17.4
2026-07-17 16:58:58,98,Looking Away,12.8,8.0,0.0,72.3,13.8,13.8
2026-07-17 16:58:58,56,Talking,87.2,85.6,0.0,325.1,17.5,17.5
2026-07-17 16:58:58,98,Talking,12.8,8.9,0.0,72.3,13.6,13.6
2026-07-17 16:59:04,106,Looking Away,37.6,0.0,0.0,0.0,100.0,100.0
2026-07-17 16:59:06,106,No Laptop,37.6,2.0,0.0,0.0,94.9,94.9
2026-07-17 16:59:07,106,Looking Away,37.6,3.1,0.0,0.0,92.5,92.5
2026-07-17 16:59:07,109,Looking Away,0.0,1.1,0.0,0.0,0.0,0.0
2026-07-17 16:59:07,110,Working,0.0,1.1,0.0,0.0,0.0,0.0
2026-07-17 16:59:09,56,Working,87.2,85.6,0.0,335.2,17.2,17.2
2026-07-17 16:59:09,98,Looking Away,12.8,8.9,0.0,82.4,12.3,12.3
2026-07-17 16:59:09,110,Looking Away,1.9,1.1,0.0,0.0,63.8,63.8
2026-07-17 16:59:09,56,Talking,88.1,85.6,0.0,335.2,17.3,17.3
2026-07-17 16:59:09,98,Talking,12.8,9.8,0.0,82.4,12.2,12.2
2026-07-17 16:59:09,110,Working,1.9,1.9,0.0,0.0,49.1,49.1
2026-07-17 16:59:10,110,Looking Away,2.8,1.9,0.0,0.0,59.0,59.0
2026-07-17 16:59:11,110,Working,2.8,2.9,0.0,0.0,49.3,49.3
2026-07-17 16:59:12,106,Talking,37.6,8.6,0.0,0.0,81.4,81.4
2026-07-17 16:59:12,110,Talking,3.7,2.9,0.0,0.0,56.4,56.4
2026-07-17 16:59:13,106,Looking Away,37.6,8.6,0.0,0.9,79.9,79.9
2026-07-17 16:59:13,110,Working,3.7,2.9,0.0,0.9,49.5,49.5
2026-07-17 16:59:14,56,Working,88.1,85.6,0.0,339.7,17.2,17.2
2026-07-17 16:59:14,98,Looking Away,12.8,9.8,0.0,86.9,11.7,11.7
2026-07-17 16:59:15,56,Talking,89.0,85.6,0.0,339.7,17.3,17.3
2026-07-17 16:59:15,98,Talking,12.8,10.6,0.0,86.9,11.6,11.6
2026-07-17 16:59:15,106,Talking,37.6,10.3,0.0,0.9,77.1,77.1
2026-07-17 16:59:15,110,Talking,5.4,2.9,0.0,0.9,58.8,58.8
2026-07-17 16:59:16,106,Looking Away,37.6,10.3,0.0,1.8,75.7,75.7
2026-07-17 16:59:16,110,Working,5.4,2.9,0.0,1.8,53.8,53.8
2026-07-17 16:59:17,106,Talking,37.6,12.0,0.0,1.8,73.3,73.3
2026-07-17 16:59:17,110,Talking,7.1,2.9,0.0,1.8,60.5,60.5
2026-07-17 16:59:18,110,Looking Away,7.1,2.9,0.0,2.5,56.7,56.7
2026-07-17 16:59:20,56,Looking Away,89.0,85.6,0.0,344.8,17.1,17.1
2026-07-17 16:59:20,98,Working,12.8,10.6,0.0,92.0,11.1,11.1
2026-07-17 16:59:21,56,Talking,89.0,86.5,0.0,344.8,17.1,17.1
2026-07-17 16:59:21,98,Talking,13.8,10.6,0.0,92.0,11.8,11.8
2026-07-17 16:59:23,110,Working,7.1,7.4,0.0,2.5,41.7,41.7
2026-07-17 16:59:24,110,Looking Away,8.1,7.4,0.0,2.5,44.9,44.9
2026-07-17 16:59:26,110,Working,8.1,9.9,0.0,2.5,39.4,39.4
2026-07-17 16:59:27,56,Looking Away,89.0,86.5,0.0,351.1,16.9,16.9
2026-07-17 16:59:27,98,Working,13.8,10.6,0.0,98.3,11.2,11.2
2026-07-17 16:59:27,110,Looking Away,9.0,9.9,0.0,2.5,42.1,42.1
2026-07-17 16:59:28,56,Talking,89.0,87.5,0.0,351.1,16.9,16.9
2026-07-17 16:59:28,98,Talking,14.7,10.6,0.0,98.3,11.9,11.9
2026-07-17 16:59:30,56,Working,89.0,87.5,0.0,352.8,16.8,16.8
2026-07-17 16:59:30,98,Looking Away,14.7,10.6,0.0,100.0,11.7,11.7
2026-07-17 16:59:31,56,Talking,89.9,87.5,0.0,352.8,17.0,17.0
2026-07-17 16:59:31,98,Talking,14.7,11.5,0.0,100.0,11.7,11.7
2026-07-17 16:59:32,56,Working,89.9,87.5,0.0,353.7,16.9,16.9
2026-07-17 16:59:32,98,Looking Away,14.7,11.5,0.0,100.9,11.6,11.6
2026-07-17 16:59:32,56,Talking,90.7,87.5,0.0,353.7,17.1,17.1
2026-07-17 16:59:32,98,Talking,14.7,12.4,0.0,100.9,11.5,11.5
2026-07-17 16:59:34,56,Working,90.7,87.5,0.0,355.2,17.0,17.0
2026-07-17 16:59:34,98,Looking Away,14.7,12.4,0.0,102.4,11.4,11.4
2026-07-17 16:59:36,56,Talking,92.3,87.5,0.0,355.2,17.3,17.3
2026-07-17 16:59:36,98,Talking,14.7,13.9,0.0,102.4,11.2,11.2
2026-07-17 16:59:37,56,Working,92.3,87.5,0.0,356.8,17.2,17.2
2026-07-17 16:59:37,98,Looking Away,14.7,13.9,0.0,104.0,11.1,11.1
2026-07-17 16:59:38,56,Talking,93.1,87.5,0.0,356.8,17.3,17.3
2026-07-17 16:59:38,98,Talking,14.7,14.8,0.0,104.0,11.0,11.0
2026-07-17 16:59:41,56,Working,93.1,87.5,0.0,359.4,17.2,17.2
2026-07-17 16:59:41,98,Working,14.7,14.8,0.0,106.6,10.8,10.8
2026-07-17 16:59:41,56,Looking Away,93.8,87.5,0.0,359.4,17.4,17.4
2026-07-17 16:59:44,56,Talking,93.8,90.5,0.0,359.4,17.3,17.3
2026-07-17 16:59:44,98,Talking,18.4,14.8,0.0,106.6,13.2,13.2
2026-07-17 16:59:45,56,Looking Away,93.8,90.5,0.0,360.2,17.2,17.2
2026-07-17 16:59:45,98,Working,18.4,14.8,0.0,107.4,13.1,13.1
2026-07-17 16:59:52,56,Talking,93.8,97.3,0.0,360.2,17.0,17.0
2026-07-17 16:59:52,98,Talking,25.3,14.8,0.0,107.4,17.1,17.1
2026-07-17 16:59:53,56,Working,93.8,97.3,0.0,361.1,17.0,17.0
2026-07-17 16:59:53,98,Working,25.3,14.8,0.0,108.3,17.0,17.0
2026-07-17 16:59:54,56,Looking Away,94.7,97.3,0.0,361.1,17.1,17.1
2026-07-17 17:00:00,111,Looking Away,41.8,0.0,0.0,0.0,100.0,100.0
2026-07-17 17:00:01,56,Talking,94.7,105.1,0.0,361.1,16.9,16.9
2026-07-17 17:00:01,98,Talking,34.0,14.8,0.0,108.3,21.7,21.7
2026-07-17 17:00:01,111,Working,41.8,1.6,0.0,0.0,96.4,96.4
2026-07-17 17:00:07,56,Looking Away,94.7,105.1,0.0,366.1,16.7,16.7
2026-07-17 17:00:07,98,Working,34.0,14.8,0.0,113.3,21.0,21.0
2026-07-17 17:00:07,56,Working,94.7,105.9,0.0,366.1,16.7,16.7
2026-07-17 17:00:08,98,Looking Away,35.5,14.8,0.0,113.3,21.7,21.7
2026-07-17 17:00:10,56,Talking,97.3,105.9,0.0,366.1,17.1,17.1
2026-07-17 17:00:10,98,Talking,35.5,16.6,0.0,113.3,21.5,21.5
2026-07-17 17:00:11,56,Working,97.3,105.9,0.0,366.9,17.1,17.1
2026-07-17 17:00:11,98,Working,35.5,16.6,0.0,114.1,21.4,21.4
2026-07-17 17:00:13,56,Looking Away,99.2,105.9,0.0,366.9,17.3,17.3
2026-07-17 17:00:13,110,Talking,9.0,55.4,0.0,2.5,13.5,13.5
2026-07-17 17:00:13,111,Talking,52.9,1.6,0.0,0.0,97.1,97.1
2026-07-17 17:00:13,56,Working,99.2,106.7,0.0,366.9,17.3,17.3
2026-07-17 17:00:13,110,Looking Away,9.0,55.4,0.0,3.3,13.3,13.3
2026-07-17 17:00:13,111,Working,52.9,1.6,0.0,0.8,95.8,95.8
2026-07-17 17:00:21,56,Looking Away,106.8,106.7,0.0,366.9,18.4,18.4
2026-07-17 17:00:22,56,Working,106.8,107.4,0.0,366.9,18.4,18.4
2026-07-17 17:00:22,98,Looking Away,46.5,16.6,0.0,114.1,26.3,26.3
2026-07-17 17:00:22,56,Talking,107.6,107.4,0.0,366.9,18.5,18.5
2026-07-17 17:00:22,98,Talking,46.5,17.4,0.0,114.1,26.1,26.1
2026-07-17 17:00:25,110,Working,9.0,66.9,0.0,3.3,11.4,11.4
2026-07-17 17:00:30,110,Talking,14.2,66.9,0.0,3.3,16.8,16.8
2026-07-17 17:00:30,111,Talking,69.6,1.6,0.0,0.8,96.8,96.8
2026-07-17 17:00:32,112,Working,0.0,0.6,0.0,0.0,0.0,0.0
2026-07-17 17:00:33,56,Working,107.6,107.4,0.0,377.4,18.2,18.2
2026-07-17 17:00:33,98,Looking Away,46.5,17.4,0.0,124.6,24.7,24.7
2026-07-17 17:00:35,56,Talking,110.1,107.4,0.0,377.4,18.5,18.5
2026-07-17 17:00:35,98,Talking,46.5,19.8,0.0,124.6,24.4,24.4
2026-07-17 17:00:35,114,Looking Away,1.0,0.0,0.0,0.0,100.0,100.0
2026-07-17 17:00:35,115,No Laptop,0.0,1.0,0.0,0.0,0.0,0.0
2026-07-17 17:00:37,114,Working,1.0,1.3,0.0,0.0,43.9,43.9
2026-07-17 17:00:38,56,Working,110.1,107.4,0.0,380.0,18.4,18.4
2026-07-17 17:00:38,98,Looking Away,46.5,19.8,0.0,127.2,24.0,24.0
2026-07-17 17:00:39,56,Talking,110.8,107.4,0.0,380.0,18.5,18.5
2026-07-17 17:00:39,98,Talking,46.5,20.5,0.0,127.2,24.0,24.0
2026-07-17 17:00:39,116,Working,0.0,0.7,0.0,0.0,0.0,0.0
2026-07-17 17:00:40,56,Working,110.8,107.4,0.0,380.8,18.5,18.5
2026-07-17 17:00:40,98,Looking Away,46.5,20.5,0.0,128.0,23.9,23.9
2026-07-17 17:00:40,116,Looking Away,0.8,0.7,0.0,0.0,52.4,52.4
2026-07-17 17:00:40,56,Talking,111.5,107.4,0.0,380.8,18.6,18.6
2026-07-17 17:00:40,98,Talking,46.5,21.3,0.0,128.0,23.8,23.8
2026-07-17 17:00:42,56,Working,111.5,107.4,0.0,382.0,18.6,18.6
2026-07-17 17:00:42,98,Looking Away,46.5,21.3,0.0,129.2,23.6,23.6
2026-07-17 17:00:42,56,Talking,112.3,107.4,0.0,382.0,18.7,18.7
2026-07-17 17:00:42,98,Talking,46.5,22.0,0.0,129.2,23.5,23.5
2026-07-17 17:00:43,117,Looking Away,0.0,0.6,0.0,0.0,0.0,0.0
2026-07-17 17:00:44,56,Working,112.3,107.4,0.0,383.9,18.6,18.6
2026-07-17 17:00:44,98,Working,46.5,22.0,0.0,131.1,23.3,23.3
2026-07-17 17:00:45,98,Looking Away,47.3,22.0,0.0,131.1,23.6,23.6
2026-07-17 17:00:45,117,Working,0.0,2.0,0.0,0.0,0.0,0.0
2026-07-17 17:00:46,56,Talking,114.1,107.4,0.0,383.9,18.8,18.8
2026-07-17 17:00:46,98,Talking,47.3,23.1,0.0,131.1,23.5,23.5
2026-07-17 17:00:46,118,Looking Away,0.0,1.0,0.0,0.0,0.0,0.0
2026-07-17 17:00:49,56,Working,114.1,107.4,0.0,387.0,18.7,18.7
2026-07-17 17:00:49,98,Looking Away,47.3,23.1,0.0,134.2,23.1,23.1
2026-07-17 17:00:49,118,Working,0.0,4.1,0.0,0.0,0.0,0.0
2026-07-17 17:00:50,56,Talking,115.0,107.4,0.0,387.0,18.9,18.9
2026-07-17 17:00:50,98,Talking,47.3,24.0,0.0,134.2,23.0,23.0
2026-07-17 17:00:50,118,Looking Away,1.0,4.1,0.0,0.0,19.2,19.2
2026-07-17 17:00:50,119,Looking Away,0.0,1.0,0.0,0.0,0.0,0.0
2026-07-17 17:00:54,118,Working,1.0,7.9,0.0,0.0,10.9,10.9
2026-07-17 17:00:55,118,Looking Away,1.6,7.9,0.0,0.0,17.2,17.2
2026-07-17 17:00:55,118,Talking,1.6,8.7,0.0,0.0,15.9,15.9
2026-07-17 17:00:55,119,Talking,0.0,6.3,0.0,0.0,0.0,0.0
2026-07-17 17:01:01,56,Working,115.0,107.4,0.0,398.4,18.5,18.5
2026-07-17 17:01:01,98,Looking Away,47.3,24.0,0.0,145.6,21.8,21.8
2026-07-17 17:01:02,56,Talking,115.8,107.4,0.0,398.4,18.6,18.6
2026-07-17 17:01:02,98,Talking,47.3,24.8,0.0,145.6,21.7,21.7
2026-07-17 17:01:07,56,Looking Away,115.8,107.4,0.0,403.8,18.5,18.5
2026-07-17 17:01:07,98,Working,47.3,24.8,0.0,151.0,21.2,21.2
2026-07-17 17:01:08,56,Working,115.8,108.1,0.0,403.8,18.4,18.4
2026-07-17 17:01:09,56,Talking,116.5,108.1,0.0,403.8,18.5,18.5
2026-07-17 17:01:09,98,Talking,48.6,24.8,0.0,151.0,21.7,21.7
2026-07-17 17:01:10,118,Working,1.6,8.7,0.0,14.3,6.7,6.7
2026-07-17 17:01:10,119,Looking Away,0.0,6.3,0.0,14.3,0.0,0.0
2026-07-17 17:01:18,119,Working,0.0,14.7,0.0,14.3,0.0,0.0
2026-07-17 17:01:21,119,Looking Away,3.3,14.7,0.0,14.3,10.3,10.3
2026-07-17 17:01:23,56,Working,116.5,108.1,0.0,418.4,18.1,18.1
2026-07-17 17:01:23,98,Looking Away,48.6,24.8,0.0,165.5,20.4,20.4
2026-07-17 17:01:24,56,Talking,117.3,108.1,0.0,418.4,18.2,18.2
2026-07-17 17:01:24,98,Talking,48.6,25.6,0.0,165.5,20.3,20.3
2026-07-17 17:01:26,56,Looking Away,117.3,108.1,0.0,420.5,18.2,18.2
2026-07-17 17:01:26,98,Working,48.6,25.6,0.0,167.7,20.1,20.1
2026-07-17 17:01:27,119,Working,3.3,20.5,0.0,14.3,8.8,8.8
2026-07-17 17:01:29,118,Looking Away,21.2,8.7,0.0,14.3,47.9,47.9
2026-07-17 17:01:30,118,Talking,21.2,9.7,0.0,14.3,46.9,46.9
2026-07-17 17:01:30,119,Talking,6.2,20.5,0.0,14.3,15.2,15.2
2026-07-17 17:01:31,56,Working,117.3,112.6,0.0,420.5,18.0,18.0
2026-07-17 17:01:31,98,Looking Away,53.2,25.6,0.0,167.7,21.6,21.6
2026-07-17 17:01:32,56,Talking,118.1,112.6,0.0,420.5,18.1,18.1
2026-07-17 17:01:32,98,Talking,53.2,26.4,0.0,167.7,21.5,21.5
2026-07-17 17:01:32,118,Working,21.2,9.7,0.0,16.1,45.1,45.1
2026-07-17 17:01:32,119,Looking Away,6.2,20.5,0.0,16.1,14.6,14.6
2026-07-17 17:01:33,56,Working,118.1,112.6,0.0,421.3,18.1,18.1
2026-07-17 17:01:33,98,Looking Away,53.2,26.4,0.0,168.5,21.5,21.5
2026-07-17 17:01:33,119,Working,6.2,21.3,0.0,16.1,14.3,14.3
2026-07-17 17:01:34,56,Talking,119.1,112.6,0.0,421.3,18.2,18.2
2026-07-17 17:01:34,98,Talking,53.2,27.4,0.0,168.5,21.4,21.4
2026-07-17 17:01:35,118,Looking Away,24.8,9.7,0.0,16.1,49.1,49.1
2026-07-17 17:01:36,118,Working,24.8,10.5,0.0,16.1,48.3,48.3
2026-07-17 17:01:39,118,Talking,27.6,10.5,0.0,16.1,50.9,50.9
2026-07-17 17:01:39,119,Talking,12.7,21.3,0.0,16.1,25.4,25.4
2026-07-17 17:01:40,118,Working,27.6,10.5,0.0,16.9,50.2,50.2
2026-07-17 17:01:40,119,Working,12.7,21.3,0.0,16.9,25.0,25.0
2026-07-17 17:01:42,118,Looking Away,29.3,10.5,0.0,16.9,51.6,51.6
2026-07-17 17:01:42,118,Working,29.3,11.4,0.0,16.9,50.8,50.8
2026-07-17 17:01:44,56,Working,119.1,112.6,0.0,431.9,17.9,17.9
2026-07-17 17:01:44,98,Looking Away,53.2,27.4,0.0,179.1,20.5,20.5
2026-07-17 17:01:44,118,Looking Away,31.0,11.4,0.0,16.9,52.3,52.3
2026-07-17 17:01:45,56,Talking,120.0,112.6,0.0,431.9,18.1,18.1
2026-07-17 17:01:45,98,Talking,53.2,28.4,0.0,179.1,20.4,20.4
2026-07-17 17:01:45,118,Working,31.0,12.4,0.0,16.9,51.5,51.5
2026-07-17 17:01:45,119,Looking Away,18.0,21.3,0.0,16.9,32.1,32.1
2026-07-17 17:01:46,118,Talking,31.9,12.4,0.0,16.9,52.2,52.2
2026-07-17 17:01:46,119,Talking,18.0,22.1,0.0,16.9,31.6,31.6
2026-07-17 17:01:48,118,Working,31.9,12.4,0.0,19.1,50.3,50.3
2026-07-17 17:01:48,119,Working,18.0,22.1,0.0,19.1,30.4,30.4
2026-07-17 17:01:49,118,Talking,32.8,12.4,0.0,19.1,51.0,51.0
2026-07-17 17:01:49,119,Talking,18.9,22.1,0.0,19.1,31.5,31.5
2026-07-17 17:01:51,118,Looking Away,32.8,12.4,0.0,20.7,49.8,49.8
2026-07-17 17:01:51,119,Working,18.9,22.1,0.0,20.7,30.7,30.7
2026-07-17 17:01:52,118,Talking,32.8,13.3,0.0,20.7,49.1,49.1
2026-07-17 17:01:52,119,Talking,19.8,22.1,0.0,20.7,31.6,31.6
2026-07-17 17:01:52,56,Working,120.0,112.6,0.0,439.1,17.9,17.9
2026-07-17 17:01:52,98,Looking Away,53.2,28.4,0.0,186.3,19.9,19.9
2026-07-17 17:01:52,118,Working,32.8,13.3,0.0,21.4,48.6,48.6
2026-07-17 17:01:52,119,Working,19.8,22.1,0.0,21.4,31.3,31.3
2026-07-17 17:01:53,56,Talking,121.1,112.6,0.0,439.1,18.0,18.0
2026-07-17 17:01:53,98,Talking,53.2,29.4,0.0,186.3,19.8,19.8
2026-07-17 17:01:53,118,Talking,33.8,13.3,0.0,21.4,49.3,49.3
2026-07-17 17:01:53,119,Talking,20.9,22.1,0.0,21.4,32.4,32.4
2026-07-17 17:01:55,56,Working,121.1,112.6,0.0,440.6,18.0,18.0
2026-07-17 17:01:55,98,Looking Away,53.2,29.4,0.0,187.7,19.7,19.7
2026-07-17 17:01:55,118,Looking Away,33.8,13.3,0.0,22.9,48.3,48.3
2026-07-17 17:01:55,119,Working,20.9,22.1,0.0,22.9,31.7,31.7
2026-07-17 17:01:56,118,Working,33.8,14.0,0.0,22.9,47.8,47.8
2026-07-17 17:01:56,119,Looking Away,21.6,22.1,0.0,22.9,32.5,32.5
2026-07-17 17:01:56,56,Talking,122.8,112.6,0.0,440.6,18.2,18.2
2026-07-17 17:01:56,98,Talking,53.2,31.1,0.0,187.7,19.6,19.6
2026-07-17 17:01:56,118,Talking,34.7,14.0,0.0,22.9,48.5,48.5
2026-07-17 17:01:56,119,Talking,21.6,23.0,0.0,22.9,32.0,32.0
2026-07-17 17:01:57,56,Working,122.8,112.6,0.0,441.4,18.1,18.1
2026-07-17 17:01:57,98,Looking Away,53.2,31.1,0.0,188.6,19.5,19.5
2026-07-17 17:01:57,118,Working,34.7,14.0,0.0,23.7,47.9,47.9
2026-07-17 17:01:57,119,Looking Away,21.6,23.0,0.0,23.7,31.6,31.6
2026-07-17 17:01:58,56,Talking,123.5,112.6,0.0,441.4,18.2,18.2
2026-07-17 17:01:58,98,Talking,53.2,31.8,0.0,188.6,19.4,19.4
2026-07-17 17:01:58,118,Talking,35.4,14.0,0.0,23.7,48.4,48.4
2026-07-17 17:01:58,119,Talking,21.6,23.8,0.0,23.7,31.3,31.3
2026-07-17 17:01:59,118,Working,35.4,14.0,0.0,24.5,47.9,47.9
2026-07-17 17:01:59,119,Looking Away,21.6,23.8,0.0,24.5,30.9,30.9
2026-07-17 17:02:00,56,Working,123.5,112.6,0.0,442.9,18.2,18.2
2026-07-17 17:02:00,98,Looking Away,53.2,31.8,0.0,190.1,19.3,19.3
2026-07-17 17:02:00,56,Talking,124.3,112.6,0.0,442.9,18.3,18.3
2026-07-17 17:02:00,98,Talking,53.2,32.6,0.0,190.1,19.3,19.3
2026-07-17 17:02:01,118,Looking Away,37.7,14.0,0.0,24.5,49.4,49.4
2026-07-17 17:02:02,56,Working,124.3,112.6,0.0,444.2,18.2,18.2
2026-07-17 17:02:02,98,Looking Away,53.2,32.6,0.0,191.3,19.2,19.2
2026-07-17 17:02:02,118,Working,37.7,14.5,0.0,24.5,49.2,49.2
2026-07-17 17:02:02,56,Talking,124.6,112.6,0.0,444.2,18.3,18.3
2026-07-17 17:02:02,98,Talking,53.2,32.9,0.0,191.3,19.2,19.2
2026-07-17 17:02:02,120,Looking Away,0.0,0.3,0.0,0.0,0.0,0.0
2026-07-17 17:02:02,56,Looking Away,124.6,112.6,0.0,444.5,18.3,18.3
2026-07-17 17:02:02,98,Working,53.2,32.9,0.0,191.7,19.2,19.2
2026-07-17 17:02:03,56,Talking,124.6,113.3,0.0,444.5,18.3,18.3
2026-07-17 17:02:03,98,Talking,53.9,32.9,0.0,191.7,19.4,19.4
2026-07-17 17:02:03,56,Looking Away,124.6,113.3,0.0,444.8,18.3,18.3
2026-07-17 17:02:03,98,Working,53.9,32.9,0.0,192.0,19.3,19.3
2026-07-17 17:02:03,121,Looking Away,0.0,0.3,0.0,0.0,0.0,0.0
2026-07-17 17:02:04,56,Talking,124.6,114.1,0.0,444.8,18.2,18.2
2026-07-17 17:02:04,98,Talking,54.7,32.9,0.0,192.0,19.6,19.6
2026-07-17 17:02:06,56,Working,124.6,114.1,0.0,446.5,18.2,18.2
2026-07-17 17:02:06,98,Looking Away,54.7,32.9,0.0,193.7,19.4,19.4
2026-07-17 17:02:06,56,Talking,124.9,114.1,0.0,446.5,18.2,18.2
2026-07-17 17:02:06,98,Talking,54.7,33.2,0.0,193.7,19.4,19.4
2026-07-17 17:02:07,56,Working,124.9,114.1,0.0,447.0,18.2,18.2
2026-07-17 17:02:07,98,Looking Away,54.7,33.2,0.0,194.2,19.4,19.4
2026-07-17 17:02:07,56,Looking Away,125.2,114.1,0.0,447.0,18.2,18.2
2026-07-17 17:02:07,98,Working,54.7,33.5,0.0,194.2,19.4,19.4
2026-07-17 17:02:07,56,Talking,125.2,114.5,0.0,447.0,18.2,18.2
2026-07-17 17:02:07,98,Talking,55.1,33.5,0.0,194.2,19.5,19.5
2026-07-17 17:02:10,56,Looking Away,125.2,114.5,0.0,450.3,18.1,18.1
2026-07-17 17:02:10,98,Working,55.1,33.5,0.0,197.4,19.3,19.3
2026-07-17 17:02:11,56,Talking,125.2,114.8,0.0,450.3,18.1,18.1
2026-07-17 17:02:11,98,Talking,55.4,33.5,0.0,197.4,19.3,19.3
2026-07-17 17:02:14,118,Looking Away,49.9,14.5,0.0,24.5,56.1,56.1
2026-07-17 17:02:14,118,Working,49.9,14.8,0.0,24.5,55.9,55.9
2026-07-17 17:02:15,118,Looking Away,50.7,14.8,0.0,24.5,56.3,56.3
2026-07-17 17:02:15,56,Looking Away,125.2,114.8,0.0,454.8,18.0,18.0
2026-07-17 17:02:15,98,Working,55.4,33.5,0.0,201.9,19.0,19.0
2026-07-17 17:02:15,118,Working,50.7,15.1,0.0,24.5,56.1,56.1
2026-07-17 17:02:16,56,Talking,125.2,115.2,0.0,454.8,18.0,18.0
2026-07-17 17:02:16,98,Talking,55.8,33.5,0.0,201.9,19.2,19.2
2026-07-17 17:02:17,121,Working,0.0,13.6,0.0,0.0,0.0,0.0
2026-07-17 17:02:17,56,Looking Away,125.2,115.2,0.0,456.0,18.0,18.0
2026-07-17 17:02:17,98,Working,55.8,33.5,0.0,203.2,19.1,19.1
2026-07-17 17:02:17,121,Looking Away,0.3,13.6,0.0,0.0,2.4,2.4
2026-07-17 17:02:18,56,Talking,125.2,115.9,0.0,456.0,18.0,18.0
2026-07-17 17:02:18,98,Talking,56.5,33.5,0.0,203.2,19.3,19.3
2026-07-17 17:02:18,121,Working,0.3,14.3,0.0,0.0,2.2,2.2
2026-07-17 17:02:18,118,Looking Away,53.4,15.1,0.0,24.5,57.4,57.4
2026-07-17 17:02:20,122,Looking Away,0.0,0.3,0.0,0.0,0.0,0.0
2026-07-17 17:02:20,123,Looking Away,0.0,0.3,0.0,0.0,0.0,0.0
2026-07-17 17:02:20,56,Working,125.2,115.9,0.0,458.7,17.9,17.9
2026-07-17 17:02:20,98,Working,56.5,33.5,0.0,205.9,19.1,19.1
2026-07-17 17:02:20,122,Working,0.0,0.8,0.0,0.0,0.0,0.0
2026-07-17 17:02:21,98,Looking Away,56.8,33.5,0.0,205.9,19.2,19.2
2026-07-17 17:02:21,122,Looking Away,0.3,0.8,0.0,0.0,28.8,28.8
2026-07-17 17:02:21,98,Working,56.8,33.8,0.0,205.9,19.2,19.2
2026-07-17 17:02:21,56,Talking,126.1,115.9,0.0,458.7,18.0,18.0
2026-07-17 17:02:21,98,Talking,57.1,33.8,0.0,205.9,19.2,19.2
2026-07-17 17:02:21,122,Working,0.3,1.5,0.0,0.0,18.8,18.8
2026-07-17 17:02:22,56,Working,126.1,115.9,0.0,459.2,18.0,18.0
2026-07-17 17:02:22,98,Working,57.1,33.8,0.0,206.4,19.2,19.2
2026-07-17 17:02:22,122,Looking Away,0.9,1.5,0.0,0.0,38.0,38.0
2026-07-17 17:02:22,56,Talking,126.4,115.9,0.0,459.2,18.0,18.0
2026-07-17 17:02:22,98,Talking,57.4,33.8,0.0,206.4,19.3,19.3
2026-07-17 17:02:23,122,Working,0.9,2.4,0.0,0.0,27.3,27.3
2026-07-17 17:02:23,56,Working,126.4,115.9,0.0,460.1,18.0,18.0
2026-07-17 17:02:23,98,Looking Away,57.4,33.8,0.0,207.3,19.2,19.2
2026-07-17 17:02:23,122,Looking Away,1.2,2.4,0.0,0.0,33.3,33.3
2026-07-17 17:02:23,56,Talking,126.8,115.9,0.0,460.1,18.0,18.0
2026-07-17 17:02:23,98,Talking,57.4,34.1,0.0,207.3,19.2,19.2
2026-07-17 17:02:23,125,Looking Away,0.0,0.3,0.0,0.0,0.0,0.0
2026-07-17 17:02:24,56,Working,126.8,115.9,0.0,460.5,18.0,18.0
2026-07-17 17:02:24,98,Looking Away,57.4,34.1,0.0,207.7,19.2,19.2
2026-07-17 17:02:24,125,Working,0.0,0.7,0.0,0.0,0.0,0.0
2026-07-17 17:02:24,56,Talking,127.1,115.9,0.0,460.5,18.1,18.1
2026-07-17 17:02:24,98,Talking,57.4,34.5,0.0,207.7,19.2,19.2
2026-07-17 17:02:24,122,Working,1.2,3.4,0.0,0.0,25.9,25.9
2026-07-17 17:02:24,122,Looking Away,1.5,3.4,0.0,0.0,30.8,30.8
2026-07-17 17:02:25,122,Working,1.5,3.8,0.0,0.0,28.8,28.8
2026-07-17 17:02:25,122,Looking Away,1.9,3.8,0.0,0.0,33.5,33.5
2026-07-17 17:02:25,56,Looking Away,127.1,115.9,0.0,461.9,18.0,18.0
2026-07-17 17:02:25,98,Working,57.4,34.5,0.0,209.1,19.1,19.1
2026-07-17 17:02:25,122,Working,1.9,4.2,0.0,0.0,31.3,31.3
2026-07-17 17:02:25,125,Looking Away,1.8,0.7,0.0,0.0,71.7,71.7
2026-07-17 17:02:26,125,Working,1.8,1.4,0.0,0.0,55.2,55.2
2026-07-17 17:02:27,56,Talking,127.1,117.0,0.0,461.9,18.0,18.0
2026-07-17 17:02:27,98,Talking,58.5,34.5,0.0,209.1,19.4,19.4
2026-07-17 17:02:27,125,Looking Away,2.4,1.4,0.0,0.0,63.0,63.0
2026-07-17 17:02:27,56,Working,127.1,117.0,0.0,462.6,18.0,18.0
2026-07-17 17:02:27,98,Looking Away,58.5,34.5,0.0,209.8,19.3,19.3
2026-07-17 17:02:27,125,Working,2.4,1.8,0.0,0.0,58.1,58.1
2026-07-17 17:02:28,125,Looking Away,3.1,1.8,0.0,0.0,64.0,64.0
2026-07-17 17:02:28,125,Working,3.1,2.0,0.0,0.0,60.4,60.4
2026-07-17 17:02:28,125,Looking Away,3.5,2.0,0.0,0.0,62.8,62.8
2026-07-17 17:02:29,125,Working,3.5,2.3,0.0,0.0,59.5,59.5
2026-07-17 17:02:30,98,Working,58.5,36.8,0.0,209.8,19.2,19.2
2026-07-17 17:02:30,125,Looking Away,4.2,2.3,0.0,0.0,64.0,64.0
2026-07-17 17:02:30,98,Looking Away,58.8,36.8,0.0,209.8,19.3,19.3
2026-07-17 17:02:30,56,Talking,130.1,117.0,0.0,462.6,18.3,18.3
2026-07-17 17:02:30,98,Talking,58.8,37.1,0.0,209.8,19.2,19.2
2026-07-17 17:02:30,56,Working,130.1,117.0,0.0,462.9,18.3,18.3
2026-07-17 17:02:30,98,Looking Away,58.8,37.1,0.0,210.1,19.2,19.2
2026-07-17 17:02:31,56,Talking,130.4,117.0,0.0,462.9,18.4,18.4
2026-07-17 17:02:31,98,Talking,58.8,37.4,0.0,210.1,19.2,19.2
2026-07-17 17:02:31,125,Working,4.2,3.6,0.0,0.0,53.7,53.7
2026-07-17 17:02:31,125,Looking Away,4.6,3.6,0.0,0.0,55.9,55.9
2026-07-17 17:02:32,125,Working,4.6,4.2,0.0,0.0,52.1,52.1
2026-07-17 17:02:33,125,Looking Away,5.5,4.2,0.0,0.0,56.8,56.8
2026-07-17 17:02:33,56,Working,130.4,117.0,0.0,465.1,18.3,18.3
2026-07-17 17:02:33,98,Working,58.8,37.4,0.0,212.3,19.1,19.1
2026-07-17 17:02:33,56,Looking Away,130.7,117.0,0.0,465.1,18.3,18.3
2026-07-17 17:02:34,56,Working,130.7,118.0,0.0,465.1,18.3,18.3
2026-07-17 17:02:35,56,Looking Away,131.7,118.0,0.0,465.1,18.4,18.4
2026-07-17 17:02:37,125,Working,5.5,8.1,0.0,0.0,40.6,40.6
2026-07-17 17:02:37,56,Working,131.7,119.6,0.0,465.1,18.4,18.4
2026-07-17 17:02:37,125,Looking Away,5.9,8.1,0.0,0.0,42.3,42.3
2026-07-17 17:02:37,56,Looking Away,132.1,119.6,0.0,465.1,18.4,18.4
2026-07-17 17:02:38,56,Working,132.1,120.3,0.0,465.1,18.4,18.4
2026-07-17 17:02:38,98,Looking Away,63.9,37.4,0.0,212.3,20.4,20.4
2026-07-17 17:02:39,56,Talking,133.0,120.3,0.0,465.1,18.5,18.5
2026-07-17 17:02:39,98,Talking,63.9,38.3,0.0,212.3,20.3,20.3
2026-07-17 17:02:39,56,Working,133.0,120.3,0.0,465.4,18.5,18.5
2026-07-17 17:02:39,98,Looking Away,63.9,38.3,0.0,212.6,20.3,20.3
2026-07-17 17:02:40,56,Talking,134.0,120.3,0.0,465.4,18.6,18.6
2026-07-17 17:02:40,98,Talking,63.9,39.3,0.0,212.6,20.2,20.2
2026-07-17 17:02:41,56,Looking Away,134.0,120.3,0.0,465.7,18.6,18.6
2026-07-17 17:02:41,98,Working,63.9,39.3,0.0,212.9,20.2,20.2
2026-07-17 17:02:41,56,Working,134.0,120.6,0.0,465.7,18.6,18.6
2026-07-17 17:02:42,56,Looking Away,134.9,120.6,0.0,465.7,18.7,18.7
2026-07-17 17:02:43,56,Working,134.9,121.8,0.0,465.7,18.7,18.7
2026-07-17 17:02:44,98,Looking Away,67.3,39.3,0.0,212.9,21.1,21.1
2026-07-17 17:02:44,56,Talking,136.1,121.8,0.0,465.7,18.8,18.8
2026-07-17 17:02:44,98,Talking,67.3,39.6,0.0,212.9,21.0,21.0
2026-07-17 17:02:45,56,Working,136.1,121.8,0.0,466.9,18.8,18.8
2026-07-17 17:02:45,98,Looking Away,67.3,39.6,0.0,214.1,21.0,21.0
2026-07-17 17:02:46,56,Talking,136.4,121.8,0.0,466.9,18.8,18.8
2026-07-17 17:02:46,98,Talking,67.3,39.9,0.0,214.1,20.9,20.9
2026-07-17 17:02:52,122,Talking,28.0,4.2,0.0,0.0,87.1,87.1
2026-07-17 17:02:52,125,Talking,5.9,22.6,0.0,0.0,20.8,20.8
2026-07-17 17:02:52,122,Working,28.0,4.2,0.0,0.3,86.3,86.3
2026-07-17 17:02:52,125,Looking Away,5.9,22.6,0.0,0.3,20.6,20.6
2026-07-17 17:03:05,126,Looking Away,0.0,0.3,0.0,0.0,0.0,0.0
2026-07-17 17:03:07,127,Working,0.0,0.7,0.0,0.0,0.0,0.0
2026-07-17 17:03:10,56,Looking Away,136.4,121.8,0.0,491.5,18.2,18.2
2026-07-17 17:03:10,98,Working,67.3,39.9,0.0,238.7,19.5,19.5
2026-07-17 17:03:11,56,Talking,136.4,122.5,0.0,491.5,18.2,18.2
2026-07-17 17:03:11,98,Talking,68.0,39.9,0.0,238.7,19.6,19.6
2026-07-17 17:03:11,126,Working,0.0,6.6,0.0,0.0,0.0,0.0
2026-07-17 17:03:11,126,Looking Away,0.3,6.6,0.0,0.0,4.4,4.4
2026-07-17 17:03:18,126,Talking,0.3,12.9,0.0,0.0,2.3,2.3
2026-07-17 17:03:18,127,Talking,10.2,0.7,0.0,0.0,93.5,93.5
2026-07-17 17:03:18,126,Looking Away,0.3,12.9,0.0,0.8,2.2,2.2
2026-07-17 17:03:18,127,Working,10.2,0.7,0.0,0.8,87.0,87.0
2026-07-17 17:03:19,126,Talking,0.3,13.7,0.0,0.8,2.1,2.1
2026-07-17 17:03:19,127,Talking,11.0,0.7,0.0,0.8,87.9,87.9
2026-07-17 17:03:22,56,Looking Away,136.4,122.5,0.0,502.8,17.9,17.9
2026-07-17 17:03:22,98,Working,68.0,39.9,0.0,250.0,19.0,19.0
2026-07-17 17:03:30,56,Talking,136.4,130.6,0.0,502.8,17.7,17.7
2026-07-17 17:03:30,98,Talking,76.0,39.9,0.0,250.0,20.8,20.8
2026-07-17 17:03:30,126,Looking Away,0.3,13.7,0.0,12.0,1.2,1.2
2026-07-17 17:03:30,127,Working,11.0,0.7,0.0,12.0,46.4,46.4
2026-07-17 17:03:31,56,Working,136.4,130.6,0.0,503.6,17.7,17.7
2026-07-17 17:03:31,98,Working,76.0,39.9,0.0,250.8,20.7,20.7
2026-07-17 17:03:32,56,Looking Away,137.4,130.6,0.0,503.6,17.8,17.8
2026-07-17 17:03:33,56,Talking,137.4,131.3,0.0,503.6,17.8,17.8
2026-07-17 17:03:33,98,Talking,77.7,39.9,0.0,250.8,21.1,21.1
2026-07-17 17:03:37,56,Looking Away,137.4,131.3,0.0,507.4,17.7,17.7
2026-07-17 17:03:37,98,Working,77.7,39.9,0.0,254.6,20.9,20.9
2026-07-17 17:03:37,127,Looking Away,18.0,0.7,0.0,12.0,58.6,58.6
2026-07-17 17:03:38,127,Working,18.0,1.4,0.0,12.0,57.4,57.4
2026-07-17 17:03:40,56,Talking,137.4,134.7,0.0,507.4,17.6,17.6
2026-07-17 17:03:40,98,Talking,81.1,39.9,0.0,254.6,21.6,21.6
2026-07-17 17:03:41,56,Looking Away,137.4,134.7,0.0,508.1,17.6,17.6
2026-07-17 17:03:41,98,Working,81.1,39.9,0.0,255.3,21.6,21.6
2026-07-17 17:03:42,56,Talking,137.4,135.6,0.0,508.1,17.6,17.6
2026-07-17 17:03:42,98,Talking,81.9,39.9,0.0,255.3,21.7,21.7
2026-07-17 17:03:42,56,Looking Away,137.4,135.6,0.0,508.4,17.6,17.6
2026-07-17 17:03:42,98,Working,81.9,39.9,0.0,255.6,21.7,21.7
2026-07-17 17:03:43,127,Looking Away,23.4,1.4,0.0,12.0,63.6,63.6
2026-07-17 17:03:44,128,Looking Away,0.0,0.3,0.0,0.0,0.0,0.0
2026-07-17 17:03:47,127,Working,23.4,4.5,0.0,12.0,58.7,58.7
2026-07-17 17:03:52,127,Looking Away,28.8,4.5,0.0,12.0,63.6,63.6
2026-07-17 17:03:52,129,Looking Away,2.9,0.0,0.0,0.0,100.0,100.0
2026-07-17 17:03:53,127,Working,28.8,5.1,0.0,12.0,62.7,62.7
2026-07-17 17:03:53,56,Talking,137.4,147.1,0.0,508.4,17.3,17.3
2026-07-17 17:03:53,98,Talking,93.5,39.9,0.0,255.6,24.0,24.0
2026-07-17 17:03:54,127,Looking Away,30.6,5.1,0.0,12.0,64.1,64.1
2026-07-17 17:03:57,56,Looking Away,137.4,147.1,0.0,511.8,17.3,17.3
2026-07-17 17:03:57,98,Working,93.5,39.9,0.0,258.9,23.8,23.8
2026-07-17 17:03:57,127,Working,30.6,8.1,0.0,12.0,60.3,60.3
2026-07-17 17:03:57,129,Working,2.9,5.5,0.0,0.0,34.8,34.8
2026-07-17 17:03:58,127,Looking Away,31.6,8.1,0.0,12.0,61.0,61.0
2026-07-17 17:03:59,127,Working,31.6,9.0,0.0,12.0,60.0,60.0
2026-07-17 17:04:00,56,Working,137.4,150.4,0.0,511.8,17.2,17.2
2026-07-17 17:04:00,127,Talking,32.4,9.0,0.0,12.0,60.7,60.7
2026-07-17 17:04:00,129,Talking,5.6,5.5,0.0,0.0,50.4,50.4
2026-07-17 17:04:02,56,Looking Away,138.9,150.4,0.0,511.8,17.3,17.3
2026-07-17 17:04:02,129,Looking Away,5.6,5.5,0.0,1.6,44.2,44.2
2026-07-17 17:04:02,131,Looking Away,0.0,0.8,0.0,0.0,0.0,0.0
2026-07-17 17:04:03,56,Working,138.9,152.0,0.0,511.8,17.3,17.3
2026-07-17 17:04:04,56,Looking Away,139.5,152.0,0.0,511.8,17.4,17.4
2026-07-17 17:04:05,132,Looking Away,0.0,0.9,0.0,0.0,0.0,0.0
2026-07-17 17:04:06,56,Working,139.5,154.3,0.0,511.8,17.3,17.3
2026-07-17 17:04:07,56,Looking Away,140.5,154.3,0.0,511.8,17.4,17.4
2026-07-17 17:04:07,133,Looking Away,0.0,1.0,0.0,0.0,0.0,0.0
2026-07-17 17:04:07,134,No Laptop,0.0,1.0,0.0,0.0,0.0,0.0
2026-07-17 17:04:08,56,No Laptop,140.5,155.7,0.0,511.8,17.4,17.4
2026-07-17 17:04:08,130,No Laptop,7.7,0.0,0.0,0.0,100.0,100.0
2026-07-17 17:04:08,135,No Laptop,0.0,1.4,0.0,0.0,0.0,0.0
2026-07-17 17:04:13,56,Talking,140.5,159.9,0.0,511.8,17.3,17.3
2026-07-17 17:04:13,135,Talking,0.0,5.6,0.0,0.0,0.0,0.0
2026-07-17 17:04:13,136,No Laptop,0.0,1.0,0.0,0.0,0.0,0.0
2026-07-17 17:04:13,137,No Laptop,0.0,1.0,0.0,0.0,0.0,0.0
2026-07-17 17:04:14,130,Talking,7.7,5.1,0.0,0.0,60.0,60.0
2026-07-17 17:04:16,56,Working,140.5,159.9,0.0,514.6,17.2,17.2
2026-07-17 17:04:16,130,Working,7.7,5.1,0.0,1.9,52.3,52.3
2026-07-17 17:04:16,135,Working,0.0,5.6,0.0,2.8,0.0,0.0
2026-07-17 17:04:16,56,Talking,141.3,159.9,0.0,514.6,17.3,17.3
2026-07-17 17:04:16,130,Talking,8.5,5.1,0.0,1.9,54.8,54.8
2026-07-17 17:04:16,135,Talking,0.8,5.6,0.0,2.8,8.8,8.8
2026-07-17 17:04:19,56,Working,141.3,159.9,0.0,517.1,17.3,17.3
2026-07-17 17:04:19,130,Working,8.5,5.1,0.0,4.4,47.1,47.1
2026-07-17 17:04:19,135,Working,0.8,5.6,0.0,5.4,6.9,6.9
2026-07-17 17:04:20,56,Looking Away,142.2,159.9,0.0,517.1,17.4,17.4
2026-07-17 17:04:21,56,Talking,142.2,160.7,0.0,517.1,17.3,17.3
2026-07-17 17:04:21,130,Talking,10.2,5.1,0.0,4.4,51.6,51.6
2026-07-17 17:04:21,56,Looking Away,142.2,160.7,0.0,518.0,17.3,17.3
2026-07-17 17:04:21,130,Working,10.2,5.1,0.0,5.4,49.3,49.3
2026-07-17 17:04:22,56,Talking,142.2,161.5,0.0,518.0,17.3,17.3
2026-07-17 17:04:22,130,Talking,11.0,5.1,0.0,5.4,51.2,51.2
2026-07-17 17:04:22,138,No Laptop,0.0,0.8,0.0,0.0,0.0,0.0
2026-07-17 17:04:25,56,Working,142.2,161.5,0.0,520.8,17.2,17.2
2026-07-17 17:04:25,130,Working,11.0,5.1,0.0,8.1,45.5,45.5
2026-07-17 17:04:27,56,No Laptop,144.3,161.5,0.0,520.8,17.5,17.5
2026-07-17 17:04:27,139,Looking Away,0.0,0.6,0.0,0.0,0.0,0.0
2026-07-17 17:04:28,130,Looking Away,13.7,5.1,0.0,8.1,50.8,50.8
2026-07-17 17:04:28,140,Looking Away,0.0,0.5,0.0,0.0,0.0,0.0
2026-07-17 17:04:30,140,Working,0.0,2.4,0.0,0.0,0.0,0.0
2026-07-17 17:04:31,140,Looking Away,0.4,2.4,0.0,0.0,13.2,13.2
2026-07-17 17:04:33,130,Talking,13.7,10.9,0.0,8.1,41.9,41.9
2026-07-17 17:04:33,140,Talking,0.4,5.2,0.0,0.0,6.6,6.6
2026-07-17 17:04:33,141,Looking Away,0.0,1.0,0.0,0.0,0.0,0.0
2026-07-17 17:04:35,141,Working,0.0,2.9,0.0,0.0,0.0,0.0
2026-07-17 17:04:36,142,Looking Away,0.0,0.9,0.0,0.0,0.0,0.0
2026-07-17 17:04:37,130,Looking Away,13.7,10.9,0.0,11.8,37.6,37.6
2026-07-17 17:04:37,140,Working,0.4,5.2,0.0,3.7,3.9,3.9
2026-07-17 17:04:38,142,No Laptop,0.0,2.9,0.0,0.0,0.0,0.0
2026-07-17 17:04:38,143,Looking Away,0.0,1.1,0.0,0.0,0.0,0.0
2026-07-17 17:04:40,143,Working,0.0,2.5,0.0,0.0,0.0,0.0
2026-07-17 17:04:41,144,Looking Away,0.0,0.8,0.0,0.0,0.0,0.0
2026-07-17 17:04:42,144,Working,0.0,2.0,0.0,0.0,0.0,0.0
2026-07-17 17:04:42,146,Looking Away,0.0,1.2,0.0,0.0,0.0,0.0
2026-07-17 17:04:44,130,Working,13.7,17.7,0.0,11.8,31.6,31.6
2026-07-17 17:04:44,143,Looking Away,4.4,2.5,0.0,0.0,64.0,64.0
2026-07-17 17:04:45,147,Looking Away,0.0,0.7,0.0,0.0,0.0,0.0
2026-07-17 17:04:45,130,Talking,15.2,17.7,0.0,11.8,33.9,33.9
2026-07-17 17:04:45,143,Talking,4.4,4.0,0.0,0.0,52.5,52.5
2026-07-17 17:04:48,148,Looking Away,0.0,0.9,0.0,0.0,0.0,0.0
2026-07-17 17:04:50,130,Looking Away,15.2,17.7,0.0,16.5,30.7,30.7
2026-07-17 17:04:50,143,Working,4.4,4.0,0.0,4.7,33.6,33.6
2026-07-17 17:04:53,130,Working,15.2,20.3,0.0,16.5,29.1,29.1
2026-07-17 17:04:53,143,Looking Away,7.0,4.0,0.0,4.7,44.6,44.6
2026-07-17 17:04:55,130,Talking,16.9,20.3,0.0,16.5,31.4,31.4
2026-07-17 17:04:55,143,Talking,7.0,5.7,0.0,4.7,40.2,40.2
2026-07-17 17:04:55,130,Working,16.9,20.3,0.0,17.4,31.0,31.0
2026-07-17 17:04:55,143,Looking Away,7.0,5.7,0.0,5.5,38.4,38.4
2026-07-17 17:04:57,130,Talking,18.5,20.3,0.0,17.4,33.0,33.0
2026-07-17 17:04:57,143,Talking,7.0,7.3,0.0,5.5,35.2,35.2
2026-07-17 17:04:58,130,Working,18.5,20.3,0.0,18.1,32.5,32.5
2026-07-17 17:04:58,143,Looking Away,7.0,7.3,0.0,6.3,33.9,33.9
2026-07-17 17:04:59,130,Talking,19.3,20.3,0.0,18.1,33.5,33.5
2026-07-17 17:04:59,143,Talking,7.0,8.1,0.0,6.3,32.6,32.6
2026-07-17 17:04:59,130,Working,19.3,20.3,0.0,19.0,32.9,32.9
2026-07-17 17:04:59,143,Looking Away,7.0,8.1,0.0,7.2,31.3,31.3
2026-07-17 17:05:04,130,Talking,24.1,20.3,0.0,19.0,38.0,38.0
2026-07-17 17:05:04,143,Talking,7.0,12.9,0.0,7.2,25.8,25.8
2026-07-17 17:05:05,146,Looking Away,0.0,0.3,0.0,0.0,0.0,0.0
2026-07-17 17:05:06,130,Working,24.1,20.3,0.0,20.4,37.2,37.2
2026-07-17 17:05:06,143,Looking Away,7.0,12.9,0.0,8.6,24.6,24.6
2026-07-17 17:05:10,143,Talking,7.0,17.4,0.0,8.6,21.3,21.3
2026-07-17 17:05:10,146,Talking,0.0,5.2,0.0,0.0,0.0,0.0
2026-07-17 17:05:11,130,Talking,29.3,20.3,0.0,20.4,41.9,41.9
2026-07-17 17:05:12,130,Working,29.3,20.3,0.0,21.1,41.4,41.4
2026-07-17 17:05:12,143,Looking Away,7.0,17.4,0.0,10.0,20.3,20.3
2026-07-17 17:05:13,130,Talking,31.3,20.3,0.0,21.1,43.0,43.0
2026-07-17 17:05:13,143,Talking,7.0,19.3,0.0,10.0,19.2,19.2
2026-07-17 17:05:13,147,Looking Away,0.0,1.2,0.0,0.0,0.0,0.0
2026-07-17 17:05:14,130,Working,31.3,20.3,0.0,21.9,42.6,42.6
2026-07-17 17:05:14,143,Looking Away,7.0,19.3,0.0,10.9,18.8,18.8
2026-07-17 17:05:15,143,Working,7.0,20.4,0.0,10.9,18.3,18.3
2026-07-17 17:05:16,143,Looking Away,7.3,20.4,0.0,10.9,19.0,19.0
2026-07-17 17:05:18,143,Talking,7.3,22.3,0.0,10.9,18.1,18.1
2026-07-17 17:05:18,147,Talking,0.0,5.3,0.0,0.0,0.0,0.0
2026-07-17 17:05:20,143,Working,7.3,22.3,0.0,13.2,17.2,17.2
2026-07-17 17:05:20,147,Looking Away,0.0,5.3,0.0,2.3,0.0,0.0
2026-07-17 17:05:20,143,Talking,7.7,22.3,0.0,13.2,17.9,17.9
2026-07-17 17:05:20,147,Talking,0.0,5.7,0.0,2.3,0.0,0.0
2026-07-17 17:05:21,130,Talking,37.7,20.3,0.0,21.9,47.1,47.1
2026-07-17 17:05:22,143,Working,7.7,22.3,0.0,15.0,17.2,17.2
2026-07-17 17:05:22,143,Talking,8.1,22.3,0.0,15.0,17.8,17.8
2026-07-17 17:05:23,143,Working,8.1,22.3,0.0,15.4,17.6,17.6
2026-07-17 17:05:23,143,Talking,8.4,22.3,0.0,15.4,18.2,18.2
2026-07-17 17:05:25,151,Looking Away,0.0,0.3,0.0,0.0,0.0,0.0
2026-07-17 17:05:26,130,Working,37.7,20.3,0.0,27.5,44.1,44.1
2026-07-17 17:05:26,143,Looking Away,8.4,22.3,0.0,18.4,17.1,17.1
2026-07-17 17:05:29,143,Talking,8.4,25.3,0.0,18.4,16.1,16.1
2026-07-17 17:05:29,151,Talking,0.0,5.0,0.0,0.0,0.0,0.0
2026-07-17 17:05:31,130,Talking,42.4,20.3,0.0,27.5,47.0,47.0
2026-07-17 17:05:32,130,Working,42.4,20.3,0.0,28.0,46.7,46.7
2026-07-17 17:05:32,130,Talking,42.7,20.3,0.0,28.0,46.9,46.9
2026-07-17 17:05:37,130,Working,42.7,20.3,0.0,32.9,44.5,44.5
2026-07-17 17:05:37,130,Talking,43.3,20.3,0.0,32.9,44.9,44.9
2026-07-17 17:05:38,130,Working,43.3,20.3,0.0,33.5,44.6,44.6
2026-07-17 17:05:38,130,Talking,43.6,20.3,0.0,33.5,44.7,44.7
2026-07-17 17:05:41,130,Working,43.6,20.3,0.0,36.3,43.5,43.5
2026-07-17 17:05:41,143,Working,8.4,25.3,0.0,30.1,13.2,13.2
2026-07-17 17:05:41,151,Looking Away,0.0,5.0,0.0,11.7,0.0,0.0
2026-07-17 17:05:41,143,Talking,8.7,25.3,0.0,30.1,13.6,13.6
2026-07-17 17:05:41,151,Talking,0.0,5.3,0.0,11.7,0.0,0.0
2026-07-17 17:05:47,143,Looking Away,8.7,25.3,0.0,35.5,12.5,12.5
2026-07-17 17:05:47,152,Looking Away,0.0,0.2,0.0,0.0,0.0,0.0
2026-07-17 17:05:47,153,Looking Away,0.0,0.2,0.0,0.0,0.0,0.0
2026-07-17 17:05:48,154,Looking Away,0.0,0.3,0.0,0.0,0.0,0.0
2026-07-17 17:05:49,155,Looking Away,0.0,0.3,0.0,0.0,0.0,0.0
2026-07-17 17:05:50,156,Looking Away,0.0,0.3,0.0,0.0,0.0,0.0
2026-07-17 17:05:53,157,Looking Away,0.0,0.3,0.0,0.0,0.0,0.0
2026-07-17 17:05:55,130,Talking,57.6,20.3,0.0,36.3,50.4,50.4
2026-07-17 17:05:55,143,Talking,8.7,33.7,0.0,35.5,11.2,11.2
2026-07-17 17:05:55,130,Working,57.6,20.3,0.0,36.6,50.3,50.3
2026-07-17 17:05:55,143,Looking Away,8.7,33.7,0.0,35.8,11.1,11.1
2026-07-17 17:05:57,158,Looking Away,0.0,0.7,0.0,0.0,0.0,0.0
2026-07-17 17:05:59,159,Looking Away,0.0,0.7,0.0,0.0,0.0,0.0
2026-07-17 17:06:00,160,Looking Away,0.0,0.3,0.0,0.0,0.0,0.0
2026-07-17 17:06:02,161,Looking Away,0.0,0.2,0.0,0.0,0.0,0.0
2026-07-17 17:06:06,143,Talking,8.7,44.9,0.0,35.8,9.7,9.7
2026-07-17 17:06:06,161,Talking,0.0,5.2,0.0,0.0,0.0,0.0
2026-07-17 17:06:13,130,Talking,75.4,20.3,0.0,36.6,57.0,57.0
2026-07-17 17:06:19,162,Looking Away,0.0,0.4,0.0,0.0,0.0,0.0
2026-07-17 17:06:33,130,Working,75.4,20.3,0.0,56.3,49.6,49.6
2026-07-17 17:06:33,143,Looking Away,8.7,44.9,0.0,62.1,7.5,7.5
2026-07-17 17:06:33,130,Talking,75.7,20.3,0.0,56.3,49.7,49.7
2026-07-17 17:06:33,143,Talking,8.7,45.2,0.0,62.1,7.5,7.5
2026-07-17 17:06:33,130,Working,75.7,20.3,0.0,56.6,49.6,49.6
2026-07-17 17:06:33,143,Looking Away,8.7,45.2,0.0,62.4,7.5,7.5
2026-07-17 17:06:34,130,Talking,76.1,20.3,0.0,56.6,49.7,49.7
2026-07-17 17:06:34,143,Talking,8.7,45.5,0.0,62.4,7.5,7.5
2026-07-17 17:06:37,145,Working,0.0,0.3,0.0,0.0,0.0,0.0
2026-07-17 17:06:37,145,Looking Away,0.3,0.3,0.0,0.0,51.4,51.4
2026-07-17 17:06:39,146,Talking,0.0,0.3,0.0,0.0,0.0,0.0
2026-07-17 17:06:41,130,Working,76.1,20.3,0.0,63.9,47.4,47.4
2026-07-17 17:06:41,130,Talking,76.4,20.3,0.0,63.9,47.5,47.5
2026-07-17 17:06:50,144,Talking,20.3,0.0,0.0,0.0,100.0,100.0
2026-07-17 17:06:51,144,Working,20.3,0.0,0.0,0.3,98.4,98.4
2026-07-17 17:06:56,143,Working,8.7,45.5,0.0,84.9,6.3,6.3
2026-07-17 17:06:57,143,Talking,9.3,45.5,0.0,84.9,6.7,6.7
2026-07-17 17:07:02,147,Looking Away,0.0,0.4,0.0,0.0,0.0,0.0
2026-07-17 17:07:02,147,Working,0.0,0.7,0.0,0.0,0.0,0.0
2026-07-17 17:07:03,147,Looking Away,1.2,0.7,0.0,0.0,61.0,61.0
2026-07-17 17:07:04,147,Working,1.2,1.2,0.0,0.0,49.1,49.1
2026-07-17 17:07:04,143,Working,9.3,45.5,0.0,92.3,6.3,6.3
2026-07-17 17:07:05,143,Talking,9.8,45.5,0.0,92.3,6.6,6.6
2026-07-17 17:07:06,147,Looking Away,3.2,1.2,0.0,0.0,72.6,72.6
2026-07-17 17:07:06,143,Working,9.8,45.5,0.0,93.8,6.6,6.6
2026-07-17 17:07:06,147,Talking,3.2,1.9,0.0,0.0,62.7,62.7
2026-07-17 17:07:07,143,Talking,10.2,45.5,0.0,93.8,6.8,6.8
2026-07-17 17:07:07,147,Working,3.2,1.9,0.0,0.8,54.4,54.4
2026-07-17 17:07:07,147,Talking,3.5,1.9,0.0,0.8,56.7,56.7
2026-07-17 17:07:08,130,Working,76.4,20.3,0.0,90.9,40.7,40.7
2026-07-17 17:07:10,148,Looking Away,0.0,0.4,0.0,0.0,0.0,0.0
2026-07-17 17:07:10,148,Working,0.0,1.2,0.0,0.0,0.0,0.0
2026-07-17 17:07:11,130,Talking,79.1,20.3,0.0,90.9,41.6,41.6
2026-07-17 17:07:13,148,Looking Away,2.2,1.2,0.0,0.0,64.9,64.9
2026-07-17 17:07:13,143,Working,10.2,45.5,0.0,100.1,6.5,6.5
2026-07-17 17:07:13,143,Talking,10.5,45.5,0.0,100.1,6.7,6.7
2026-07-17 17:07:14,130,Working,79.1,20.3,0.0,93.5,41.0,41.0
2026-07-17 17:07:14,143,Looking Away,10.5,45.5,0.0,100.9,6.7,6.7
2026-07-17 17:07:15,148,Working,2.2,3.6,0.0,0.0,38.2,38.2
2026-07-17 17:07:16,148,Looking Away,3.2,3.6,0.0,0.0,47.3,47.3
2026-07-17 17:07:16,143,Working,10.5,47.9,0.0,100.9,6.6,6.6
2026-07-17 17:07:17,143,Looking Away,11.0,47.9,0.0,100.9,6.9,6.9
2026-07-17 17:07:17,148,Working,3.2,4.5,0.0,0.0,41.8,41.8
2026-07-17 17:07:17,148,Looking Away,3.6,4.5,0.0,0.0,44.3,44.3
2026-07-17 17:07:18,130,Talking,83.0,20.3,0.0,93.5,42.2,42.2
2026-07-17 17:07:18,143,Talking,11.0,48.6,0.0,100.9,6.8,6.8
2026-07-17 17:07:20,148,Working,3.6,7.0,0.0,0.0,33.8,33.8
2026-07-17 17:07:20,148,Looking Away,4.1,7.0,0.0,0.0,36.8,36.8
2026-07-17 17:07:21,148,Working,4.1,7.8,0.0,0.0,34.3,34.3
2026-07-17 17:07:23,149,Looking Away,0.0,0.9,0.0,0.0,0.0,0.0
2026-07-17 17:07:24,130,Working,83.0,20.3,0.0,99.4,40.9,40.9
2026-07-17 17:07:24,143,Looking Away,11.0,48.6,0.0,106.8,6.6,6.6
2026-07-17 17:07:24,130,Talking,83.8,20.3,0.0,99.4,41.2,41.2
2026-07-17 17:07:24,143,Talking,11.0,49.4,0.0,106.8,6.6,6.6
2026-07-17 17:07:25,130,Working,83.8,20.3,0.0,100.3,41.0,41.0
2026-07-17 17:07:25,143,Looking Away,11.0,49.4,0.0,107.7,6.5,6.5
2026-07-17 17:07:27,130,Talking,85.5,20.3,0.0,100.3,41.5,41.5
2026-07-17 17:07:27,143,Talking,11.0,51.1,0.0,107.7,6.5,6.5
2026-07-17 17:07:28,130,Working,85.5,20.3,0.0,101.0,41.3,41.3
2026-07-17 17:07:28,143,Looking Away,11.0,51.1,0.0,108.4,6.4,6.4
2026-07-17 17:07:29,130,Talking,87.3,20.3,0.0,101.0,41.8,41.8
2026-07-17 17:07:29,143,Talking,11.0,52.9,0.0,108.4,6.4,6.4
2026-07-17 17:07:33,130,Working,87.3,20.3,0.0,104.6,41.1,41.1
2026-07-17 17:07:33,143,Looking Away,11.0,52.9,0.0,112.0,6.2,6.2
2026-07-17 17:07:33,148,Looking Away,16.0,7.8,0.0,0.0,67.1,67.1
2026-07-17 17:07:33,149,Working,0.0,11.2,0.0,0.0,0.0,0.0
2026-07-17 17:07:33,130,Talking,87.6,20.3,0.0,104.6,41.2,41.2
2026-07-17 17:07:33,143,Talking,11.0,53.2,0.0,112.0,6.2,6.2
2026-07-17 17:07:33,148,Working,16.0,8.2,0.0,0.0,66.1,66.1
2026-07-17 17:07:33,149,Looking Away,0.4,11.2,0.0,0.0,3.1,3.1
2026-07-17 17:07:34,130,Working,87.6,20.3,0.0,105.0,41.1,41.1
2026-07-17 17:07:34,143,Looking Away,11.0,53.2,0.0,112.4,6.2,6.2
2026-07-17 17:07:34,148,Looking Away,16.4,8.2,0.0,0.0,66.7,66.7
2026-07-17 17:07:35,130,Talking,88.5,20.3,0.0,105.0,41.4,41.4
2026-07-17 17:07:35,143,Talking,11.0,54.1,0.0,112.4,6.2,6.2
2026-07-17 17:07:35,148,Working,16.4,9.4,0.0,0.0,63.6,63.6
2026-07-17 17:07:35,130,Working,88.5,20.3,0.0,105.7,41.2,41.2
2026-07-17 17:07:35,143,Looking Away,11.0,54.1,0.0,113.1,6.2,6.2
2026-07-17 17:07:36,148,Looking Away,17.6,9.4,0.0,0.0,65.1,65.1
2026-07-17 17:07:37,148,Working,17.6,9.8,0.0,0.0,64.1,64.1
2026-07-17 17:07:37,149,Working,0.4,15.3,0.0,0.0,2.3,2.3
2026-07-17 17:07:39,130,Talking,91.8,20.3,0.0,105.7,42.1,42.1
2026-07-17 17:07:39,143,Talking,11.0,57.4,0.0,113.1,6.1,6.1
2026-07-17 17:07:39,130,Working,91.8,20.3,0.0,106.5,42.0,42.0
2026-07-17 17:07:39,143,Looking Away,11.0,57.4,0.0,113.9,6.0,6.0
2026-07-17 17:07:39,149,Looking Away,2.2,15.3,0.0,0.0,12.8,12.8
2026-07-17 17:07:40,130,Talking,92.1,20.3,0.0,106.5,42.1,42.1
2026-07-17 17:07:40,143,Talking,11.0,57.7,0.0,113.9,6.0,6.0
2026-07-17 17:07:40,149,Working,2.2,15.7,0.0,0.0,12.5,12.5
2026-07-17 17:07:42,149,Looking Away,4.4,15.7,0.0,0.0,21.8,21.8
2026-07-17 17:07:42,149,Working,4.4,16.0,0.0,0.0,21.5,21.5
2026-07-17 17:07:43,149,Looking Away,4.8,16.0,0.0,0.0,23.1,23.1
2026-07-17 17:07:43,149,Working,4.8,16.3,0.0,0.0,22.8,22.8
2026-07-17 17:07:44,148,Talking,24.6,9.8,0.0,0.0,71.5,71.5
2026-07-17 17:07:44,149,Talking,5.6,16.3,0.0,0.0,25.4,25.4
2026-07-17 17:07:44,148,Working,24.6,9.8,0.0,0.4,70.7,70.7
2026-07-17 17:07:44,149,Looking Away,5.6,16.3,0.0,0.4,25.0,25.0
2026-07-17 17:07:48,148,Talking,28.4,9.8,0.0,0.4,73.6,73.6
2026-07-17 17:07:48,149,Talking,5.6,20.1,0.0,0.4,21.4,21.4
2026-07-17 17:07:48,148,Working,28.4,9.8,0.0,0.7,73.0,73.0
2026-07-17 17:07:48,149,Looking Away,5.6,20.1,0.0,0.7,21.1,21.1
2026-07-17 17:07:49,148,Talking,29.6,9.8,0.0,0.7,73.7,73.7
2026-07-17 17:07:49,149,Talking,5.6,21.3,0.0,0.7,20.2,20.2
2026-07-17 17:07:50,148,Working,29.6,9.8,0.0,1.1,73.1,73.1
2026-07-17 17:07:50,149,Working,5.6,21.3,0.0,1.1,19.9,19.9
2026-07-17 17:07:51,130,Working,92.1,20.3,0.0,117.5,40.1,40.1
2026-07-17 17:07:51,143,Looking Away,11.0,57.7,0.0,124.9,5.7,5.7
2026-07-17 17:07:51,149,Looking Away,6.7,21.3,0.0,1.1,23.0,23.0
2026-07-17 17:07:51,130,Talking,92.5,20.3,0.0,117.5,40.1,40.1
2026-07-17 17:07:51,143,Talking,11.0,58.1,0.0,124.9,5.7,5.7
2026-07-17 17:07:51,149,Working,6.7,21.9,0.0,1.1,22.5,22.5
2026-07-17 17:07:53,149,Looking Away,8.2,21.9,0.0,1.1,26.3,26.3
2026-07-17 17:07:54,148,Talking,34.3,9.8,0.0,1.1,75.9,75.9
2026-07-17 17:07:54,149,Talking,8.2,23.3,0.0,1.1,25.2,25.2
2026-07-17 17:07:55,130,Looking Away,92.5,20.3,0.0,121.2,39.5,39.5
2026-07-17 17:07:55,143,Working,11.0,58.1,0.0,128.6,5.6,5.6
2026-07-17 17:07:55,148,Working,34.3,9.8,0.0,1.5,75.2,75.2
2026-07-17 17:07:55,149,Looking Away,8.2,23.3,0.0,1.5,24.9,24.9
2026-07-17 17:07:55,130,Talking,92.5,20.8,0.0,121.2,39.5,39.5
2026-07-17 17:07:55,143,Talking,11.4,58.1,0.0,128.6,5.8,5.8
2026-07-17 17:07:56,148,Talking,36.0,9.8,0.0,1.5,76.1,76.1
2026-07-17 17:07:56,149,Talking,8.2,25.1,0.0,1.5,23.6,23.6
2026-07-17 17:07:57,148,Working,36.0,9.8,0.0,1.9,75.5,75.5
2026-07-17 17:07:57,149,Looking Away,8.2,25.1,0.0,1.9,23.4,23.4
2026-07-17 17:07:59,130,Looking Away,92.5,20.8,0.0,124.6,38.9,38.9
2026-07-17 17:07:59,143,Working,11.4,58.1,0.0,131.9,5.7,5.7
2026-07-17 17:07:59,130,Talking,92.5,21.2,0.0,124.6,38.8,38.8
2026-07-17 17:07:59,143,Talking,11.8,58.1,0.0,131.9,5.9,5.9
2026-07-17 17:08:03,149,Working,8.2,31.6,0.0,1.9,19.7,19.7
2026-07-17 17:08:04,149,Looking Away,8.6,31.6,0.0,1.9,20.5,20.5
2026-07-17 17:08:04,148,Talking,43.7,9.8,0.0,1.9,78.9,78.9
2026-07-17 17:08:04,149,Talking,8.6,32.3,0.0,1.9,20.2,20.2
2026-07-17 17:08:05,148,Working,43.7,9.8,0.0,2.3,78.3,78.3
2026-07-17 17:08:05,149,Looking Away,8.6,32.3,0.0,2.3,20.0,20.0
2026-07-17 17:08:06,149,Working,8.6,33.0,0.0,2.3,19.7,19.7
2026-07-17 17:08:07,149,Looking Away,9.8,33.0,0.0,2.3,21.6,21.6
2026-07-17 17:08:07,149,Working,9.8,33.4,0.0,2.3,21.5,21.5
2026-07-17 17:08:07,130,Working,92.5,21.2,0.0,133.1,37.5,37.5
2026-07-17 17:08:07,143,Working,11.8,58.1,0.0,140.5,5.6,5.6
2026-07-17 17:08:08,143,Looking Away,12.2,58.1,0.0,140.5,5.8,5.8
2026-07-17 17:08:08,130,Talking,93.2,21.2,0.0,133.1,37.7,37.7
2026-07-17 17:08:08,143,Talking,12.2,58.5,0.0,140.5,5.8,5.8
2026-07-17 17:08:08,148,Looking Away,47.0,9.8,0.0,2.3,79.5,79.5
2026-07-17 17:08:09,148,Working,47.0,10.2,0.0,2.3,79.0,79.0
2026-07-17 17:08:09,130,Looking Away,93.2,21.2,0.0,133.9,37.5,37.5
2026-07-17 17:08:09,143,Working,12.2,58.5,0.0,141.3,5.7,5.7
2026-07-17 17:08:09,149,Looking Away,11.7,33.4,0.0,2.3,24.7,24.7
2026-07-17 17:08:09,130,Talking,93.2,21.5,0.0,133.9,37.5,37.5
2026-07-17 17:08:09,143,Talking,12.5,58.5,0.0,141.3,5.9,5.9
2026-07-17 17:08:10,130,Looking Away,93.2,21.5,0.0,135.0,37.3,37.3
2026-07-17 17:08:10,143,Working,12.5,58.5,0.0,142.4,5.9,5.9
2026-07-17 17:08:12,130,Talking,93.2,23.0,0.0,135.0,37.1,37.1
2026-07-17 17:08:12,143,Talking,14.0,58.5,0.0,142.4,6.5,6.5
2026-07-17 17:08:12,130,Looking Away,93.2,23.0,0.0,135.3,37.1,37.1
2026-07-17 17:08:12,143,Working,14.0,58.5,0.0,142.7,6.5,6.5
2026-07-17 17:08:13,130,Talking,93.2,23.3,0.0,135.3,37.0,37.0
2026-07-17 17:08:13,143,Talking,14.3,58.5,0.0,142.7,6.6,6.6
2026-07-17 17:08:14,130,Looking Away,93.2,23.3,0.0,136.6,36.8,36.8
2026-07-17 17:08:14,143,Working,14.3,58.5,0.0,144.0,6.6,6.6
2026-07-17 17:08:14,130,Talking,93.2,23.6,0.0,136.6,36.8,36.8
2026-07-17 17:08:14,143,Talking,14.6,58.5,0.0,144.0,6.7,6.7
2026-07-17 17:08:15,130,Looking Away,93.2,23.6,0.0,137.1,36.7,36.7
2026-07-17 17:08:15,143,Working,14.6,58.5,0.0,144.5,6.7,6.7
2026-07-17 17:08:15,130,Talking,93.2,24.0,0.0,137.1,36.6,36.6
2026-07-17 17:08:15,143,Talking,15.0,58.5,0.0,144.5,6.9,6.9
2026-07-17 17:08:17,148,Looking Away,55.0,10.2,0.0,2.3,81.5,81.5
2026-07-17 17:08:17,150,Looking Away,2.0,0.0,0.0,0.0,100.0,100.0
2026-07-17 17:08:17,130,Working,93.2,24.0,0.0,139.0,36.4,36.4
2026-07-17 17:08:17,143,Looking Away,15.0,58.5,0.0,146.4,6.8,6.8
2026-07-17 17:08:17,148,Working,55.0,10.5,0.0,2.3,81.1,81.1
2026-07-17 17:08:17,151,Looking Away,0.0,0.3,0.0,0.0,0.0,0.0
2026-07-17 17:08:17,130,Talking,93.6,24.0,0.0,139.0,36.5,36.5
2026-07-17 17:08:17,143,Talking,15.0,58.9,0.0,146.4,6.8,6.8
2026-07-17 17:08:18,151,Working,0.0,1.1,0.0,0.0,0.0,0.0
2026-07-17 17:08:18,151,Looking Away,0.3,1.1,0.0,0.0,24.3,24.3
2026-07-17 17:08:18,151,Working,0.3,1.4,0.0,0.0,19.9,19.9
2026-07-17 17:08:20,151,Looking Away,1.9,1.4,0.0,0.0,57.7,57.7
2026-07-17 17:08:23,130,Looking Away,93.6,24.0,0.0,144.4,35.7,35.7
2026-07-17 17:08:23,143,Working,15.0,58.9,0.0,151.8,6.7,6.7
2026-07-17 17:08:23,130,Talking,93.6,24.4,0.0,144.4,35.7,35.7
2026-07-17 17:08:23,143,Talking,15.4,58.9,0.0,151.8,6.8,6.8
2026-07-17 17:08:23,130,Working,93.6,24.4,0.0,144.7,35.6,35.6
2026-07-17 17:08:23,143,Looking Away,15.4,58.9,0.0,152.1,6.8,6.8
2026-07-17 17:08:24,130,Talking,94.0,24.4,0.0,144.7,35.7,35.7
2026-07-17 17:08:24,143,Talking,15.4,59.3,0.0,152.1,6.8,6.8
2026-07-17 17:08:24,130,Working,94.0,24.4,0.0,145.0,35.7,35.7
2026-07-17 17:08:24,143,Looking Away,15.4,59.3,0.0,152.4,6.8,6.8
2026-07-17 17:08:25,130,Talking,94.4,24.4,0.0,145.0,35.8,35.8
2026-07-17 17:08:25,143,Talking,15.4,59.6,0.0,152.4,6.7,6.7
2026-07-17 17:08:25,151,Working,1.9,6.7,0.0,0.0,22.0,22.0
2026-07-17 17:08:26,151,Looking Away,2.3,6.7,0.0,0.0,25.6,25.6
2026-07-17 17:08:27,151,Working,2.3,7.7,0.0,0.0,23.1,23.1
2026-07-17 17:08:31,151,Looking Away,6.5,7.7,0.0,0.0,45.8,45.8
2026-07-17 17:08:41,152,Talking,0.0,0.4,0.0,0.0,0.0,0.0
2026-07-17 17:08:47,151,Working,6.5,24.2,0.0,0.0,21.1,21.1
2026-07-17 17:08:49,148,Looking Away,86.7,10.5,0.0,2.3,87.1,87.1
2026-07-17 17:08:49,148,Working,86.7,11.0,0.0,2.3,86.7,86.7
2026-07-17 17:08:54,151,Looking Away,12.9,24.2,0.0,0.0,34.7,34.7
2026-07-17 17:08:56,153,No Laptop,0.0,0.4,0.0,0.0,0.0,0.0
2026-07-17 17:08:56,153,Looking Away,0.0,0.8,0.0,0.0,0.0,0.0
2026-07-17 17:08:57,143,Working,15.4,59.6,0.0,184.9,5.9,5.9
2026-07-17 17:08:57,143,Talking,15.7,59.6,0.0,184.9,6.0,6.0
2026-07-17 17:09:00,143,Working,15.7,59.6,0.0,187.6,6.0,6.0
2026-07-17 17:09:00,143,Talking,16.1,59.6,0.0,187.6,6.1,6.1
2026-07-17 17:09:03,130,Working,94.4,24.4,0.0,183.9,31.2,31.2
2026-07-17 17:09:04,130,Talking,94.8,24.4,0.0,183.9,31.3,31.3
2026-07-17 17:09:12,130,Working,94.8,24.4,0.0,191.9,30.5,30.5
2026-07-17 17:09:14,130,Talking,96.8,24.4,0.0,191.9,30.9,30.9
2026-07-17 17:09:17,154,Looking Away,1.3,0.0,0.0,0.0,100.0,100.0
2026-07-17 17:09:17,154,Working,1.3,0.3,0.0,0.0,79.4,79.4
2026-07-17 17:09:18,154,No Laptop,2.1,0.3,0.0,0.0,86.1,86.1
2026-07-17 17:09:19,154,Looking Away,2.1,1.4,0.0,0.0,60.4,60.4
2026-07-17 17:09:20,154,Working,2.1,1.8,0.0,0.0,54.1,54.1
2026-07-17 17:09:20,154,Looking Away,2.8,1.8,0.0,0.0,61.0,61.0
2026-07-17 17:09:21,154,Working,2.8,2.3,0.0,0.0,54.7,54.7
2026-07-17 17:09:21,155,Looking Away,0.0,0.4,0.0,0.0,0.0,0.0
2026-07-17 17:09:22,155,Working,0.0,1.1,0.0,0.0,0.0,0.0
2026-07-17 17:09:23,155,Looking Away,0.8,1.1,0.0,0.0,41.3,41.3
2026-07-17 17:09:24,130,Working,96.8,24.4,0.0,202.0,29.9,29.9
2026-07-17 17:09:24,143,Looking Away,16.1,59.6,0.0,211.0,5.6,5.6
2026-07-17 17:09:24,155,Working,0.8,2.3,0.0,0.0,24.5,24.5
2026-07-17 17:09:25,130,Talking,98.1,24.4,0.0,202.0,30.2,30.2
2026-07-17 17:09:25,143,Talking,16.1,61.0,0.0,211.0,5.6,5.6
2026-07-17 17:09:26,130,Working,98.1,24.4,0.0,202.8,30.2,30.2
2026-07-17 17:09:26,143,Looking Away,16.1,61.0,0.0,211.8,5.6,5.6
2026-07-17 17:09:26,155,Looking Away,3.3,2.3,0.0,0.0,58.4,58.4
2026-07-17 17:09:27,155,Working,3.3,3.3,0.0,0.0,49.5,49.5
2026-07-17 17:09:30,130,Talking,101.9,24.4,0.0,202.8,31.0,31.0
2026-07-17 17:09:30,143,Talking,16.1,64.8,0.0,211.8,5.5,5.5
2026-07-17 17:09:31,130,Working,101.9,24.4,0.0,203.7,30.9,30.9
2026-07-17 17:09:31,143,Looking Away,16.1,64.8,0.0,212.7,5.5,5.5
2026-07-17 17:09:33,130,Talking,104.2,24.4,0.0,203.7,31.4,31.4
2026-07-17 17:09:33,143,Talking,16.1,67.1,0.0,212.7,5.4,5.4
2026-07-17 17:09:34,130,Working,104.2,24.4,0.0,204.2,31.3,31.3
2026-07-17 17:09:34,143,Looking Away,16.1,67.1,0.0,213.2,5.4,5.4
2026-07-17 17:09:34,130,Talking,104.7,24.4,0.0,204.2,31.4,31.4
2026-07-17 17:09:34,143,Talking,16.1,67.5,0.0,213.2,5.4,5.4
2026-07-17 17:09:34,154,Looking Away,16.4,2.3,0.0,0.0,87.5,87.5
2026-07-17 17:09:35,130,Working,104.7,24.4,0.0,205.0,31.3,31.3
2026-07-17 17:09:35,143,Looking Away,16.1,67.5,0.0,214.0,5.4,5.4
2026-07-17 17:09:35,130,Talking,105.0,24.4,0.0,205.0,31.4,31.4
2026-07-17 17:09:35,143,Talking,16.1,67.9,0.0,214.0,5.4,5.4
2026-07-17 17:09:35,154,Working,16.4,3.5,0.0,0.0,82.4,82.4
2026-07-17 17:09:36,130,Working,105.0,24.4,0.0,206.2,31.3,31.3
2026-07-17 17:09:36,143,Working,16.1,67.9,0.0,215.2,5.4,5.4
2026-07-17 17:09:37,143,Looking Away,16.6,67.9,0.0,215.2,5.5,5.5
2026-07-17 17:09:38,130,Talking,106.2,24.4,0.0,206.2,31.5,31.5
2026-07-17 17:09:38,143,Talking,16.6,68.6,0.0,215.2,5.5,5.5
2026-07-17 17:09:38,154,Looking Away,18.5,3.5,0.0,0.0,84.1,84.1
2026-07-17 17:09:38,156,Looking Away,2.1,0.0,0.0,0.0,100.0,100.0
2026-07-17 17:09:38,130,Working,106.2,24.4,0.0,206.6,31.5,31.5
2026-07-17 17:09:38,143,Looking Away,16.6,68.6,0.0,215.6,5.5,5.5
2026-07-17 17:09:39,156,Working,2.1,1.1,0.0,0.0,66.5,66.5
2026-07-17 17:09:40,143,Working,16.6,70.5,0.0,215.6,5.5,5.5
2026-07-17 17:09:40,154,Working,18.5,6.1,0.0,0.0,75.3,75.3
2026-07-17 17:09:41,143,Looking Away,17.4,70.5,0.0,215.6,5.7,5.7
2026-07-17 17:09:41,154,Looking Away,18.9,6.1,0.0,0.0,75.7,75.7
2026-07-17 17:09:41,156,Looking Away,4.0,1.1,0.0,0.0,79.1,79.1
2026-07-17 17:09:41,156,Working,4.0,1.4,0.0,0.0,74.4,74.4
2026-07-17 17:09:41,143,Working,17.4,71.2,0.0,215.6,5.7,5.7
2026-07-17 17:09:41,156,Looking Away,4.4,1.4,0.0,0.0,76.2,76.2
2026-07-17 17:09:42,143,Looking Away,17.8,71.2,0.0,215.6,5.8,5.8
2026-07-17 17:09:42,157,Looking Away,0.0,0.4,0.0,0.0,0.0,0.0
2026-07-17 17:09:43,154,Talking,18.9,8.3,0.0,0.0,69.5,69.5
2026-07-17 17:09:43,156,Talking,4.4,2.9,0.0,0.0,60.7,60.7
2026-07-17 17:09:45,143,Talking,17.8,74.2,0.0,215.6,5.8,5.8
2026-07-17 17:09:45,154,Working,18.9,8.3,0.0,1.9,65.0,65.0
2026-07-17 17:09:45,156,Looking Away,4.4,2.9,0.0,1.9,48.2,48.2
2026-07-17 17:09:45,143,Working,17.8,74.2,0.0,216.1,5.8,5.8
2026-07-17 17:09:45,156,Working,4.4,3.3,0.0,1.9,45.8,45.8
2026-07-17 17:09:45,158,Looking Away,0.0,0.5,0.0,0.0,0.0,0.0
2026-07-17 17:09:45,143,Talking,18.1,74.2,0.0,216.1,5.9,5.9
2026-07-17 17:09:45,158,Talking,0.0,0.9,0.0,0.0,0.0,0.0
2026-07-17 17:09:46,143,Working,18.1,74.2,0.0,216.9,5.9,5.9
2026-07-17 17:09:46,158,Looking Away,0.0,0.9,0.0,0.8,0.0,0.0
2026-07-17 17:09:47,143,Talking,18.5,74.2,0.0,216.9,6.0,6.0
2026-07-17 17:09:47,158,Talking,0.0,1.2,0.0,0.8,0.0,0.0
2026-07-17 17:09:47,154,Talking,21.4,8.3,0.0,1.9,67.8,67.8
2026-07-17 17:09:47,157,Talking,0.0,5.8,0.0,0.0,0.0,0.0
2026-07-17 17:09:48,154,Working,21.4,8.3,0.0,2.3,66.9,66.9
2026-07-17 17:09:48,156,Talking,6.8,3.3,0.0,1.9,56.5,56.5
2026-07-17 17:09:48,143,Working,18.5,74.2,0.0,218.2,5.9,5.9
2026-07-17 17:09:48,154,Talking,21.8,8.3,0.0,2.3,67.4,67.4
2026-07-17 17:09:48,158,Looking Away,0.0,1.2,0.0,2.1,0.0,0.0
2026-07-17 17:09:49,143,Talking,20.0,74.2,0.0,218.2,6.4,6.4
2026-07-17 17:09:49,156,Working,6.8,3.3,0.0,3.8,48.7,48.7
2026-07-17 17:09:49,158,Talking,0.0,2.7,0.0,2.1,0.0,0.0
2026-07-17 17:09:50,143,Working,20.0,74.2,0.0,218.7,6.4,6.4
2026-07-17 17:09:50,156,Talking,7.3,3.3,0.0,3.8,50.4,50.4
2026-07-17 17:09:52,157,Working,0.0,5.8,0.0,5.4,0.0,0.0
2026-07-17 17:09:52,159,Looking Away,0.0,0.4,0.0,0.0,0.0,0.0
2026-07-17 17:09:53,157,Talking,0.5,5.8,0.0,5.4,4.5,4.5
2026-07-17 17:09:53,159,Working,0.0,1.0,0.0,0.0,0.0,0.0
2026-07-17 17:09:53,160,Working,0.0,0.5,0.0,0.0,0.0,0.0
2026-07-17 17:09:54,159,Looking Away,0.5,1.0,0.0,0.0,34.8,34.8
2026-07-17 17:09:54,130,Looking Away,122.2,24.4,0.0,206.6,34.6,34.6
2026-07-17 17:09:54,159,Working,0.5,1.6,0.0,0.0,23.7,23.7
2026-07-17 17:09:55,159,Looking Away,1.7,1.6,0.0,0.0,50.7,50.7
2026-07-17 17:09:56,159,Working,1.7,2.0,0.0,0.0,46.0,46.0
2026-07-17 17:09:56,154,Looking Away,21.8,8.3,0.0,10.4,53.9,53.9
2026-07-17 17:09:56,156,Working,7.3,3.3,0.0,10.0,35.2,35.2
2026-07-17 17:09:56,157,Working,0.5,5.8,0.0,8.5,3.5,3.5
2026-07-17 17:09:56,159,Looking Away,2.1,2.0,0.0,0.0,51.5,51.5
2026-07-17 17:09:57,161,Looking Away,0.0,0.4,0.0,0.0,0.0,0.0
2026-07-17 17:09:58,154,Talking,21.8,10.0,0.0,10.4,51.7,51.7
2026-07-17 17:09:58,157,Talking,2.3,5.8,0.0,8.5,13.7,13.7
2026-07-17 17:09:59,156,Talking,9.8,3.3,0.0,10.0,42.2,42.2
2026-07-17 17:09:59,159,Working,2.1,4.5,0.0,0.0,32.0,32.0
2026-07-17 17:09:59,156,Working,9.8,3.3,0.0,10.5,41.4,41.4
2026-07-17 17:10:00,156,Talking,10.2,3.3,0.0,10.5,42.5,42.5
2026-07-17 17:10:01,130,Talking,122.2,31.6,0.0,206.6,33.9,33.9
2026-07-17 17:10:01,157,Working,2.3,5.8,0.0,11.7,11.5,11.5
2026-07-17 17:10:01,159,Talking,4.6,4.5,0.0,0.0,50.4,50.4
2026-07-17 17:10:02,130,Looking Away,122.2,31.6,0.0,207.0,33.9,33.9
2026-07-17 17:10:02,156,Working,10.2,3.3,0.0,12.5,39.2,39.2
2026-07-17 17:10:02,159,Working,4.6,4.5,0.0,0.5,48.0,48.0
2026-07-17 17:10:02,161,Talking,0.0,5.0,0.0,0.0,0.0,0.0
2026-07-17 17:10:02,130,Working,122.2,32.0,0.0,207.0,33.8,33.8
2026-07-17 17:10:02,159,Talking,5.0,4.5,0.0,0.5,50.3,50.3
2026-07-17 17:10:02,159,Working,5.0,4.5,0.0,0.9,48.1,48.1
2026-07-17 17:10:03,156,Talking,11.6,3.3,0.0,12.5,42.2,42.2
2026-07-17 17:10:03,157,Talking,4.1,5.8,0.0,11.7,18.9,18.9
2026-07-17 17:10:03,159,Talking,5.4,4.5,0.0,0.9,50.2,50.2
2026-07-17 17:10:03,130,Talking,123.5,32.0,0.0,207.0,34.1,34.1
2026-07-17 17:10:05,130,Looking Away,123.5,32.0,0.0,208.6,33.9,33.9
2026-07-17 17:10:05,159,Working,5.4,4.5,0.0,2.9,42.4,42.4
2026-07-17 17:10:06,130,Talking,123.5,32.9,0.0,208.6,33.8,33.8
2026-07-17 17:10:06,159,Talking,6.3,4.5,0.0,2.9,46.0,46.0
2026-07-17 17:10:06,130,Working,123.5,32.9,0.0,209.1,33.8,33.8
2026-07-17 17:10:06,156,Working,11.6,3.3,0.0,15.8,37.7,37.7
2026-07-17 17:10:07,156,Talking,12.2,3.3,0.0,15.8,38.8,38.8
2026-07-17 17:10:07,159,Working,6.3,4.5,0.0,4.5,41.2,41.2
2026-07-17 17:10:08,130,Talking,125.0,32.9,0.0,209.1,34.1,34.1
2026-07-17 17:10:08,159,Talking,6.7,4.5,0.0,4.5,42.8,42.8
2026-07-17 17:10:09,130,Working,125.0,32.9,0.0,210.1,34.0,34.0
2026-07-17 17:10:09,159,Working,6.7,4.5,0.0,5.5,40.2,40.2
2026-07-17 17:10:09,159,Talking,7.3,4.5,0.0,5.5,42.2,42.2
2026-07-17 17:10:11,156,Working,12.2,3.3,0.0,20.2,34.1,34.1
2026-07-17 17:10:12,156,Talking,13.1,3.3,0.0,20.2,35.8,35.8
2026-07-17 17:10:12,159,Working,7.3,4.5,0.0,8.3,36.3,36.3
2026-07-17 17:10:13,156,Working,13.1,3.3,0.0,21.3,34.7,34.7
2026-07-17 17:10:14,156,Talking,14.2,3.3,0.0,21.3,36.6,36.6
2026-07-17 17:10:16,159,Talking,11.0,4.5,0.0,8.3,46.2,46.2
2026-07-17 17:10:16,159,Working,11.0,4.5,0.0,8.7,45.4,45.4
2026-07-17 17:10:17,159,Talking,11.7,4.5,0.0,8.7,47.0,47.0
2026-07-17 17:10:17,159,Working,11.7,4.5,0.0,9.1,46.3,46.3
2026-07-17 17:10:18,159,Talking,12.6,4.5,0.0,9.1,48.1,48.1
2026-07-17 17:10:19,159,Working,12.6,4.5,0.0,9.6,47.3,47.3
2026-07-17 17:10:19,159,Talking,13.0,4.5,0.0,9.6,48.1,48.1
2026-07-17 17:10:20,159,Working,13.0,4.5,0.0,10.0,47.3,47.3
2026-07-17 17:10:20,154,Working,21.8,10.0,0.0,32.8,33.8,33.8
2026-07-17 17:10:20,159,Talking,13.8,4.5,0.0,10.0,48.7,48.7
2026-07-17 17:10:21,154,Talking,22.4,10.0,0.0,32.8,34.3,34.3
2026-07-17 17:10:21,159,Working,13.8,4.5,0.0,10.6,47.8,47.8
2026-07-17 17:10:22,159,Talking,15.2,4.5,0.0,10.6,50.3,50.3
2026-07-17 17:10:24,159,Working,15.2,4.5,0.0,11.9,48.1,48.1
2026-07-17 17:10:24,154,Working,22.4,10.0,0.0,36.1,32.7,32.7
2026-07-17 17:10:24,159,Talking,15.7,4.5,0.0,11.9,48.9,48.9
2026-07-17 17:10:25,154,Talking,22.9,10.0,0.0,36.1,33.2,33.2
2026-07-17 17:10:25,154,Working,22.9,10.0,0.0,36.6,33.0,33.0
2026-07-17 17:10:25,156,Working,14.2,3.3,0.0,32.0,28.7,28.7
2026-07-17 17:10:25,157,Working,4.1,5.8,0.0,33.9,9.3,9.3
2026-07-17 17:10:25,159,Working,15.7,4.5,0.0,12.9,47.4,47.4
2026-07-17 17:10:25,161,Looking Away,0.0,5.0,0.0,23.6,0.0,0.0
2026-07-17 17:10:26,154,Talking,23.5,10.0,0.0,36.6,33.5,33.5
2026-07-17 17:10:26,159,Talking,16.3,4.5,0.0,12.9,48.3,48.3
2026-07-17 17:10:26,161,Talking,0.0,5.6,0.0,23.6,0.0,0.0
2026-07-17 17:10:26,156,Talking,15.3,3.3,0.0,32.0,30.2,30.2
2026-07-17 17:10:27,156,Working,15.3,3.3,0.0,32.5,30.0,30.0
2026-07-17 17:10:27,156,Talking,15.8,3.3,0.0,32.5,30.6,30.6
2026-07-17 17:10:27,157,Talking,6.2,5.8,0.0,33.9,13.4,13.4
2026-07-17 17:10:28,156,Working,15.8,3.3,0.0,33.5,30.1,30.1
2026-07-17 17:10:28,157,Working,6.2,5.8,0.0,34.9,13.1,13.1
2026-07-17 17:10:29,156,Talking,16.3,3.3,0.0,33.5,30.8,30.8
2026-07-17 17:10:29,157,Talking,6.7,5.8,0.0,34.9,14.1,14.1
2026-07-17 17:10:29,159,Working,16.3,4.5,0.0,15.9,44.4,44.4
2026-07-17 17:10:29,159,Talking,16.7,4.5,0.0,15.9,45.1,45.1
2026-07-17 17:10:30,156,Working,16.3,3.3,0.0,34.4,30.2,30.2
2026-07-17 17:10:31,156,Talking,17.3,3.3,0.0,34.4,31.4,31.4
2026-07-17 17:10:31,156,Working,17.3,3.3,0.0,34.8,31.2,31.2
2026-07-17 17:10:31,159,Working,16.7,4.5,0.0,17.7,43.0,43.0
2026-07-17 17:10:31,130,Talking,147.8,32.9,0.0,210.1,37.8,37.8
2026-07-17 17:10:31,159,Talking,17.3,4.5,0.0,17.7,43.8,43.8
2026-07-17 17:10:32,130,Looking Away,147.8,32.9,0.0,210.5,37.8,37.8
2026-07-17 17:10:32,159,Working,17.3,4.5,0.0,18.1,43.3,43.3
2026-07-17 17:10:32,130,Working,147.8,33.3,0.0,210.5,37.7,37.7
2026-07-17 17:10:32,159,Talking,17.7,4.5,0.0,18.1,43.9,43.9
2026-07-17 17:10:33,159,Looking Away,17.7,4.5,0.0,18.5,43.5,43.5
2026-07-17 17:10:33,159,Working,17.7,4.8,0.0,18.5,43.1,43.1
2026-07-17 17:10:33,156,Talking,19.7,3.3,0.0,34.8,34.0,34.0
2026-07-17 17:10:33,159,Looking Away,18.0,4.8,0.0,18.5,43.6,43.6
2026-07-17 17:10:33,162,Looking Away,0.0,0.4,0.0,0.0,0.0,0.0
2026-07-17 17:10:34,154,Working,23.5,10.0,0.0,44.6,30.1,30.1
2026-07-17 17:10:34,156,Working,19.7,3.3,0.0,35.2,33.8,33.8
2026-07-17 17:10:34,157,No Laptop,6.7,5.8,0.0,40.0,12.7,12.7
2026-07-17 17:10:34,154,Talking,23.9,10.0,0.0,44.6,30.4,30.4
2026-07-17 17:10:34,157,Talking,6.7,6.3,0.0,40.0,12.6,12.6
2026-07-17 17:10:35,156,Talking,21.0,3.3,0.0,35.2,35.2,35.2
2026-07-17 17:10:35,154,Working,23.9,10.0,0.0,45.9,29.9,29.9
2026-07-17 17:10:35,156,Working,21.0,3.3,0.0,35.7,34.9,34.9
2026-07-17 17:10:35,157,Looking Away,6.7,6.3,0.0,41.3,12.3,12.3
2026-07-17 17:10:38,154,Talking,26.4,10.0,0.0,45.9,32.1,32.1
2026-07-17 17:10:38,157,Talking,6.7,8.8,0.0,41.3,11.8,11.8
2026-07-17 17:10:39,154,Working,26.4,10.0,0.0,46.5,31.8,31.8
2026-07-17 17:10:39,157,Looking Away,6.7,8.8,0.0,41.8,11.6,11.6
2026-07-17 17:10:39,159,Working,18.0,10.8,0.0,18.5,38.1,38.1
2026-07-17 17:10:40,157,Working,6.7,10.7,0.0,41.8,11.3,11.3
2026-07-17 17:10:40,159,Looking Away,19.2,10.8,0.0,18.5,39.6,39.6
2026-07-17 17:10:41,154,Talking,29.0,10.0,0.0,46.5,33.9,33.9
2026-07-17 17:10:41,156,Talking,26.6,3.3,0.0,35.7,40.6,40.6
2026-07-17 17:10:41,157,Talking,7.3,10.7,0.0,41.8,12.3,12.3
2026-07-17 17:10:41,159,Working,19.2,11.5,0.0,18.5,39.1,39.1
2026-07-17 17:10:41,163,Looking Away,0.0,0.7,0.0,0.0,0.0,0.0
2026-07-17 17:10:42,156,Working,26.6,3.3,0.0,36.4,40.1,40.1
2026-07-17 17:10:42,159,Looking Away,20.0,11.5,0.0,18.5,40.0,40.0
2026-07-17 17:10:42,159,Working,20.0,12.0,0.0,18.5,39.6,39.6
2026-07-17 17:10:42,164,Looking Away,0.0,0.5,0.0,0.0,0.0,0.0
2026-07-17 17:10:43,154,Looking Away,29.0,10.0,0.0,48.4,33.2,33.2
2026-07-17 17:10:43,157,Working,7.3,10.7,0.0,43.7,11.9,11.9
2026-07-17 17:10:44,154,Working,29.0,10.6,0.0,48.4,33.0,33.0
2026-07-17 17:10:44,156,Talking,28.3,3.3,0.0,36.4,41.6,41.6
2026-07-17 17:10:44,157,Talking,7.9,10.7,0.0,43.7,12.7,12.7
2026-07-17 17:10:44,159,Talking,21.1,12.0,0.0,18.5,40.9,40.9
2026-07-17 17:10:45,154,Talking,30.6,10.6,0.0,48.4,34.1,34.1
2026-07-17 17:10:45,159,Working,21.1,12.0,0.0,20.0,39.7,39.7
2026-07-17 17:10:46,154,Working,30.6,10.6,0.0,49.5,33.7,33.7
2026-07-17 17:10:46,159,Talking,22.2,12.0,0.0,20.0,40.9,40.9
2026-07-17 17:10:47,154,Talking,31.2,10.6,0.0,49.5,34.1,34.1
2026-07-17 17:10:47,156,Working,28.3,3.3,0.0,39.7,39.6,39.6
2026-07-17 17:10:47,159,Looking Away,22.2,12.0,0.0,20.6,40.5,40.5
2026-07-17 17:10:48,154,Working,31.2,10.6,0.0,50.2,33.9,33.9
2026-07-17 17:10:48,159,Working,22.2,12.6,0.0,20.6,40.0,40.0
2026-07-17 17:10:48,164,Talking,0.0,5.6,0.0,0.0,0.0,0.0
2026-07-17 17:10:48,154,Talking,31.9,10.6,0.0,50.2,34.5,34.5
2026-07-17 17:10:48,159,Talking,23.0,12.6,0.0,20.6,40.9,40.9
2026-07-17 17:10:49,154,Working,31.9,10.6,0.0,51.2,34.1,34.1
2026-07-17 17:10:51,156,Talking,32.5,3.3,0.0,39.7,43.0,43.0
2026-07-17 17:10:53,154,Talking,35.1,10.6,0.0,51.2,36.2,36.2
2026-07-17 17:10:53,159,Working,23.0,12.6,0.0,24.9,38.0,38.0
2026-07-17 17:10:53,154,Working,35.1,10.6,0.0,51.9,36.0,36.0
2026-07-17 17:10:53,157,Working,7.9,10.7,0.0,53.4,11.0,11.0
2026-07-17 17:10:53,159,Talking,23.7,12.6,0.0,24.9,38.7,38.7
2026-07-17 17:10:54,130,Looking Away,169.6,33.3,0.0,210.5,41.0,41.0
2026-07-17 17:10:54,154,Talking,36.0,10.6,0.0,51.9,36.5,36.5
2026-07-17 17:10:54,156,Working,32.5,3.3,0.0,42.7,41.4,41.4
2026-07-17 17:10:54,157,Talking,8.8,10.7,0.0,53.4,12.0,12.0
2026-07-17 17:10:54,159,Working,23.7,12.6,0.0,25.7,38.1,38.1
2026-07-17 17:10:55,130,Talking,169.6,33.9,0.0,210.5,41.0,41.0
2026-07-17 17:10:55,154,Working,36.0,10.6,0.0,52.6,36.3,36.3
2026-07-17 17:10:55,159,Talking,24.3,12.6,0.0,25.7,38.8,38.8
2026-07-17 17:10:55,130,Working,169.6,33.9,0.0,211.2,40.9,40.9
2026-07-17 17:10:55,156,Talking,33.9,3.3,0.0,42.7,42.4,42.4
2026-07-17 17:10:55,159,Working,24.3,12.6,0.0,26.4,38.4,38.4
2026-07-17 17:10:56,154,Talking,37.2,10.6,0.0,52.6,37.1,37.1
2026-07-17 17:10:56,130,Looking Away,170.6,33.9,0.0,211.2,41.0,41.0
2026-07-17 17:10:56,156,Working,33.9,3.3,0.0,43.8,41.8,41.8
2026-07-17 17:10:57,130,Working,170.6,34.6,0.0,211.2,41.0,41.0
2026-07-17 17:10:57,156,Talking,34.6,3.3,0.0,43.8,42.3,42.3
2026-07-17 17:10:57,159,Talking,26.1,12.6,0.0,26.4,40.1,40.1
2026-07-17 17:10:57,165,Looking Away,0.0,0.7,0.0,0.0,0.0,0.0
2026-07-17 17:10:58,159,Working,26.1,12.6,0.0,27.0,39.7,39.7
2026-07-17 17:10:58,154,Working,37.2,10.6,0.0,55.0,36.2,36.2
2026-07-17 17:10:59,154,Talking,38.0,10.6,0.0,55.0,36.7,36.7
2026-07-17 17:10:59,159,Talking,27.5,12.6,0.0,27.0,40.9,40.9
2026-07-17 17:11:01,159,Working,27.5,12.6,0.0,28.9,39.8,39.8
2026-07-17 17:11:02,159,Talking,28.3,12.6,0.0,28.9,40.6,40.6
2026-07-17 17:11:05,166,Looking Away,0.0,1.2,0.0,0.0,0.0,0.0
2026-07-17 17:11:10,156,Working,34.6,3.3,0.0,56.7,36.5,36.5
2026-07-17 17:11:11,156,Talking,35.3,3.3,0.0,56.7,37.0,37.0
2026-07-17 17:11:12,130,Talking,185.1,34.6,0.0,211.2,43.0,43.0
2026-07-17 17:11:12,156,Working,35.3,3.3,0.0,57.5,36.7,36.7
2026-07-17 17:11:12,156,Talking,36.1,3.3,0.0,57.5,37.2,37.2
2026-07-17 17:11:12,167,Looking Away,0.0,0.8,0.0,0.0,0.0,0.0
2026-07-17 17:11:13,130,Working,185.1,34.6,0.0,212.6,42.8,42.8
2026-07-17 17:11:14,159,Working,28.3,12.6,0.0,40.9,34.6,34.6
2026-07-17 17:11:14,130,Looking Away,186.4,34.6,0.0,212.6,43.0,43.0
2026-07-17 17:11:14,156,Working,36.1,3.3,0.0,59.5,36.5,36.5
2026-07-17 17:11:14,157,Working,8.8,10.7,0.0,73.7,9.4,9.4
2026-07-17 17:11:15,130,Working,186.4,35.5,0.0,212.6,42.9,42.9
2026-07-17 17:11:15,156,Talking,37.0,3.3,0.0,59.5,37.0,37.0
2026-07-17 17:11:16,156,Working,37.0,3.3,0.0,60.3,36.8,36.8
2026-07-17 17:11:16,157,Talking,10.4,10.7,0.0,73.7,11.0,11.0
2026-07-17 17:11:16,159,Talking,30.5,12.6,0.0,40.9,36.3,36.3
2026-07-17 17:11:17,154,Working,38.0,10.6,0.0,73.3,31.2,31.2
2026-07-17 17:11:17,156,Talking,38.4,3.3,0.0,60.3,37.6,37.6
2026-07-17 17:11:17,159,Working,30.5,12.6,0.0,42.3,35.7,35.7
2026-07-17 17:11:18,154,Talking,38.7,10.6,0.0,73.3,31.6,31.6
2026-07-17 17:11:18,159,Looking Away,31.2,12.6,0.0,42.3,36.3,36.3
2026-07-17 17:11:19,157,Working,10.4,10.7,0.0,76.6,10.7,10.7
2026-07-17 17:11:19,159,Working,31.2,13.4,0.0,42.3,35.9,35.9
2026-07-17 17:11:20,157,Talking,11.6,10.7,0.0,76.6,11.7,11.7
2026-07-17 17:11:20,168,Looking Away,2.7,0.0,0.0,0.0,100.0,100.0
2026-07-17 17:11:20,169,Looking Away,0.0,1.1,0.0,0.0,0.0,0.0
2026-07-17 17:11:22,168,Working,2.7,2.0,0.0,0.0,57.1,57.1
2026-07-17 17:11:23,156,Looking Away,38.4,3.3,0.0,65.4,35.8,35.8
2026-07-17 17:11:23,157,Working,11.6,10.7,0.0,79.0,11.4,11.4
2026-07-17 17:11:23,168,Looking Away,3.1,2.0,0.0,0.0,61.0,61.0
2026-07-17 17:11:23,156,Talking,38.4,4.2,0.0,65.4,35.6,35.6
2026-07-17 17:11:23,157,Talking,12.4,10.7,0.0,79.0,12.1,12.1
2026-07-17 17:11:23,159,Looking Away,35.7,13.4,0.0,42.3,39.0,39.0
2026-07-17 17:11:23,168,Working,3.1,2.8,0.0,0.0,52.5,52.5
2026-07-17 17:11:24,159,Working,35.7,14.1,0.0,42.3,38.8,38.8
2026-07-17 17:11:24,168,Looking Away,3.7,2.8,0.0,0.0,57.1,57.1
2026-07-17 17:11:24,169,Talking,0.0,5.1,0.0,0.0,0.0,0.0
2026-07-17 17:11:25,170,Looking Away,0.0,0.6,0.0,0.0,0.0,0.0
2026-07-17 17:11:25,168,Talking,3.7,4.0,0.0,0.0,48.1,48.1
2026-07-17 17:11:27,159,Looking Away,38.3,14.1,0.0,42.3,40.5,40.5
2026-07-17 17:11:27,159,Working,38.3,14.5,0.0,42.3,40.3,40.3
2026-07-17 17:11:28,159,Looking Away,38.8,14.5,0.0,42.3,40.6,40.6
2026-07-17 17:11:28,159,Working,38.8,14.9,0.0,42.3,40.4,40.4
2026-07-17 17:11:28,168,Working,3.7,4.0,0.0,2.8,35.5,35.5
2026-07-17 17:11:28,159,Talking,39.3,14.9,0.0,42.3,40.7,40.7
2026-07-17 17:11:29,159,Working,39.3,14.9,0.0,42.7,40.5,40.5
2026-07-17 17:11:29,171,Looking Away,0.0,0.4,0.0,0.0,0.0,0.0
2026-07-17 17:11:30,168,Talking,5.3,4.0,0.0,2.8,43.7,43.7
2026-07-17 17:11:30,159,Talking,40.5,14.9,0.0,42.7,41.3,41.3
2026-07-17 17:11:30,172,Looking Away,0.0,0.6,0.0,0.0,0.0,0.0
2026-07-17 17:11:31,156,Working,38.4,4.2,0.0,72.8,33.2,33.2
2026-07-17 17:11:31,157,Working,12.4,10.7,0.0,86.5,11.3,11.3
2026-07-17 17:11:31,159,Working,40.5,14.9,0.0,43.4,41.0,41.0
2026-07-17 17:11:31,168,Looking Away,5.3,4.0,0.0,4.1,39.3,39.3
2026-07-17 17:11:31,159,Looking Away,41.1,14.9,0.0,43.4,41.3,41.3
2026-07-17 17:11:32,159,Talking,41.1,15.5,0.0,43.4,41.1,41.1
2026-07-17 17:11:32,168,Talking,5.3,5.1,0.0,4.1,36.3,36.3
2026-07-17 17:11:32,159,Working,41.1,15.5,0.0,43.9,40.9,40.9
2026-07-17 17:11:32,168,Working,5.3,5.1,0.0,4.6,35.1,35.1
2026-07-17 17:11:33,156,Talking,40.3,4.2,0.0,72.8,34.4,34.4
2026-07-17 17:11:33,157,Talking,14.4,10.7,0.0,86.5,12.9,12.9
2026-07-17 17:11:33,159,Looking Away,41.5,15.5,0.0,43.9,41.1,41.1
2026-07-17 17:11:33,159,Talking,41.5,15.9,0.0,43.9,41.0,41.0
2026-07-17 17:11:33,168,Talking,6.1,5.1,0.0,4.6,38.5,38.5
2026-07-17 17:11:33,173,Looking Away,0.0,0.4,0.0,0.0,0.0,0.0
2026-07-17 17:11:34,159,Working,41.5,15.9,0.0,44.3,40.8,40.8
2026-07-17 17:11:34,168,Looking Away,6.1,5.1,0.0,5.0,37.5,37.5
2026-07-17 17:11:34,159,Talking,41.9,15.9,0.0,44.3,41.0,41.0
2026-07-17 17:11:34,168,Talking,6.1,5.6,0.0,5.0,36.5,36.5
2026-07-17 17:11:35,172,Talking,0.0,5.2,0.0,0.0,0.0,0.0
2026-07-17 17:11:36,156,Working,40.3,4.2,0.0,75.6,33.6,33.6
2026-07-17 17:11:36,159,Looking Away,41.9,15.9,0.0,46.6,40.1,40.1
2026-07-17 17:11:37,156,Talking,41.6,4.2,0.0,75.6,34.3,34.3
2026-07-17 17:11:37,159,Working,41.9,16.4,0.0,46.6,39.9,39.9
2026-07-17 17:11:37,174,Looking Away,0.0,0.5,0.0,0.0,0.0,0.0
2026-07-17 17:11:38,156,Working,41.6,4.2,0.0,76.7,34.0,34.0
2026-07-17 17:11:38,159,Talking,42.9,16.4,0.0,46.6,40.5,40.5
2026-07-17 17:11:38,173,Talking,0.0,5.1,0.0,0.0,0.0,0.0
2026-07-17 17:11:38,175,Looking Away,0.0,0.4,0.0,0.0,0.0,0.0
2026-07-17 17:11:39,156,Talking,42.5,4.2,0.0,76.7,34.4,34.4
2026-07-17 17:11:39,159,Working,42.9,16.4,0.0,48.0,40.0,40.0
2026-07-17 17:11:40,159,Talking,43.4,16.4,0.0,48.0,40.2,40.2
2026-07-17 17:11:40,156,Working,42.5,4.2,0.0,78.1,34.0,34.0
2026-07-17 17:11:40,157,Working,14.4,10.7,0.0,93.9,12.1,12.1
2026-07-17 17:11:40,159,Working,43.4,16.4,0.0,48.5,40.1,40.1
2026-07-17 17:11:41,159,Talking,44.0,16.4,0.0,48.5,40.4,40.4
2026-07-17 17:11:43,159,Working,44.0,16.4,0.0,50.3,39.7,39.7
2026-07-17 17:11:43,159,Talking,44.6,16.4,0.0,50.3,40.0,40.0
2026-07-17 17:11:43,175,Talking,0.0,5.3,0.0,0.0,0.0,0.0
2026-07-17 17:11:46,156,Talking,47.9,4.2,0.0,78.1,36.8,36.8
2026-07-17 17:11:46,159,Working,44.6,16.4,0.0,52.7,39.2,39.2
2026-07-17 17:11:46,175,Looking Away,0.0,5.3,0.0,2.5,0.0,0.0
2026-07-17 17:11:46,156,Working,47.9,4.2,0.0,78.6,36.7,36.7
2026-07-17 17:11:46,157,Talking,20.3,10.7,0.0,93.9,16.3,16.3
2026-07-17 17:11:47,156,Talking,48.5,4.2,0.0,78.6,36.9,36.9
2026-07-17 17:11:47,159,Talking,45.6,16.4,0.0,52.7,39.7,39.7
2026-07-17 17:11:47,175,Talking,0.0,6.4,0.0,2.5,0.0,0.0
2026-07-17 17:11:47,156,Working,48.5,4.2,0.0,79.1,36.8,36.8
2026-07-17 17:11:48,157,Working,20.3,10.7,0.0,96.0,16.0,16.0
2026-07-17 17:11:48,172,Looking Away,0.0,5.2,0.0,13.5,0.0,0.0
2026-07-17 17:11:49,156,Talking,50.1,4.2,0.0,79.1,37.5,37.5
2026-07-17 17:11:49,157,Talking,20.9,10.7,0.0,96.0,16.4,16.4
2026-07-17 17:11:49,172,Talking,0.0,5.8,0.0,13.5,0.0,0.0
2026-07-17 17:11:49,156,Working,50.1,4.2,0.0,79.6,37.4,37.4
2026-07-17 17:11:49,159,Working,45.6,16.4,0.0,55.3,38.9,38.9
2026-07-17 17:11:49,175,Looking Away,0.0,6.4,0.0,5.0,0.0,0.0
2026-07-17 17:11:50,157,Working,20.9,10.7,0.0,96.9,16.3,16.3
2026-07-17 17:11:50,159,Talking,46.1,16.4,0.0,55.3,39.1,39.1
2026-07-17 17:11:50,172,Looking Away,0.0,5.8,0.0,14.4,0.0,0.0
2026-07-17 17:11:50,175,Talking,0.0,6.9,0.0,5.0,0.0,0.0
2026-07-17 17:11:50,157,Talking,21.4,10.7,0.0,96.9,16.6,16.6
2026-07-17 17:11:50,159,Working,46.1,16.4,0.0,55.8,39.0,39.0
2026-07-17 17:11:50,172,Talking,0.0,6.3,0.0,14.4,0.0,0.0
2026-07-17 17:11:50,175,Looking Away,0.0,6.9,0.0,5.5,0.0,0.0
2026-07-17 17:11:51,156,Talking,51.6,4.2,0.0,79.6,38.1,38.1
2026-07-17 17:11:51,156,Working,51.6,4.2,0.0,80.0,38.0,38.0
2026-07-17 17:11:52,157,Working,21.4,10.7,0.0,98.2,16.4,16.4
2026-07-17 17:11:52,172,Looking Away,0.0,6.3,0.0,15.7,0.0,0.0
2026-07-17 17:11:52,157,Talking,21.9,10.7,0.0,98.2,16.7,16.7
2026-07-17 17:11:52,172,Talking,0.0,6.8,0.0,15.7,0.0,0.0
2026-07-17 17:11:53,156,Talking,53.3,4.2,0.0,80.0,38.8,38.8
2026-07-17 17:11:54,156,Working,53.3,4.2,0.0,80.7,38.6,38.6
2026-07-17 17:11:54,157,Working,21.9,10.7,0.0,99.7,16.5,16.5
2026-07-17 17:11:54,172,Looking Away,0.0,6.8,0.0,17.2,0.0,0.0
2026-07-17 17:11:55,156,Talking,54.3,4.2,0.0,80.7,39.0,39.0
2026-07-17 17:11:55,172,Talking,0.0,7.8,0.0,17.2,0.0,0.0
2026-07-17 17:11:55,157,Talking,23.5,10.7,0.0,99.7,17.5,17.5
2026-07-17 17:11:56,157,Working,23.5,10.7,0.0,100.3,17.5,17.5
2026-07-17 17:11:56,156,Working,54.3,4.2,0.0,82.3,38.6,38.6
2026-07-17 17:11:56,172,Looking Away,0.0,7.8,0.0,18.9,0.0,0.0
2026-07-17 17:11:57,156,Talking,54.8,4.2,0.0,82.3,38.8,38.8
2026-07-17 17:11:57,172,Talking,0.0,8.4,0.0,18.9,0.0,0.0
2026-07-17 17:11:57,157,Talking,25.1,10.7,0.0,100.3,18.5,18.5
2026-07-17 17:11:58,156,Working,54.8,4.2,0.0,83.8,38.4,38.4
2026-07-17 17:11:59,156,Talking,55.3,4.2,0.0,83.8,38.6,38.6
2026-07-17 17:12:00,177,Looking Away,0.0,0.5,0.0,0.0,0.0,0.0
2026-07-17 17:12:02,176,Looking Away,8.3,0.0,0.0,0.0,100.0,100.0
2026-07-17 17:12:03,176,Working,8.3,1.0,0.0,0.0,89.3,89.3
2026-07-17 17:12:04,156,Working,55.3,4.2,0.0,89.4,37.1,37.1
2026-07-17 17:12:05,156,Talking,55.8,4.2,0.0,89.4,37.4,37.4
2026-07-17 17:12:05,156,Working,55.8,4.2,0.0,89.9,37.2,37.2
2026-07-17 17:12:05,157,Working,25.1,10.7,0.0,108.2,17.4,17.4
2026-07-17 17:12:05,172,Looking Away,0.0,8.4,0.0,27.4,0.0,0.0
2026-07-17 17:12:06,156,Talking,56.4,4.2,0.0,89.9,37.5,37.5
2026-07-17 17:12:06,172,Talking,0.0,8.9,0.0,27.4,0.0,0.0
2026-07-17 17:12:06,156,Working,56.4,4.2,0.0,90.4,37.3,37.3
2026-07-17 17:12:06,172,Looking Away,0.0,8.9,0.0,28.0,0.0,0.0
2026-07-17 17:12:08,156,Talking,57.6,4.2,0.0,90.4,37.8,37.8
2026-07-17 17:12:08,172,Talking,0.0,10.1,0.0,28.0,0.0,0.0
2026-07-17 17:12:08,175,Talking,0.0,24.2,0.0,5.5,0.0,0.0
2026-07-17 17:12:08,176,Talking,12.7,1.0,0.0,0.0,92.8,92.8
2026-07-17 17:12:08,156,Working,57.6,4.2,0.0,91.0,37.7,37.7
2026-07-17 17:12:08,157,Talking,28.0,10.7,0.0,108.2,19.1,19.1
2026-07-17 17:12:09,156,Talking,58.2,4.2,0.0,91.0,37.9,37.9
2026-07-17 17:12:09,175,Looking Away,0.0,24.2,0.0,6.7,0.0,0.0
2026-07-17 17:12:09,176,Working,12.7,1.0,0.0,1.2,85.1,85.1
2026-07-17 17:12:09,175,Talking,0.0,24.7,0.0,6.7,0.0,0.0
2026-07-17 17:12:09,176,Talking,13.2,1.0,0.0,1.2,85.6,85.6
2026-07-17 17:12:10,175,Looking Away,0.0,24.7,0.0,7.8,0.0,0.0
2026-07-17 17:12:10,176,Working,13.2,1.0,0.0,2.3,80.0,80.0
2026-07-17 17:12:11,156,Working,58.2,4.2,0.0,93.1,37.4,37.4
2026-07-17 17:12:11,157,Looking Away,28.0,10.7,0.0,111.0,18.7,18.7
2026-07-17 17:12:11,175,Talking,0.0,25.7,0.0,7.8,0.0,0.0
2026-07-17 17:12:11,176,Talking,14.2,1.0,0.0,2.3,81.1,81.1
2026-07-17 17:12:13,156,Talking,59.7,4.2,0.0,93.1,38.0,38.0
2026-07-17 17:12:13,157,Talking,28.0,12.2,0.0,111.0,18.5,18.5
2026-07-17 17:12:13,177,Talking,0.0,0.6,0.0,0.0,0.0,0.0
2026-07-17 17:12:13,156,Working,59.7,4.2,0.0,93.7,37.9,37.9
2026-07-17 17:12:13,157,Looking Away,28.0,12.2,0.0,111.5,18.5,18.5
2026-07-17 17:12:13,177,Looking Away,0.0,0.6,0.0,0.5,0.0,0.0
2026-07-17 17:12:14,175,Looking Away,0.0,25.7,0.0,10.1,0.0,0.0
2026-07-17 17:12:14,176,Working,14.2,1.0,0.0,4.6,71.9,71.9
2026-07-17 17:12:14,175,Talking,0.0,26.1,0.0,10.1,0.0,0.0
2026-07-17 17:12:14,176,Talking,14.6,1.0,0.0,4.6,72.5,72.5
2026-07-17 17:12:15,175,Working,0.0,26.1,0.0,11.2,0.0,0.0
2026-07-17 17:12:15,176,Looking Away,14.6,1.0,0.0,5.7,68.7,68.7
2026-07-17 17:12:16,157,Working,28.0,14.9,0.0,111.5,18.1,18.1
2026-07-17 17:12:16,175,Talking,0.5,26.1,0.0,11.2,1.4,1.4
2026-07-17 17:12:16,176,Talking,14.6,1.5,0.0,5.7,67.0,67.0
2026-07-17 17:12:17,177,Talking,0.0,4.5,0.0,0.5,0.0,0.0
2026-07-17 17:12:18,157,Looking Away,29.8,14.9,0.0,111.5,19.1,19.1
2026-07-17 17:12:18,177,Working,0.0,4.5,0.0,1.2,0.0,0.0
2026-07-17 17:12:18,175,Looking Away,0.5,26.1,0.0,13.6,1.3,1.3
2026-07-17 17:12:18,176,Working,14.6,1.5,0.0,8.1,60.4,60.4
2026-07-17 17:12:19,175,Working,0.5,26.8,0.0,13.6,1.3,1.3
2026-07-17 17:12:20,156,Looking Away,66.8,4.2,0.0,93.7,40.6,40.6
2026-07-17 17:12:20,157,Working,29.8,17.6,0.0,111.5,18.8,18.8
2026-07-17 17:12:20,176,Looking Away,16.6,1.5,0.0,8.1,63.4,63.4
2026-07-17 17:12:21,156,Working,66.8,4.7,0.0,93.7,40.4,40.4
2026-07-17 17:12:22,156,Talking,67.6,4.7,0.0,93.7,40.7,40.7
2026-07-17 17:12:22,157,Talking,31.1,17.6,0.0,111.5,19.4,19.4
2026-07-17 17:12:25,178,Looking Away,0.7,0.0,0.0,0.0,100.0,100.0
2026-07-17 17:12:27,176,Talking,16.6,8.1,0.0,8.1,50.6,50.6
2026-07-17 17:12:27,176,Working,16.6,8.1,0.0,8.7,49.7,49.7
2026-07-17 17:12:28,176,Talking,17.1,8.1,0.0,8.7,50.4,50.4
2026-07-17 17:12:28,178,Working,0.7,2.8,0.0,0.0,19.7,19.7
2026-07-17 17:12:29,178,Looking Away,1.4,2.8,0.0,0.0,32.5,32.5
2026-07-17 17:12:30,178,Talking,1.4,4.7,0.0,0.0,22.5,22.5
2026-07-17 17:12:31,176,Working,17.1,8.1,0.0,11.9,46.0,46.0
2026-07-17 17:12:31,178,Looking Away,1.4,4.7,0.0,0.7,20.3,20.3
2026-07-17 17:12:32,176,Talking,17.7,8.1,0.0,11.9,46.9,46.9
2026-07-17 17:12:32,178,Talking,1.4,5.3,0.0,0.7,18.7,18.7
2026-07-17 17:12:35,179,Looking Away,0.0,0.8,0.0,0.0,0.0,0.0
2026-07-17 17:12:35,176,Looking Away,17.7,8.1,0.0,15.7,42.6,42.6
2026-07-17 17:12:36,176,Working,17.7,8.7,0.0,15.7,42.0,42.0
2026-07-17 17:12:37,176,Looking Away,18.2,8.7,0.0,15.7,42.6,42.6
2026-07-17 17:12:38,156,Working,67.6,4.7,0.0,109.8,37.1,37.1
2026-07-17 17:12:38,157,Looking Away,31.1,17.6,0.0,127.7,17.6,17.6
2026-07-17 17:12:39,156,Talking,69.3,4.7,0.0,109.8,37.7,37.7
2026-07-17 17:12:39,157,Talking,31.1,19.3,0.0,127.7,17.5,17.5
2026-07-17 17:12:39,176,Talking,18.2,11.5,0.0,15.7,40.0,40.0
2026-07-17 17:12:39,179,Talking,0.0,5.2,0.0,0.0,0.0,0.0
2026-07-17 17:12:41,176,Working,18.2,11.5,0.0,17.2,38.7,38.7
2026-07-17 17:12:41,179,Looking Away,0.0,5.2,0.0,1.5,0.0,0.0
2026-07-17 17:12:42,180,Looking Away,0.0,1.3,0.0,0.0,0.0,0.0
2026-07-17 17:12:44,157,Looking Away,31.1,19.3,0.0,132.4,17.0,17.0
2026-07-17 17:12:44,176,Talking,21.4,11.5,0.0,17.2,42.6,42.6
2026-07-17 17:12:44,179,Talking,0.0,8.5,0.0,1.5,0.0,0.0
2026-07-17 17:12:45,176,Looking Away,21.4,11.5,0.0,17.8,42.2,42.2
2026-07-17 17:12:45,179,Working,0.0,8.5,0.0,2.1,0.0,0.0
2026-07-17 17:12:45,157,Working,31.1,20.5,0.0,132.4,16.9,16.9
2026-07-17 17:12:45,176,Talking,21.4,12.2,0.0,17.8,41.6,41.6
2026-07-17 17:12:45,179,Talking,0.7,8.5,0.0,2.1,6.2,6.2
2026-07-17 17:12:46,157,Looking Away,31.6,20.5,0.0,132.4,17.1,17.1
2026-07-17 17:12:46,180,Working,0.0,5.0,0.0,0.0,0.0,0.0
2026-07-17 17:12:46,157,Talking,31.6,21.1,0.0,132.4,17.1,17.1
2026-07-17 17:12:46,176,Looking Away,21.4,12.2,0.0,18.9,40.7,40.7
2026-07-17 17:12:46,179,Working,0.7,8.5,0.0,3.2,5.6,5.6
2026-07-17 17:12:46,180,Talking,0.6,5.0,0.0,0.0,10.9,10.9
2026-07-17 17:12:47,157,Working,31.6,21.1,0.0,133.1,17.0,17.0
2026-07-17 17:12:47,176,Talking,21.4,12.8,0.0,18.9,40.2,40.2
2026-07-17 17:12:47,179,Talking,1.3,8.5,0.0,3.2,10.1,10.1
2026-07-17 17:12:47,180,Looking Away,0.6,5.0,0.0,0.6,9.8,9.8
2026-07-17 17:12:48,179,Looking Away,1.3,8.5,0.0,3.7,9.8,9.8
2026-07-17 17:12:48,182,Looking Away,0.0,0.5,0.0,0.0,0.0,0.0
2026-07-17 17:12:49,179,Working,1.3,10.3,0.0,3.7,8.6,8.6
2026-07-17 17:12:49,182,Working,0.0,1.9,0.0,0.0,0.0,0.0
2026-07-17 17:12:50,179,Looking Away,2.0,10.3,0.0,3.7,12.3,12.3
2026-07-17 17:12:50,183,Looking Away,0.0,0.7,0.0,0.0,0.0,0.0
2026-07-17 17:12:51,182,Looking Away,1.2,1.9,0.0,0.0,39.7,39.7
2026-07-17 17:12:51,182,Working,1.2,2.5,0.0,0.0,33.4,33.4
2026-07-17 17:12:53,181,Looking Away,10.5,0.0,0.0,0.0,100.0,100.0
2026-07-17 17:12:53,182,Looking Away,2.6,2.5,0.0,0.0,51.3,51.3
2026-07-17 17:12:53,157,Looking Away,37.7,21.1,0.0,133.1,19.7,19.7
2026-07-17 17:12:53,179,Working,2.0,13.4,0.0,3.7,10.3,10.3
2026-07-17 17:12:53,181,Working,10.5,0.5,0.0,0.0,95.0,95.0
2026-07-17 17:12:54,157,Working,37.7,21.6,0.0,133.1,19.6,19.6
2026-07-17 17:12:54,181,Looking Away,11.0,0.5,0.0,0.0,95.3,95.3
2026-07-17 17:12:55,181,Working,11.0,1.5,0.0,0.0,88.2,88.2
2026-07-17 17:12:56,179,Talking,4.4,13.4,0.0,3.7,20.6,20.6
2026-07-17 17:12:56,183,Talking,0.0,6.2,0.0,0.0,0.0,0.0
2026-07-17 17:12:57,181,Looking Away,13.0,1.5,0.0,0.0,89.8,89.8
2026-07-17 17:12:57,179,Working,4.4,13.4,0.0,5.5,18.9,18.9
2026-07-17 17:12:57,181,Working,13.0,2.4,0.0,0.0,84.7,84.7
2026-07-17 17:12:57,183,Looking Away,0.0,6.2,0.0,1.8,0.0,0.0
2026-07-17 17:12:58,179,Talking,5.0,13.4,0.0,5.5,20.7,20.7
2026-07-17 17:12:58,183,Talking,0.0,6.7,0.0,1.8,0.0,0.0
2026-07-17 17:12:59,157,Looking Away,42.9,21.6,0.0,133.1,21.7,21.7
2026-07-17 17:12:59,179,Working,5.0,13.4,0.0,6.4,20.0,20.0
2026-07-17 17:12:59,183,Looking Away,0.0,6.7,0.0,2.8,0.0,0.0
2026-07-17 17:12:59,179,Looking Away,5.4,13.4,0.0,6.4,21.3,21.3
2026-07-17 17:13:00,157,Working,42.9,22.6,0.0,133.1,21.6,21.6
2026-07-17 17:13:00,184,Looking Away,0.0,0.5,0.0,0.0,0.0,0.0
2026-07-17 17:13:01,179,Talking,5.4,14.9,0.0,6.4,20.2,20.2
2026-07-17 17:13:01,181,Talking,16.3,2.4,0.0,0.0,87.4,87.4
2026-07-17 17:13:02,157,Looking Away,45.3,22.6,0.0,133.1,22.5,22.5
2026-07-17 17:13:03,157,Working,45.3,23.1,0.0,133.1,22.5,22.5
2026-07-17 17:13:04,186,Looking Away,0.0,0.5,0.0,0.0,0.0,0.0
2026-07-17 17:13:05,179,Working,5.4,14.9,0.0,10.6,17.4,17.4
2026-07-17 17:13:05,181,Looking Away,16.3,2.4,0.0,4.2,71.4,71.4
2026-07-17 17:13:06,179,Talking,5.9,14.9,0.0,10.6,18.9,18.9
2026-07-17 17:13:06,181,Talking,16.3,2.9,0.0,4.2,69.7,69.7
2026-07-17 17:13:06,157,Looking Away,48.6,23.1,0.0,133.1,23.7,23.7
2026-07-17 17:13:06,179,Working,5.9,14.9,0.0,11.1,18.7,18.7
2026-07-17 17:13:06,181,Looking Away,16.3,2.9,0.0,4.6,68.4,68.4
2026-07-17 17:13:07,157,Working,48.6,24.1,0.0,133.1,23.6,23.6
2026-07-17 17:13:07,179,Talking,6.9,14.9,0.0,11.1,21.1,21.1
2026-07-17 17:13:07,181,Talking,16.3,3.9,0.0,4.6,65.7,65.7
2026-07-17 17:13:08,179,Working,6.9,14.9,0.0,11.9,20.6,20.6
2026-07-17 17:13:08,181,Looking Away,16.3,3.9,0.0,5.5,63.5,63.5
2026-07-17 17:13:09,157,Looking Away,50.6,24.1,0.0,133.1,24.4,24.4
2026-07-17 17:13:11,157,Talking,50.6,26.4,0.0,133.1,24.1,24.1
2026-07-17 17:13:11,186,Talking,0.0,7.4,0.0,0.0,0.0,0.0
2026-07-17 17:13:12,187,Looking Away,0.0,0.6,0.0,0.0,0.0,0.0
2026-07-17 17:13:14,157,Working,50.6,26.4,0.0,136.0,23.8,23.8
2026-07-17 17:13:14,186,Looking Away,0.0,7.4,0.0,2.9,0.0,0.0
2026-07-17 17:13:15,179,Looking Away,13.9,14.9,0.0,11.9,34.1,34.1
2026-07-17 17:13:15,157,Talking,51.7,26.4,0.0,136.0,24.1,24.1
2026-07-17 17:13:15,186,Talking,0.0,8.4,0.0,2.9,0.0,0.0
2026-07-17 17:13:16,157,Working,51.7,26.4,0.0,137.1,24.0,24.0
2026-07-17 17:13:16,186,Looking Away,0.0,8.4,0.0,4.0,0.0,0.0
2026-07-17 17:13:17,157,Talking,52.5,26.4,0.0,137.1,24.3,24.3
2026-07-17 17:13:17,186,Talking,0.0,9.3,0.0,4.0,0.0,0.0
2026-07-17 17:13:18,188,Looking Away,0.0,0.5,0.0,0.0,0.0,0.0
2026-07-17 17:13:20,189,Looking Away,0.0,0.6,0.0,0.0,0.0,0.0
2026-07-17 17:13:21,157,Working,52.5,26.4,0.0,140.5,23.9,23.9
2026-07-17 17:13:21,186,Working,0.0,9.3,0.0,7.4,0.0,0.0
2026-07-17 17:13:21,190,Looking Away,0.0,0.5,0.0,0.0,0.0,0.0
2026-07-17 17:13:22,186,Looking Away,1.0,9.3,0.0,7.4,5.8,5.8
2026-07-17 17:13:22,157,Talking,54.0,26.4,0.0,140.5,24.5,24.5
2026-07-17 17:13:22,186,Talking,1.0,9.8,0.0,7.4,5.7,5.7
2026-07-17 17:13:23,191,Looking Away,0.0,0.5,0.0,0.0,0.0,0.0
2026-07-17 17:13:23,191,Working,0.0,1.0,0.0,0.0,0.0,0.0
2026-07-17 17:13:24,157,Working,54.0,26.4,0.0,142.6,24.2,24.2
2026-07-17 17:13:24,186,Looking Away,1.0,9.8,0.0,9.5,5.1,5.1
2026-07-17 17:13:24,191,Looking Away,1.1,1.0,0.0,0.0,54.0,54.0
2026-07-17 17:13:25,157,Talking,54.5,26.4,0.0,142.6,24.4,24.4
2026-07-17 17:13:25,186,Talking,1.0,10.3,0.0,9.5,5.0,5.0
2026-07-17 17:13:25,191,Working,1.1,1.5,0.0,0.0,43.8,43.8
2026-07-17 17:13:26,157,Working,54.5,26.4,0.0,143.8,24.3,24.3
2026-07-17 17:13:26,186,Looking Away,1.0,10.3,0.0,10.8,4.7,4.7
2026-07-17 17:13:27,157,Talking,55.0,26.4,0.0,143.8,24.4,24.4
2026-07-17 17:13:27,186,Talking,1.0,10.8,0.0,10.8,4.6,4.6
2026-07-17 17:13:27,191,Looking Away,3.5,1.5,0.0,0.0,70.3,70.3
2026-07-17 17:13:28,190,Talking,0.0,7.0,0.0,0.0,0.0,0.0
2026-07-17 17:13:28,191,Talking,3.5,2.0,0.0,0.0,63.3,63.3
2026-07-17 17:13:28,157,Working,55.0,26.4,0.0,145.6,24.2,24.2
2026-07-17 17:13:28,186,Looking Away,1.0,10.8,0.0,12.5,4.2,4.2
2026-07-17 17:13:28,190,Looking Away,0.0,7.0,0.0,0.6,0.0,0.0
2026-07-17 17:13:28,191,Working,3.5,2.0,0.0,0.6,57.1,57.1
2026-07-17 17:13:30,157,Talking,56.4,26.4,0.0,145.6,24.7,24.7
2026-07-17 17:13:30,186,Talking,1.0,12.1,0.0,12.5,4.0,4.0
2026-07-17 17:13:30,191,Looking Away,4.9,2.0,0.0,0.6,65.0,65.0
2026-07-17 17:13:30,192,Looking Away,0.0,0.6,0.0,0.0,0.0,0.0
2026-07-17 17:13:30,157,Working,56.4,26.4,0.0,146.2,24.6,24.6
2026-07-17 17:13:30,186,Looking Away,1.0,12.1,0.0,13.2,3.9,3.9
2026-07-17 17:13:31,191,Working,4.9,3.8,0.0,0.6,52.7,52.7
2026-07-17 17:13:34,193,Looking Away,0.0,0.4,0.0,0.0,0.0,0.0
2026-07-17 17:13:35,157,Talking,61.2,26.4,0.0,146.2,26.2,26.2
2026-07-17 17:13:35,186,Talking,1.0,17.0,0.0,13.2,3.3,3.3
2026-07-17 17:13:36,157,Working,61.2,26.4,0.0,146.9,26.1,26.1
2026-07-17 17:13:36,186,Looking Away,1.0,17.0,0.0,13.8,3.2,3.2
2026-07-17 17:13:36,191,Looking Away,9.3,3.8,0.0,0.6,68.1,68.1
2026-07-17 17:13:37,191,Working,9.3,5.4,0.0,0.6,60.7,60.7
2026-07-17 17:13:38,157,Talking,63.5,26.4,0.0,146.9,26.8,26.8
2026-07-17 17:13:38,186,Talking,1.0,19.2,0.0,13.8,3.0,3.0
2026-07-17 17:13:38,157,Working,63.5,26.4,0.0,147.3,26.8,26.8
2026-07-17 17:13:38,186,Looking Away,1.0,19.2,0.0,14.3,3.0,3.0
2026-07-17 17:13:39,157,Talking,64.3,26.4,0.0,147.3,27.0,27.0
2026-07-17 17:13:39,186,Talking,1.0,20.1,0.0,14.3,2.9,2.9
2026-07-17 17:13:39,194,Looking Away,0.0,0.4,0.0,0.0,0.0,0.0
2026-07-17 17:13:40,157,Working,64.3,26.4,0.0,148.5,26.9,26.9
2026-07-17 17:13:40,186,Looking Away,1.0,20.1,0.0,15.4,2.8,2.8
2026-07-17 17:13:41,193,Working,0.0,7.6,0.0,0.0,0.0,0.0
2026-07-17 17:13:41,194,Working,0.0,2.2,0.0,0.0,0.0,0.0
2026-07-17 17:13:42,194,Looking Away,1.2,2.2,0.0,0.0,35.0,35.0
2026-07-17 17:13:43,194,Working,1.2,2.6,0.0,0.0,30.9,30.9
2026-07-17 17:13:44,193,Looking Away,3.4,7.6,0.0,0.0,30.7,30.7
2026-07-17 17:13:45,193,Talking,3.4,8.2,0.0,0.0,29.1,29.1
2026-07-17 17:13:45,194,Talking,3.5,2.6,0.0,0.0,56.9,56.9
2026-07-17 17:13:46,157,Talking,69.4,26.4,0.0,148.5,28.4,28.4
2026-07-17 17:13:46,186,Talking,1.0,25.1,0.0,15.4,2.5,2.5
2026-07-17 17:13:46,157,Working,69.4,26.4,0.0,149.0,28.3,28.3
2026-07-17 17:13:46,186,Looking Away,1.0,25.1,0.0,16.0,2.4,2.4
2026-07-17 17:13:47,157,Talking,70.4,26.4,0.0,149.0,28.6,28.6
2026-07-17 17:13:47,186,Talking,1.0,26.1,0.0,16.0,2.4,2.4
2026-07-17 17:13:48,157,Working,70.4,26.4,0.0,149.5,28.6,28.6
2026-07-17 17:13:48,186,Looking Away,1.0,26.1,0.0,16.4,2.4,2.4
2026-07-17 17:13:48,157,Talking,70.8,26.4,0.0,149.5,28.7,28.7
2026-07-17 17:13:48,186,Talking,1.0,26.5,0.0,16.4,2.3,2.3
2026-07-17 17:13:49,157,Working,70.8,26.4,0.0,150.4,28.6,28.6
2026-07-17 17:13:49,186,Looking Away,1.0,26.5,0.0,17.4,2.3,2.3
2026-07-17 17:13:49,193,Looking Away,3.4,8.2,0.0,3.8,21.9,21.9
2026-07-17 17:13:49,194,Working,3.5,2.6,0.0,3.8,35.1,35.1
2026-07-17 17:13:49,195,Looking Away,0.0,0.5,0.0,0.0,0.0,0.0
2026-07-17 17:13:50,193,Talking,3.4,9.8,0.0,3.8,19.8,19.8
2026-07-17 17:13:50,194,Talking,5.1,2.6,0.0,3.8,44.1,44.1
2026-07-17 17:13:51,157,Talking,73.0,26.4,0.0,150.4,29.2,29.2
2026-07-17 17:13:51,186,Talking,1.0,28.8,0.0,17.4,2.2,2.2
2026-07-17 17:13:52,157,Working,73.0,26.4,0.0,151.3,29.1,29.1
2026-07-17 17:13:52,193,Working,3.4,9.8,0.0,5.3,18.2,18.2
2026-07-17 17:13:52,194,Looking Away,5.1,2.6,0.0,5.3,39.0,39.0
2026-07-17 17:13:52,157,Looking Away,73.5,26.4,0.0,151.3,29.3,29.3
2026-07-17 17:13:52,193,Talking,3.9,9.8,0.0,5.3,20.3,20.3
2026-07-17 17:13:52,194,Talking,5.1,3.1,0.0,5.3,37.6,37.6
2026-07-17 17:13:53,193,Working,3.9,9.8,0.0,6.0,19.7,19.7
2026-07-17 17:13:53,194,Looking Away,5.1,3.1,0.0,6.0,35.9,35.9
2026-07-17 17:13:54,157,Working,73.5,27.6,0.0,151.3,29.1,29.1
2026-07-17 17:13:54,194,Working,5.1,3.7,0.0,6.0,34.6,34.6
2026-07-17 17:13:54,196,Looking Away,0.0,0.6,0.0,0.0,0.0,0.0
2026-07-17 17:13:54,194,Looking Away,5.8,3.7,0.0,6.0,37.4,37.4
2026-07-17 17:13:55,194,Working,5.8,4.2,0.0,6.0,36.2,36.2
2026-07-17 17:13:55,197,Looking Away,0.0,0.5,0.0,0.0,0.0,0.0
2026-07-17 17:13:56,193,Looking Away,6.4,9.8,0.0,6.0,28.8,28.8
2026-07-17 17:13:56,157,Looking Away,76.1,27.6,0.0,151.3,29.8,29.8
2026-07-17 17:13:56,193,Working,6.4,10.4,0.0,6.0,28.0,28.0
2026-07-17 17:13:57,193,Looking Away,7.1,10.4,0.0,6.0,30.2,30.2
2026-07-17 17:13:57,198,Looking Away,0.0,0.7,0.0,0.0,0.0,0.0
2026-07-17 17:13:58,193,Talking,7.1,11.6,0.0,6.0,28.8,28.8
2026-07-17 17:13:58,194,Talking,9.0,4.2,0.0,6.0,47.2,47.2
2026-07-17 17:13:59,193,Working,7.1,11.6,0.0,6.5,28.2,28.2
2026-07-17 17:13:59,194,Looking Away,9.0,4.2,0.0,6.5,45.8,45.8
2026-07-17 17:13:59,193,Talking,7.8,11.6,0.0,6.5,30.0,30.0
2026-07-17 17:13:59,194,Talking,9.0,4.9,0.0,6.5,44.3,44.3
2026-07-17 17:13:59,197,Talking,0.0,5.0,0.0,0.0,0.0,0.0
2026-07-17 17:13:59,199,Looking Away,0.0,0.7,0.0,0.0,0.0,0.0
2026-07-17 17:14:00,193,Looking Away,7.8,11.6,0.0,7.2,29.2,29.2
2026-07-17 17:14:00,194,Working,9.0,4.9,0.0,7.2,42.8,42.8
2026-07-17 17:14:00,197,Looking Away,0.0,5.0,0.0,0.7,0.0,0.0
2026-07-17 17:14:01,193,Working,7.8,12.4,0.0,7.2,28.3,28.3
2026-07-17 17:14:02,157,Talking,76.1,33.3,0.0,151.3,29.2,29.2
2026-07-17 17:14:02,193,Talking,8.8,12.4,0.0,7.2,30.8,30.8
2026-07-17 17:14:02,197,Talking,0.0,6.9,0.0,0.7,0.0,0.0
2026-07-17 17:14:02,198,Talking,0.0,5.7,0.0,0.0,0.0,0.0
2026-07-17 17:14:03,194,Talking,11.8,4.9,0.0,7.2,49.5,49.5
2026-07-17 17:14:04,199,Talking,0.0,5.0,0.0,0.0,0.0,0.0
2026-07-17 17:14:05,194,Working,11.8,4.9,0.0,9.1,46.0,46.0
2026-07-17 17:14:07,199,Working,0.0,5.0,0.0,3.0,0.0,0.0
2026-07-17 17:14:08,157,Working,76.1,33.3,0.0,156.9,28.6,28.6
2026-07-17 17:14:08,194,Talking,14.7,4.9,0.0,9.1,51.3,51.3
2026-07-17 17:14:08,198,No Laptop,0.0,5.7,0.0,5.6,0.0,0.0
2026-07-17 17:14:08,199,Talking,0.8,5.0,0.0,3.0,8.6,8.6
2026-07-17 17:14:08,194,Working,14.7,4.9,0.0,9.9,49.8,49.8
2026-07-17 17:14:08,199,Looking Away,0.8,5.0,0.0,3.9,7.9,7.9
2026-07-17 17:14:08,200,Working,0.0,0.8,0.0,0.0,0.0,0.0
2026-07-17 17:14:09,157,Talking,77.9,33.3,0.0,156.9,29.1,29.1
2026-07-17 17:14:09,194,Talking,15.7,4.9,0.0,9.9,51.5,51.5
2026-07-17 17:14:09,198,Talking,0.0,7.5,0.0,5.6,0.0,0.0
2026-07-17 17:14:09,199,Talking,0.8,6.0,0.0,3.9,7.1,7.1
2026-07-17 17:14:10,194,Looking Away,15.7,4.9,0.0,10.6,50.3,50.3
2026-07-17 17:14:10,200,Looking Away,1.7,0.8,0.0,0.0,67.9,67.9
2026-07-17 17:14:13,194,Talking,15.7,7.4,0.0,10.6,46.6,46.6
2026-07-17 17:14:13,200,Talking,1.7,3.3,0.0,0.0,34.3,34.3
2026-07-17 17:14:13,201,Looking Away,0.8,0.0,0.0,0.0,100.0,100.0
2026-07-17 17:14:13,194,Working,15.7,7.4,0.0,11.5,45.4,45.4
2026-07-17 17:14:13,200,Looking Away,1.7,3.3,0.0,0.9,29.2,29.2
2026-07-17 17:14:13,202,Looking Away,0.0,0.9,0.0,0.0,0.0,0.0
2026-07-17 17:14:14,201,Working,0.8,1.7,0.0,0.0,32.0,32.0
2026-07-17 17:14:15,194,Talking,17.3,7.4,0.0,11.5,47.8,47.8
2026-07-17 17:14:15,200,Talking,1.7,4.9,0.0,0.9,22.9,22.9
2026-07-17 17:14:15,201,Looking Away,1.6,1.7,0.0,0.0,47.4,47.4
2026-07-17 17:14:16,194,Working,17.3,7.4,0.0,12.3,46.8,46.8
2026-07-17 17:14:16,200,Looking Away,1.7,4.9,0.0,1.6,20.8,20.8
2026-07-17 17:14:18,194,Talking,19.2,7.4,0.0,12.3,49.4,49.4
2026-07-17 17:14:18,200,Talking,1.7,6.8,0.0,1.6,17.0,17.0
2026-07-17 17:14:18,201,Talking,1.6,4.4,0.0,0.0,26.4,26.4
2026-07-17 17:14:18,200,Working,1.7,6.8,0.0,2.4,15.8,15.8
2026-07-17 17:14:20,194,Working,19.2,7.4,0.0,14.1,47.2,47.2
2026-07-17 17:14:20,201,Looking Away,1.6,4.4,0.0,1.8,20.2,20.2
2026-07-17 17:14:20,203,Looking Away,0.0,1.0,0.0,0.0,0.0,0.0
2026-07-17 17:14:21,194,Talking,20.4,7.4,0.0,14.1,48.8,48.8
2026-07-17 17:14:21,200,Talking,4.1,6.8,0.0,2.4,30.5,30.5
2026-07-17 17:14:22,194,Working,20.4,7.4,0.0,15.0,47.7,47.7
2026-07-17 17:14:22,200,Looking Away,4.1,6.8,0.0,3.4,28.5,28.5
2026-07-17 17:14:22,194,Talking,21.2,7.4,0.0,15.0,48.6,48.6
2026-07-17 17:14:22,200,Talking,4.1,7.5,0.0,3.4,27.2,27.2
2026-07-17 17:14:22,203,No Laptop,0.0,4.0,0.0,0.0,0.0,0.0
2026-07-17 17:14:24,157,No Laptop,77.9,33.3,0.0,171.5,27.6,27.6
2026-07-17 17:14:24,203,Talking,0.0,5.5,0.0,0.0,0.0,0.0
2026-07-17 17:14:25,194,Working,21.2,7.4,0.0,17.2,46.3,46.3
2026-07-17 17:14:25,200,Looking Away,4.1,7.5,0.0,5.5,23.7,23.7
2026-07-17 17:14:25,203,Looking Away,0.0,5.5,0.0,0.7,0.0,0.0
2026-07-17 17:14:26,194,Talking,22.6,7.4,0.0,17.2,47.9,47.9
2026-07-17 17:14:26,200,Talking,4.1,8.9,0.0,5.5,21.9,21.9
2026-07-17 17:14:26,203,Working,0.0,6.9,0.0,0.7,0.0,0.0
2026-07-17 17:14:27,204,Looking Away,0.0,0.9,0.0,0.0,0.0,0.0
2026-07-17 17:14:27,205,Working,0.0,0.9,0.0,0.0,0.0,0.0
2026-07-17 17:14:28,194,Looking Away,22.6,7.4,0.0,19.1,46.1,46.1
2026-07-17 17:14:28,200,Working,4.1,8.9,0.0,7.4,19.9,19.9
2026-07-17 17:14:28,205,Looking Away,1.0,0.9,0.0,0.0,53.6,53.6
2026-07-17 17:14:29,194,Talking,22.6,8.1,0.0,19.1,45.4,45.4
2026-07-17 17:14:29,200,Talking,4.8,8.9,0.0,7.4,22.6,22.6
2026-07-17 17:14:29,204,Working,0.0,2.6,0.0,0.0,0.0,0.0
2026-07-17 17:14:30,205,Working,1.0,2.9,0.0,0.0,25.9,25.9
2026-07-17 17:14:31,203,Talking,4.8,6.9,0.0,0.7,38.8,38.8
2026-07-17 17:14:31,205,Looking Away,1.9,2.9,0.0,0.0,38.8,38.8
2026-07-17 17:14:32,194,Looking Away,22.6,8.1,0.0,21.9,42.9,42.9
2026-07-17 17:14:32,200,Looking Away,4.8,8.9,0.0,10.3,19.9,19.9
2026-07-17 17:14:32,203,Working,4.8,6.9,0.0,1.4,36.8,36.8
2026-07-17 17:14:32,194,Talking,22.6,8.8,0.0,21.9,42.4,42.4
2026-07-17 17:14:32,200,Talking,4.8,9.7,0.0,10.3,19.4,19.4
2026-07-17 17:14:32,203,Talking,5.5,6.9,0.0,1.4,40.1,40.1
2026-07-17 17:14:33,194,Looking Away,22.6,8.8,0.0,22.7,41.7,41.7
2026-07-17 17:14:33,200,Looking Away,4.8,9.7,0.0,11.1,18.8,18.8
2026-07-17 17:14:33,203,Working,5.5,6.9,0.0,2.1,37.9,37.9
2026-07-17 17:14:34,194,Talking,22.6,9.4,0.0,22.7,41.3,41.3
2026-07-17 17:14:34,200,Working,4.8,10.2,0.0,11.1,18.4,18.4
2026-07-17 17:14:34,203,Talking,6.1,6.9,0.0,2.1,40.2,40.2
2026-07-17 17:14:34,194,Looking Away,22.6,9.4,0.0,23.5,40.8,40.8
2026-07-17 17:14:34,203,Working,6.1,6.9,0.0,2.9,38.3,38.3
2026-07-17 17:14:34,204,Talking,5.6,2.6,0.0,0.0,68.2,68.2
2026-07-17 17:14:34,205,Talking,1.9,6.4,0.0,0.0,22.5,22.5
2026-07-17 17:14:35,194,Working,22.6,10.2,0.0,23.5,40.2,40.2
2026-07-17 17:14:35,200,Talking,6.3,10.2,0.0,11.1,22.9,22.9
2026-07-17 17:14:35,203,Talking,6.9,6.9,0.0,2.9,41.3,41.3
2026-07-17 17:14:36,200,Working,6.3,10.2,0.0,12.1,22.1,22.1
2026-07-17 17:14:36,203,Looking Away,6.9,6.9,0.0,3.9,38.9,38.9
2026-07-17 17:14:37,204,Working,5.6,2.6,0.0,2.7,51.3,51.3
2026-07-17 17:14:37,205,Looking Away,1.9,6.4,0.0,2.7,16.9,16.9
2026-07-17 17:14:38,200,Talking,8.0,10.2,0.0,12.1,26.3,26.3
2026-07-17 17:14:38,203,Talking,6.9,8.5,0.0,3.9,35.5,35.5
2026-07-17 17:14:38,204,Talking,6.4,2.6,0.0,2.7,54.5,54.5
2026-07-17 17:14:38,205,Talking,1.9,7.2,0.0,2.7,15.8,15.8
2026-07-17 17:14:39,204,Working,6.4,2.6,0.0,4.3,47.8,47.8
2026-07-17 17:14:39,205,Looking Away,1.9,7.2,0.0,4.3,13.9,13.9
2026-07-17 17:14:39,206,Working,0.0,0.9,0.0,0.0,0.0,0.0
2026-07-17 17:14:41,200,Working,8.0,10.2,0.0,15.3,23.8,23.8
2026-07-17 17:14:41,203,Working,6.9,8.5,0.0,7.1,30.5,30.5
2026-07-17 17:14:42,200,Looking Away,8.5,10.2,0.0,15.3,25.1,25.1
2026-07-17 17:14:43,200,Working,8.5,11.5,0.0,15.3,24.2,24.2
2026-07-17 17:14:43,203,Looking Away,8.7,8.5,0.0,7.1,35.9,35.9
2026-07-17 17:14:43,200,Talking,9.2,11.5,0.0,15.3,25.5,25.5
2026-07-17 17:14:43,203,Talking,8.7,9.2,0.0,7.1,35.0,35.0
2026-07-17 17:14:45,200,Looking Away,9.2,11.5,0.0,16.6,24.6,24.6
2026-07-17 17:14:45,203,Working,8.7,9.2,0.0,8.5,33.2,33.2
2026-07-17 17:14:45,200,Talking,9.2,12.1,0.0,16.6,24.2,24.2
2026-07-17 17:14:45,203,Talking,9.3,9.2,0.0,8.5,34.5,34.5
2026-07-17 17:14:45,204,Talking,12.4,2.6,0.0,4.3,63.9,63.9
2026-07-17 17:14:45,205,Talking,1.9,13.1,0.0,4.3,9.6,9.6
2026-07-17 17:14:48,203,Looking Away,9.3,9.2,0.0,11.1,31.5,31.5
2026-07-17 17:14:51,203,Working,9.3,12.2,0.0,11.1,28.6,28.6
2026-07-17 17:14:52,207,Looking Away,0.5,0.0,0.0,0.0,100.0,100.0
2026-07-17 17:14:52,208,Working,0.0,0.5,0.0,0.0,0.0,0.0
2026-07-17 17:14:53,208,Looking Away,1.1,0.5,0.0,0.0,70.9,70.9
2026-07-17 17:14:54,207,Working,0.5,2.1,0.0,0.0,17.5,17.5
2026-07-17 17:14:56,207,Looking Away,2.2,2.1,0.0,0.0,51.2,51.2
2026-07-17 17:14:58,207,Working,2.2,3.7,0.0,0.0,37.5,37.5
2026-07-17 17:14:59,207,Talking,2.9,3.7,0.0,0.0,43.7,43.7
2026-07-17 17:14:59,208,Talking,1.1,5.5,0.0,0.0,16.6,16.6
2026-07-17 17:14:59,207,Working,2.9,3.7,0.0,0.5,40.5,40.5
2026-07-17 17:14:59,208,Looking Away,1.1,5.5,0.0,0.5,15.4,15.4
2026-07-17 17:15:00,207,Talking,3.5,3.7,0.0,0.5,45.0,45.0
2026-07-17 17:15:00,208,Talking,1.1,6.1,0.0,0.5,14.2,14.2
2026-07-17 17:15:01,207,Working,3.5,3.7,0.0,1.9,38.3,38.3
2026-07-17 17:15:01,208,Looking Away,1.1,6.1,0.0,1.9,12.1,12.1
2026-07-17 17:15:05,207,Looking Away,7.6,3.7,0.0,1.9,57.4,57.4
2026-07-17 17:15:05,208,Working,1.1,10.2,0.0,1.9,8.3,8.3
2026-07-17 17:15:06,207,Working,7.6,4.4,0.0,1.9,54.6,54.6
2026-07-17 17:15:06,208,Looking Away,1.8,10.2,0.0,1.9,12.8,12.8
2026-07-17 17:15:07,207,Looking Away,8.8,4.4,0.0,1.9,58.3,58.3
2026-07-17 17:15:07,208,Working,1.8,11.4,0.0,1.9,11.8,11.8
2026-07-17 17:15:08,204,Working,12.4,2.6,0.0,26.6,29.7,29.7
2026-07-17 17:15:08,205,Looking Away,1.9,13.1,0.0,26.6,4.5,4.5
2026-07-17 17:15:08,207,Working,8.8,5.0,0.0,1.9,55.9,55.9
2026-07-17 17:15:08,208,Looking Away,2.4,11.4,0.0,1.9,15.4,15.4
2026-07-17 17:15:08,204,Talking,13.0,2.6,0.0,26.6,30.8,30.8
2026-07-17 17:15:08,205,Talking,1.9,13.8,0.0,26.6,4.4,4.4
2026-07-17 17:15:08,207,Talking,9.4,5.0,0.0,1.9,57.6,57.6
2026-07-17 17:15:08,208,Talking,2.4,12.1,0.0,1.9,14.8,14.8
2026-07-17 17:15:10,207,Working,9.4,5.0,0.0,3.4,52.6,52.6
2026-07-17 17:15:10,208,Looking Away,2.4,12.1,0.0,3.4,13.5,13.5
2026-07-17 17:15:13,203,Looking Away,31.3,12.2,0.0,11.1,57.4,57.4
2026-07-17 17:15:14,203,Working,31.3,13.0,0.0,11.1,56.6,56.6
2026-07-17 17:15:15,208,Working,2.4,17.4,0.0,3.4,10.4,10.4
2026-07-17 17:15:16,208,Looking Away,3.2,17.4,0.0,3.4,13.4,13.4
2026-07-17 17:15:17,203,Looking Away,34.1,13.0,0.0,11.1,58.7,58.7
2026-07-17 17:15:17,207,Talking,16.3,5.0,0.0,3.4,65.7,65.7
2026-07-17 17:15:17,208,Talking,3.2,18.1,0.0,3.4,13.0,13.0
2026-07-17 17:15:17,203,Working,34.1,13.7,0.0,11.1,58.0,58.0
2026-07-17 17:15:18,207,Working,16.3,5.0,0.0,4.9,61.9,61.9
2026-07-17 17:15:18,208,Working,3.2,18.1,0.0,4.9,12.3,12.3
2026-07-17 17:15:19,203,Talking,36.2,13.7,0.0,11.1,59.4,59.4
2026-07-17 17:15:19,208,Talking,4.5,18.1,0.0,4.9,16.4,16.4
2026-07-17 17:15:20,207,Talking,18.1,5.0,0.0,4.9,64.5,64.5
2026-07-17 17:15:21,207,Working,18.1,5.0,0.0,5.7,62.8,62.8
2026-07-17 17:15:21,203,Working,36.2,13.7,0.0,13.1,57.5,57.5
2026-07-17 17:15:21,204,Working,13.0,2.6,0.0,39.8,23.4,23.4
2026-07-17 17:15:21,205,Looking Away,1.9,13.8,0.0,39.8,3.4,3.4
2026-07-17 17:15:21,208,Looking Away,4.5,18.1,0.0,7.0,15.2,15.2
2026-07-17 17:15:22,203,Talking,36.9,13.7,0.0,13.1,57.9,57.9
2026-07-17 17:15:22,204,Talking,13.7,2.6,0.0,39.8,24.4,24.4
2026-07-17 17:15:22,205,Talking,1.9,14.4,0.0,39.8,3.3,3.3
2026-07-17 17:15:22,207,Talking,19.6,5.0,0.0,5.7,64.6,64.6
2026-07-17 17:15:22,208,Talking,4.5,18.8,0.0,7.0,14.9,14.9
2026-07-17 17:15:23,203,Working,36.9,13.7,0.0,13.8,57.4,57.4
2026-07-17 17:15:23,207,Working,19.6,5.0,0.0,6.3,63.3,63.3
2026-07-17 17:15:23,208,Looking Away,4.5,18.8,0.0,7.7,14.6,14.6
2026-07-17 17:15:24,203,Talking,37.6,13.7,0.0,13.8,57.8,57.8
2026-07-17 17:15:24,207,Talking,20.3,5.0,0.0,6.3,64.1,64.1
2026-07-17 17:15:24,208,Talking,4.5,19.5,0.0,7.7,14.2,14.2
2026-07-17 17:15:24,207,Working,20.3,5.0,0.0,7.2,62.3,62.3
2026-07-17 17:15:26,203,Working,37.6,13.7,0.0,16.5,55.5,55.5
2026-07-17 17:15:26,208,Looking Away,4.5,19.5,0.0,10.4,13.1,13.1
2026-07-17 17:15:27,203,Talking,38.6,13.7,0.0,16.5,56.2,56.2
2026-07-17 17:15:27,208,Talking,4.5,20.5,0.0,10.4,12.7,12.7
2026-07-17 17:15:28,209,Working,0.0,0.5,0.0,0.0,0.0,0.0
2026-07-17 17:15:28,209,Looking Away,0.5,0.5,0.0,0.0,48.9,48.9
2026-07-17 17:15:29,204,Working,13.7,2.6,0.0,46.5,21.8,21.8
2026-07-17 17:15:29,205,Working,1.9,14.4,0.0,46.5,3.0,3.0
2026-07-17 17:15:29,209,Working,0.5,1.1,0.0,0.0,31.6,31.6
2026-07-17 17:15:29,204,Talking,14.3,2.6,0.0,46.5,22.6,22.6
2026-07-17 17:15:29,205,Talking,2.5,14.4,0.0,46.5,4.0,4.0
2026-07-17 17:15:31,203,Working,38.6,13.7,0.0,19.8,53.6,53.6
2026-07-17 17:15:31,208,Looking Away,4.5,20.5,0.0,13.7,11.7,11.7
2026-07-17 17:15:31,209,Looking Away,2.7,1.1,0.0,0.0,71.5,71.5
2026-07-17 17:15:31,203,Talking,39.6,13.7,0.0,19.8,54.2,54.2
2026-07-17 17:15:31,208,Talking,4.5,21.5,0.0,13.7,11.4,11.4
2026-07-17 17:15:32,203,Working,39.6,13.7,0.0,20.3,53.8,53.8
2026-07-17 17:15:32,208,Looking Away,4.5,21.5,0.0,14.2,11.2,11.2
2026-07-17 17:15:32,209,Working,2.7,2.1,0.0,0.0,56.4,56.4
2026-07-17 17:15:33,203,Looking Away,40.1,13.7,0.0,20.3,54.1,54.1
2026-07-17 17:15:33,204,Looking Away,14.3,2.6,0.0,49.6,21.6,21.6
2026-07-17 17:15:33,208,Working,4.5,22.0,0.0,14.2,11.1,11.1
2026-07-17 17:15:33,204,Talking,14.3,3.4,0.0,49.6,21.3,21.3
2026-07-17 17:15:33,209,Talking,4.1,2.1,0.0,0.0,65.8,65.8
2026-07-17 17:15:35,203,Working,40.1,15.8,0.0,20.3,52.6,52.6
2026-07-17 17:15:35,204,Looking Away,14.3,3.4,0.0,50.9,20.9,20.9
2026-07-17 17:15:35,208,Looking Away,6.6,22.0,0.0,14.2,15.5,15.5
2026-07-17 17:15:35,209,Looking Away,4.1,2.1,0.0,1.3,54.0,54.0
2026-07-17 17:15:35,208,Working,6.6,22.6,0.0,14.2,15.3,15.3
2026-07-17 17:15:36,208,Looking Away,7.8,22.6,0.0,14.2,17.4,17.4
2026-07-17 17:15:36,209,Working,4.1,3.8,0.0,1.3,43.9,43.9
2026-07-17 17:15:37,208,Working,7.8,23.3,0.0,14.2,17.2,17.2
2026-07-17 17:15:37,209,Looking Away,4.7,3.8,0.0,1.3,47.8,47.8
2026-07-17 17:15:38,208,Looking Away,8.3,23.3,0.0,14.2,18.1,18.1
2026-07-17 17:15:39,203,Talking,44.2,15.8,0.0,20.3,55.0,55.0
2026-07-17 17:15:39,208,Talking,8.3,24.4,0.0,14.2,17.7,17.7
2026-07-17 17:15:39,209,Working,4.7,5.5,0.0,1.3,41.1,41.1
2026-07-17 17:15:39,203,Working,44.2,15.8,0.0,20.9,54.6,54.6
2026-07-17 17:15:39,208,Looking Away,8.3,24.4,0.0,14.8,17.5,17.5
2026-07-17 17:15:39,209,Looking Away,5.3,5.5,0.0,1.3,43.9,43.9
2026-07-17 17:15:40,209,Working,5.3,6.0,0.0,1.3,42.0,42.0
2026-07-17 17:15:40,210,Looking Away,0.0,0.5,0.0,0.0,0.0,0.0
2026-07-17 17:15:41,204,Working,14.3,9.2,0.0,50.9,19.3,19.3
2026-07-17 17:15:41,210,Working,0.0,1.2,0.0,0.0,0.0,0.0
2026-07-17 17:15:42,203,Talking,46.7,15.8,0.0,20.9,56.0,56.0
2026-07-17 17:15:42,204,Looking Away,15.7,9.2,0.0,50.9,20.8,20.8
2026-07-17 17:15:42,208,Talking,8.3,27.0,0.0,14.8,16.6,16.6
2026-07-17 17:15:42,210,Looking Away,1.4,1.2,0.0,0.0,54.4,54.4
2026-07-17 17:15:44,203,Working,46.7,15.8,0.0,23.2,54.5,54.5
2026-07-17 17:15:44,208,Looking Away,8.3,27.0,0.0,17.0,15.9,15.9
2026-07-17 17:15:45,204,Talking,15.7,12.0,0.0,50.9,20.0,20.0
2026-07-17 17:15:45,210,Talking,1.4,3.9,0.0,0.0,26.4,26.4
2026-07-17 17:15:46,203,Talking,48.4,15.8,0.0,23.2,55.4,55.4
2026-07-17 17:15:46,204,Looking Away,15.7,12.0,0.0,52.1,19.7,19.7
2026-07-17 17:15:46,208,Talking,8.3,28.6,0.0,17.0,15.4,15.4
2026-07-17 17:15:47,203,Working,48.4,15.8,0.0,24.3,54.7,54.7
2026-07-17 17:15:47,208,Looking Away,8.3,28.6,0.0,18.2,15.1,15.1
2026-07-17 17:15:49,203,Talking,50.6,15.8,0.0,24.3,55.8,55.8
2026-07-17 17:15:49,208,Talking,8.3,30.8,0.0,18.2,14.5,14.5
2026-07-17 17:15:49,209,Talking,14.6,6.0,0.0,1.3,66.6,66.6
2026-07-17 17:15:50,203,Working,50.6,15.8,0.0,24.9,55.4,55.4
2026-07-17 17:15:50,208,Looking Away,8.3,30.8,0.0,18.8,14.3,14.3
2026-07-17 17:15:50,209,Working,14.6,6.0,0.0,2.0,64.8,64.8
2026-07-17 17:15:51,203,Talking,51.4,15.8,0.0,24.9,55.8,55.8
2026-07-17 17:15:51,208,Talking,8.3,31.6,0.0,18.8,14.1,14.1
2026-07-17 17:15:51,203,Working,51.4,15.8,0.0,25.6,55.4,55.4
2026-07-17 17:15:51,208,Looking Away,8.3,31.6,0.0,19.5,14.0,14.0
2026-07-17 17:15:51,209,Looking Away,16.1,6.0,0.0,2.0,66.9,66.9
2026-07-17 17:15:52,208,Working,8.3,32.3,0.0,19.5,13.8,13.8
2026-07-17 17:15:52,209,Working,16.1,6.7,0.0,2.0,65.1,65.1
2026-07-17 17:15:53,209,Looking Away,16.8,6.7,0.0,2.0,66.1,66.1
2026-07-17 17:15:53,209,Working,16.8,7.4,0.0,2.0,64.4,64.4
2026-07-17 17:15:54,203,Looking Away,54.3,15.8,0.0,25.6,56.7,56.7
2026-07-17 17:15:55,203,Talking,54.3,17.0,0.0,25.6,56.0,56.0
2026-07-17 17:15:55,208,Talking,11.7,32.3,0.0,19.5,18.4,18.4
2026-07-17 17:15:55,209,Talking,18.7,7.4,0.0,2.0,66.8,66.8
2026-07-17 17:15:56,203,Working,54.3,17.0,0.0,26.2,55.7,55.7
2026-07-17 17:15:56,204,Working,15.7,22.1,0.0,52.1,17.5,17.5
2026-07-17 17:15:56,208,Looking Away,11.7,32.3,0.0,20.1,18.2,18.2
2026-07-17 17:15:56,209,Looking Away,18.7,7.4,0.0,2.6,65.3,65.3
2026-07-17 17:15:57,203,Talking,55.0,17.0,0.0,26.2,56.0,56.0
2026-07-17 17:15:57,204,Looking Away,16.5,22.1,0.0,52.1,18.2,18.2
2026-07-17 17:15:57,208,Working,11.7,33.0,0.0,20.1,18.0,18.0
2026-07-17 17:15:57,209,Talking,18.7,8.1,0.0,2.6,63.7,63.7
2026-07-17 17:15:57,208,Talking,12.4,33.0,0.0,20.1,18.9,18.9
2026-07-17 17:15:57,209,Working,18.7,8.1,0.0,3.3,62.1,62.1
2026-07-17 17:15:59,203,Working,55.0,17.0,0.0,28.3,54.8,54.8
2026-07-17 17:15:59,208,Looking Away,12.4,33.0,0.0,21.5,18.5,18.5
2026-07-17 17:15:59,209,Looking Away,20.1,8.1,0.0,3.3,63.8,63.8
2026-07-17 17:15:59,204,Working,16.5,24.7,0.0,52.1,17.7,17.7
2026-07-17 17:16:00,204,Looking Away,17.0,24.7,0.0,52.1,18.2,18.2
2026-07-17 17:16:01,203,Talking,57.3,17.0,0.0,28.3,55.8,55.8
2026-07-17 17:16:01,208,Talking,12.4,35.3,0.0,21.5,17.9,17.9
2026-07-17 17:16:02,203,Working,57.3,17.0,0.0,28.9,55.5,55.5
2026-07-17 17:16:02,208,Looking Away,12.4,35.3,0.0,22.0,17.8,17.8
2026-07-17 17:16:06,208,Working,12.4,39.9,0.0,22.0,16.7,16.7
2026-07-17 17:16:07,208,Looking Away,13.0,39.9,0.0,22.0,17.4,17.4
2026-07-17 17:16:15,209,Looking Away,0.0,0.6,0.0,0.0,0.0,0.0
2026-07-17 17:16:18,208,Working,13.0,50.7,0.0,22.0,15.2,15.2
2026-07-17 17:16:19,208,Looking Away,14.1,50.7,0.0,22.0,16.3,16.3
2026-07-17 17:16:20,210,Looking Away,1.2,0.0,0.0,0.0,100.0,100.0
2026-07-17 17:16:21,210,Working,1.2,1.0,0.0,0.0,53.1,53.1
2026-07-17 17:16:25,212,Looking Away,0.0,1.9,0.0,0.0,0.0,0.0
2026-07-17 17:16:27,211,Looking Away,5.6,0.0,0.0,0.0,100.0,100.0
2026-07-17 17:16:30,208,Talking,14.1,61.6,0.0,22.0,14.5,14.5
2026-07-17 17:16:30,211,Working,5.6,2.2,0.0,0.0,71.8,71.8
2026-07-17 17:16:30,212,Talking,0.0,6.2,0.0,0.0,0.0,0.0
2026-07-17 17:16:34,208,Working,14.1,61.6,0.0,26.0,13.9,13.9
2026-07-17 17:16:34,210,Looking Away,13.9,1.0,0.0,0.0,93.0,93.0
2026-07-17 17:16:34,212,Looking Away,0.0,6.2,0.0,3.9,0.0,0.0
2026-07-17 17:16:36,208,Talking,16.4,61.6,0.0,26.0,15.7,15.7
2026-07-17 17:16:36,210,Working,13.9,3.3,0.0,0.0,80.9,80.9
2026-07-17 17:16:36,212,Talking,0.0,8.5,0.0,3.9,0.0,0.0
2026-07-17 17:16:40,211,Talking,16.0,2.2,0.0,0.0,87.9,87.9
2026-07-17 17:16:43,208,Working,16.4,61.6,0.0,32.7,14.8,14.8
2026-07-17 17:16:45,210,Looking Away,22.6,3.3,0.0,0.0,87.3,87.3
2026-07-17 17:16:45,211,Working,16.0,2.2,0.0,4.6,70.2,70.2
2026-07-17 17:16:45,212,Looking Away,0.0,8.5,0.0,12.7,0.0,0.0
2026-07-17 17:16:46,208,Talking,19.9,61.6,0.0,32.7,17.4,17.4
2026-07-17 17:16:46,212,Talking,0.0,10.0,0.0,12.7,0.0,0.0
2026-07-17 17:16:54,208,Working,19.9,61.6,0.0,40.4,16.3,16.3
2026-07-17 17:16:54,212,Looking Away,0.0,10.0,0.0,20.4,0.0,0.0
2026-07-17 17:16:55,208,Talking,21.3,61.6,0.0,40.4,17.3,17.3
2026-07-17 17:16:55,212,Talking,0.0,11.4,0.0,20.4,0.0,0.0
2026-07-17 17:16:56,208,Working,21.3,61.6,0.0,41.1,17.2,17.2
2026-07-17 17:16:56,212,Looking Away,0.0,11.4,0.0,21.1,0.0,0.0
2026-07-17 17:16:57,208,Talking,22.6,61.6,0.0,41.1,18.1,18.1
2026-07-17 17:16:57,212,Talking,0.0,12.7,0.0,21.1,0.0,0.0
2026-07-17 17:17:01,212,Looking Away,0.0,12.7,0.0,24.8,0.0,0.0
2026-07-17 17:17:02,215,No Laptop,0.5,0.0,0.0,0.0,100.0,100.0
2026-07-17 17:17:03,215,Working,0.5,0.5,0.0,0.0,46.9,46.9
2026-07-17 17:17:04,214,Looking Away,5.7,0.0,0.0,0.0,100.0,100.0
2026-07-17 17:17:05,212,Working,0.0,16.6,0.0,24.8,0.0,0.0
2026-07-17 17:17:05,214,Working,5.7,0.5,0.0,0.0,92.3,92.3
2026-07-17 17:17:06,212,Looking Away,0.7,16.6,0.0,24.8,1.7,1.7
2026-07-17 17:17:06,214,Looking Away,6.4,0.5,0.0,0.0,93.1,93.1
2026-07-17 17:17:06,215,Looking Away,3.2,0.5,0.0,0.0,86.2,86.2
2026-07-17 17:17:06,214,Working,6.4,1.1,0.0,0.0,85.1,85.1
2026-07-17 17:17:07,214,Looking Away,6.9,1.1,0.0,0.0,86.0,86.0
2026-07-17 17:17:08,214,Working,6.9,2.4,0.0,0.0,74.2,74.2
2026-07-17 17:17:08,216,Looking Away,0.0,0.7,0.0,0.0,0.0,0.0
2026-07-17 17:17:08,214,Looking Away,7.4,2.4,0.0,0.0,75.5,75.5
2026-07-17 17:17:09,212,Working,0.7,20.1,0.0,24.8,1.6,1.6
2026-07-17 17:17:10,217,Looking Away,0.0,0.8,0.0,0.0,0.0,0.0
2026-07-17 17:17:11,212,Talking,2.6,20.1,0.0,24.8,5.5,5.5
2026-07-17 17:17:11,214,Talking,7.4,4.8,0.0,0.0,60.5,60.5
2026-07-17 17:17:11,217,Working,0.0,1.9,0.0,0.0,0.0,0.0
2026-07-17 17:17:12,212,Looking Away,2.6,20.1,0.0,25.4,5.4,5.4
2026-07-17 17:17:12,214,Working,7.4,4.8,0.0,0.7,57.4,57.4
2026-07-17 17:17:12,217,Looking Away,0.7,1.9,0.0,0.0,25.5,25.5
2026-07-17 17:17:12,212,Talking,2.6,20.6,0.0,25.4,5.4,5.4
2026-07-17 17:17:12,214,Talking,7.9,4.8,0.0,0.7,59.1,59.1
2026-07-17 17:17:12,217,Working,0.7,2.5,0.0,0.0,21.0,21.0
2026-07-17 17:17:13,217,Looking Away,1.2,2.5,0.0,0.0,33.4,33.4
2026-07-17 17:17:13,212,Looking Away,2.6,20.6,0.0,26.5,5.3,5.3
2026-07-17 17:17:13,214,Working,7.9,4.8,0.0,1.7,54.8,54.8
2026-07-17 17:17:14,212,Working,2.6,21.8,0.0,26.5,5.1,5.1
2026-07-17 17:17:14,214,Talking,9.2,4.8,0.0,1.7,58.4,58.4
2026-07-17 17:17:14,217,Talking,1.2,4.2,0.0,0.0,22.7,22.7
2026-07-17 17:17:15,212,Talking,3.2,21.8,0.0,26.5,6.2,6.2
2026-07-17 17:17:15,217,Working,1.2,4.2,0.0,0.6,20.4,20.4
2026-07-17 17:17:16,212,Looking Away,3.2,21.8,0.0,27.0,6.2,6.2
2026-07-17 17:17:16,214,Working,9.2,4.8,0.0,2.9,54.3,54.3
2026-07-17 17:17:16,217,Looking Away,1.8,4.2,0.0,0.6,27.3,27.3
2026-07-17 17:17:17,212,Talking,3.2,22.9,0.0,27.0,6.0,6.0
2026-07-17 17:17:17,214,Talking,10.2,4.8,0.0,2.9,57.1,57.1
2026-07-17 17:17:17,217,Talking,1.8,5.3,0.0,0.6,23.4,23.4
2026-07-17 17:17:17,214,Working,10.2,4.8,0.0,3.3,55.9,55.9
2026-07-17 17:17:17,217,Looking Away,1.8,5.3,0.0,1.0,22.4,22.4
2026-07-17 17:17:17,214,Talking,10.7,4.8,0.0,3.3,57.0,57.0
2026-07-17 17:17:17,217,Talking,1.8,5.7,0.0,1.0,21.2,21.2
2026-07-17 17:17:18,214,Working,10.7,4.8,0.0,3.8,55.4,55.4
2026-07-17 17:17:18,217,Looking Away,1.8,5.7,0.0,1.5,19.9,19.9
2026-07-17 17:17:20,219,Looking Away,0.0,0.6,0.0,0.0,0.0,0.0
2026-07-17 17:17:21,213,Looking Away,32.3,0.0,0.0,0.0,100.0,100.0
2026-07-17 17:17:21,214,Looking Away,14.1,4.8,0.0,3.8,62.1,62.1
2026-07-17 17:17:21,217,Working,1.8,9.1,0.0,1.5,14.4,14.4
2026-07-17 17:17:22,214,Talking,14.1,5.8,0.0,3.8,59.4,59.4
2026-07-17 17:17:22,217,Talking,2.8,9.1,0.0,1.5,20.9,20.9
2026-07-17 17:17:25,214,Working,14.1,5.8,0.0,6.0,54.4,54.4
2026-07-17 17:17:25,217,Working,2.8,9.1,0.0,3.7,18.0,18.0
2026-07-17 17:17:25,214,Looking Away,14.7,5.8,0.0,6.0,55.4,55.4
2026-07-17 17:17:26,214,Working,14.7,6.3,0.0,6.0,54.4,54.4
2026-07-17 17:17:27,217,Looking Away,4.9,9.1,0.0,3.7,27.5,27.5
2026-07-17 17:17:27,217,Working,4.9,9.7,0.0,3.7,26.6,26.6
2026-07-17 17:17:29,213,Working,32.3,8.0,0.0,0.0,80.3,80.3
2026-07-17 17:17:30,214,Looking Away,19.0,6.3,0.0,6.0,60.7,60.7
2026-07-17 17:17:31,214,Talking,19.0,7.0,0.0,6.0,59.4,59.4
2026-07-17 17:17:31,217,Talking,8.3,9.7,0.0,3.7,38.3,38.3
2026-07-17 17:17:32,213,Looking Away,34.8,8.0,0.0,0.0,81.4,81.4
2026-07-17 17:17:33,214,Looking Away,19.0,7.0,0.0,7.9,56.0,56.0
2026-07-17 17:17:33,217,Working,8.3,9.7,0.0,5.7,35.1,35.1
2026-07-17 17:17:33,213,Working,34.8,9.3,0.0,0.0,78.9,78.9
2026-07-17 17:17:35,213,Looking Away,36.6,9.3,0.0,0.0,79.8,79.8
2026-07-17 17:17:36,213,Working,36.6,9.9,0.0,0.0,78.7,78.7
2026-07-17 17:17:37,213,Looking Away,37.6,9.9,0.0,0.0,79.2,79.2
2026-07-17 17:17:37,213,Working,37.6,10.4,0.0,0.0,78.3,78.3
2026-07-17 17:17:38,213,Looking Away,38.1,10.4,0.0,0.0,78.5,78.5
2026-07-17 17:17:38,218,Looking Away,8.0,0.0,0.0,0.0,100.0,100.0
2026-07-17 17:17:38,219,Looking Away,0.0,0.5,0.0,0.0,0.0,0.0
2026-07-17 17:17:38,220,Working,0.0,0.5,0.0,0.0,0.0,0.0
2026-07-17 17:17:39,220,Looking Away,0.5,0.5,0.0,0.0,48.9,48.9
2026-07-17 17:17:40,219,Working,0.0,1.9,0.0,0.0,0.0,0.0
2026-07-17 17:17:40,220,Working,0.5,1.5,0.0,0.0,24.1,24.1
2026-07-17 17:17:41,213,Working,38.1,13.4,0.0,0.0,73.9,73.9
2026-07-17 17:17:41,219,Looking Away,1.4,1.9,0.0,0.0,41.6,41.6
2026-07-17 17:17:43,220,Looking Away,3.5,1.5,0.0,0.0,70.3,70.3
2026-07-17 17:17:43,221,Looking Away,2.3,0.0,0.0,0.0,100.0,100.0
2026-07-17 17:17:43,222,Looking Away,0.0,0.8,0.0,0.0,0.0,0.0
2026-07-17 17:17:44,218,Talking,8.0,5.7,0.0,0.0,58.2,58.2
2026-07-17 17:17:44,219,Working,1.4,4.3,0.0,0.0,24.2,24.2
2026-07-17 17:17:44,220,Talking,3.5,2.2,0.0,0.0,60.8,60.8
2026-07-17 17:17:44,221,Working,2.3,1.5,0.0,0.0,60.9,60.9
2026-07-17 17:17:46,218,Looking Away,8.0,5.7,0.0,2.1,50.6,50.6
2026-07-17 17:17:46,221,Looking Away,3.7,1.5,0.0,0.0,71.1,71.1
2026-07-17 17:17:47,213,Looking Away,44.3,13.4,0.0,0.0,76.7,76.7
2026-07-17 17:17:47,218,Working,8.0,6.8,0.0,2.1,47.4,47.4
2026-07-17 17:17:48,218,Talking,9.6,6.8,0.0,2.1,52.0,52.0
2026-07-17 17:17:48,221,Talking,3.7,4.1,0.0,0.0,47.0,47.0
2026-07-17 17:17:49,213,Working,44.3,15.5,0.0,0.0,74.0,74.0
2026-07-17 17:17:49,223,Looking Away,0.0,0.5,0.0,0.0,0.0,0.0
2026-07-17 17:17:51,224,Looking Away,0.0,0.5,0.0,0.0,0.0,0.0
2026-07-17 17:17:52,218,Looking Away,9.6,6.8,0.0,5.6,43.6,43.6
2026-07-17 17:17:52,219,Looking Away,9.6,4.3,0.0,0.0,68.9,68.9
2026-07-17 17:17:52,221,Working,3.7,4.1,0.0,3.5,32.3,32.3
2026-07-17 17:17:52,225,Looking Away,0.0,0.7,0.0,0.0,0.0,0.0
2026-07-17 17:17:53,218,Talking,9.6,7.7,0.0,5.6,41.9,41.9
2026-07-17 17:17:53,219,Working,9.6,5.2,0.0,0.0,64.8,64.8
2026-07-17 17:17:53,221,Talking,4.5,4.1,0.0,3.5,37.2,37.2
2026-07-17 17:17:53,224,Working,0.0,2.2,0.0,0.0,0.0,0.0
2026-07-17 17:17:53,225,Working,0.0,1.6,0.0,0.0,0.0,0.0
2026-07-17 17:17:54,224,Looking Away,0.8,2.2,0.0,0.0,25.9,25.9
2026-07-17 17:17:54,225,Looking Away,0.8,1.6,0.0,0.0,31.8,31.8
2026-07-17 17:17:55,224,Working,0.8,4.0,0.0,0.0,16.0,16.0
2026-07-17 17:17:57,224,Talking,2.1,4.0,0.0,0.0,35.2,35.2
2026-07-17 17:17:57,225,Working,0.8,4.8,0.0,0.0,13.6,13.6
2026-07-17 17:17:58,224,Looking Away,2.1,4.0,0.0,1.5,28.3,28.3
2026-07-17 17:17:59,213,Talking,54.8,15.5,0.0,0.0,77.9,77.9
2026-07-17 17:17:59,219,Talking,16.3,5.2,0.0,0.0,75.7,75.7
2026-07-17 17:17:59,224,Working,2.1,5.2,0.0,1.5,24.3,24.3
2026-07-17 17:18:00,224,Looking Away,2.7,5.2,0.0,1.5,28.7,28.7
2026-07-17 17:18:02,219,Working,16.3,5.2,0.0,2.6,67.5,67.5
2026-07-17 17:18:02,224,Working,2.7,7.3,0.0,1.5,23.5,23.5
2026-07-17 17:18:03,227,Looking Away,0.0,0.6,0.0,0.0,0.0,0.0
2026-07-17 17:18:03,224,Looking Away,3.9,7.3,0.0,1.5,31.1,31.1
2026-07-17 17:18:04,224,Working,3.9,8.0,0.0,1.5,29.5,29.5
2026-07-17 17:18:05,224,Talking,4.6,8.0,0.0,1.5,32.7,32.7
2026-07-17 17:18:05,225,Talking,8.7,4.8,0.0,0.0,64.4,64.4
2026-07-17 17:18:05,228,Looking Away,0.0,0.6,0.0,0.0,0.0,0.0
2026-07-17 17:18:05,224,Looking Away,4.6,8.0,0.0,2.1,31.3,31.3
2026-07-17 17:18:05,225,Working,8.7,4.8,0.0,0.6,61.4,61.4
2026-07-17 17:18:05,229,Looking Away,0.0,0.6,0.0,0.0,0.0,0.0
2026-07-17 17:18:06,226,Looking Away,6.7,0.0,0.0,0.0,100.0,100.0
2026-07-17 17:18:08,230,Looking Away,0.0,0.7,0.0,0.0,0.0,0.0
2026-07-17 17:18:10,219,Looking Away,23.8,5.2,0.0,2.6,75.2,75.2
2026-07-17 17:18:10,231,Looking Away,0.0,0.6,0.0,0.0,0.0,0.0
2026-07-17 17:18:11,224,Talking,4.6,13.5,0.0,2.1,22.6,22.6
2026-07-17 17:18:11,225,Talking,14.3,4.8,0.0,0.6,72.3,72.3
2026-07-17 17:18:11,226,No Laptop,6.7,4.7,0.0,0.0,58.8,58.8
2026-07-17 17:18:11,232,Looking Away,0.0,0.7,0.0,0.0,0.0,0.0
2026-07-17 17:18:12,225,Looking Away,14.3,4.8,0.0,1.3,70.1,70.1
2026-07-17 17:18:12,225,Working,14.3,5.8,0.0,1.3,66.8,66.8
2026-07-17 17:18:12,231,Working,0.0,2.9,0.0,0.0,0.0,0.0
2026-07-17 17:18:13,225,Looking Away,15.0,5.8,0.0,1.3,67.9,67.9
2026-07-17 17:18:13,226,Looking Away,6.7,7.0,0.0,0.0,48.9,48.9
2026-07-17 17:18:14,225,Working,15.0,6.5,0.0,1.3,65.7,65.7
2026-07-17 17:18:15,226,No Laptop,6.7,8.5,0.0,0.0,44.1,44.1
2026-07-17 17:18:15,226,Looking Away,6.7,9.1,0.0,0.0,42.6,42.6
2026-07-17 17:18:16,231,No Laptop,3.6,2.9,0.0,0.0,55.4,55.4
2026-07-17 17:18:16,231,Looking Away,3.6,3.2,0.0,0.0,53.4,53.4
2026-07-17 17:18:17,226,Working,6.7,11.3,0.0,0.0,37.4,37.4
2026-07-17 17:18:18,226,Looking Away,7.1,11.3,0.0,0.0,38.5,38.5
2026-07-17 17:18:18,226,Working,7.1,11.7,0.0,0.0,37.6,37.6
2026-07-17 17:18:19,226,Looking Away,8.2,11.7,0.0,0.0,41.2,41.2
2026-07-17 17:18:19,233,Looking Away,6.2,0.0,0.0,0.0,100.0,100.0
2026-07-17 17:18:20,234,No Laptop,0.0,0.4,0.0,0.0,0.0,0.0
2026-07-17 17:18:21,226,Working,8.2,13.0,0.0,0.0,38.9,38.9
2026-07-17 17:18:21,233,Working,6.2,1.2,0.0,0.0,83.5,83.5
2026-07-17 17:18:21,226,Looking Away,8.6,13.0,0.0,0.0,39.8,39.8
2026-07-17 17:18:21,233,Looking Away,6.6,1.2,0.0,0.0,84.3,84.3
2026-07-17 17:18:23,233,Working,6.6,3.0,0.0,0.0,68.7,68.7
2026-07-17 17:18:23,235,Looking Away,0.0,0.4,0.0,0.0,0.0,0.0
2026-07-17 17:18:23,233,Looking Away,7.0,3.0,0.0,0.0,70.1,70.1
2026-07-17 17:18:24,233,Working,7.0,3.7,0.0,0.0,65.3,65.3
2026-07-17 17:18:24,233,Looking Away,7.4,3.7,0.0,0.0,66.5,66.5
2026-07-17 17:18:25,226,Talking,8.6,16.7,0.0,0.0,34.0,34.0
2026-07-17 17:18:25,233,Talking,7.4,4.1,0.0,0.0,64.4,64.4
2026-07-17 17:18:26,226,Looking Away,8.6,16.7,0.0,1.4,32.3,32.3
2026-07-17 17:18:26,233,Working,7.4,4.1,0.0,1.4,57.6,57.6
2026-07-17 17:18:26,236,Looking Away,0.0,0.5,0.0,0.0,0.0,0.0
2026-07-17 17:18:26,226,Talking,8.6,17.1,0.0,1.4,31.8,31.8
2026-07-17 17:18:26,233,Talking,7.8,4.1,0.0,1.4,58.9,58.9
2026-07-17 17:18:27,226,Working,8.6,17.1,0.0,1.7,31.4,31.4
2026-07-17 17:18:27,233,Looking Away,7.8,4.1,0.0,1.7,57.4,57.4
2026-07-17 17:18:27,226,Talking,9.0,17.1,0.0,1.7,32.4,32.4
2026-07-17 17:18:27,233,Talking,7.8,4.5,0.0,1.7,55.7,55.7
2026-07-17 17:18:27,237,Looking Away,0.0,0.4,0.0,0.0,0.0,0.0
2026-07-17 17:18:28,226,Looking Away,9.0,17.1,0.0,2.6,31.4,31.4
2026-07-17 17:18:28,233,Working,7.8,4.5,0.0,2.6,52.6,52.6
2026-07-17 17:18:29,226,Working,9.0,18.1,0.0,2.6,30.3,30.3
2026-07-17 17:18:32,236,Talking,0.0,6.9,0.0,0.0,0.0,0.0
2026-07-17 17:18:32,237,Talking,0.0,5.6,0.0,0.0,0.0,0.0
2026-07-17 17:18:33,233,Looking Away,13.3,4.5,0.0,2.6,65.3,65.3
2026-07-17 17:18:34,233,Working,13.3,5.0,0.0,2.6,63.8,63.8
2026-07-17 17:18:38,233,Looking Away,17.6,5.0,0.0,2.6,70.1,70.1
2026-07-17 17:18:39,233,Working,17.6,6.1,0.0,2.6,67.0,67.0
2026-07-17 17:18:40,233,Looking Away,18.2,6.1,0.0,2.6,67.7,67.7
2026-07-17 17:18:41,233,Working,18.2,7.5,0.0,2.6,64.4,64.4
2026-07-17 17:18:43,233,Looking Away,20.1,7.5,0.0,2.6,66.6,66.6
2026-07-17 17:18:44,233,Working,20.1,8.0,0.0,2.6,65.5,65.5
2026-07-17 17:18:44,233,Looking Away,20.6,8.0,0.0,2.6,66.1,66.1
2026-07-17 17:18:45,226,Looking Away,25.1,18.1,0.0,2.6,54.8,54.8
2026-07-17 17:18:45,233,Working,20.6,8.9,0.0,2.6,64.2,64.2
2026-07-17 17:18:46,226,Talking,25.1,18.6,0.0,2.6,54.2,54.2
2026-07-17 17:18:46,233,Talking,21.0,8.9,0.0,2.6,64.8,64.8
2026-07-17 17:18:47,226,Working,25.1,18.6,0.0,3.5,53.2,53.2
2026-07-17 17:18:47,233,Looking Away,21.0,8.9,0.0,3.5,62.9,62.9
2026-07-17 17:18:47,236,Working,0.0,6.9,0.0,14.8,0.0,0.0
2026-07-17 17:18:47,237,Looking Away,0.0,5.6,0.0,14.8,0.0,0.0
2026-07-17 17:18:47,238,Looking Away,0.0,0.6,0.0,0.0,0.0,0.0
2026-07-17 17:18:48,236,Talking,0.5,6.9,0.0,14.8,2.2,2.2
2026-07-17 17:18:48,237,Talking,0.0,6.1,0.0,14.8,0.0,0.0
2026-07-17 17:18:49,233,Working,21.0,11.2,0.0,3.5,58.9,58.9
2026-07-17 17:18:49,238,Working,0.0,2.3,0.0,0.0,0.0,0.0
2026-07-17 17:18:50,226,Talking,28.1,18.6,0.0,3.5,56.0,56.0
2026-07-17 17:18:50,233,Talking,21.8,11.2,0.0,3.5,59.8,59.8
2026-07-17 17:18:53,226,Working,28.1,18.6,0.0,7.0,52.3,52.3
2026-07-17 17:18:53,233,Looking Away,21.8,11.2,0.0,7.0,54.5,54.5
2026-07-17 17:18:55,226,Talking,30.1,18.6,0.0,7.0,54.0,54.0
2026-07-17 17:18:55,233,Talking,21.8,13.2,0.0,7.0,51.9,51.9
2026-07-17 17:18:55,236,Working,0.5,6.9,0.0,22.2,1.7,1.7
2026-07-17 17:18:55,237,Looking Away,0.0,6.1,0.0,22.2,0.0,0.0
2026-07-17 17:18:56,236,Talking,1.0,6.9,0.0,22.2,3.4,3.4
2026-07-17 17:18:56,237,Talking,0.0,6.6,0.0,22.2,0.0,0.0
2026-07-17 17:18:56,226,Working,30.1,18.6,0.0,8.2,52.9,52.9
2026-07-17 17:18:56,233,Looking Away,21.8,13.2,0.0,8.2,50.5,50.5
2026-07-17 17:18:57,233,Working,21.8,13.9,0.0,8.2,49.6,49.6
2026-07-17 17:18:58,233,Looking Away,22.5,13.9,0.0,8.2,50.4,50.4
2026-07-17 17:18:58,236,Working,1.0,6.9,0.0,24.4,3.2,3.2
2026-07-17 17:18:58,237,Looking Away,0.0,6.6,0.0,24.4,0.0,0.0
2026-07-17 17:18:58,233,Working,22.5,14.4,0.0,8.2,49.9,49.9
2026-07-17 17:18:58,236,Talking,1.5,6.9,0.0,24.4,4.5,4.5
2026-07-17 17:18:58,237,Talking,0.0,7.0,0.0,24.4,0.0,0.0
2026-07-17 17:18:59,233,Looking Away,23.4,14.4,0.0,8.2,50.9,50.9
2026-07-17 17:19:00,233,Working,23.4,15.6,0.0,8.2,49.6,49.6
2026-07-17 17:19:02,233,Looking Away,24.6,15.6,0.0,8.2,50.9,50.9
2026-07-17 17:19:02,233,Working,24.6,16.2,0.0,8.2,50.3,50.3
2026-07-17 17:19:03,233,Looking Away,25.4,16.2,0.0,8.2,51.1,51.1
2026-07-17 17:19:03,236,Working,1.5,6.9,0.0,29.1,3.9,3.9
2026-07-17 17:19:03,237,Looking Away,0.0,7.0,0.0,29.1,0.0,0.0
2026-07-17 17:19:04,236,Talking,2.0,6.9,0.0,29.1,5.4,5.4
2026-07-17 17:19:04,237,Talking,0.0,7.6,0.0,29.1,0.0,0.0
2026-07-17 17:19:05,233,Working,25.4,17.9,0.0,8.2,49.4,49.4
2026-07-17 17:19:05,233,Looking Away,26.1,17.9,0.0,8.2,50.0,50.0
2026-07-17 17:19:06,233,Working,26.1,18.7,0.0,8.2,49.2,49.2
2026-07-17 17:19:08,233,Looking Away,27.7,18.7,0.0,8.2,50.8,50.8
2026-07-17 17:19:13,236,Working,2.0,6.9,0.0,38.4,4.3,4.3
2026-07-17 17:19:13,237,Looking Away,0.0,7.6,0.0,38.4,0.0,0.0
2026-07-17 17:19:13,236,Talking,2.5,6.9,0.0,38.4,5.2,5.2
2026-07-17 17:19:13,237,Talking,0.0,8.1,0.0,38.4,0.0,0.0
2026-07-17 17:19:15,236,Working,2.5,6.9,0.0,40.2,5.0,5.0
2026-07-17 17:19:15,237,Looking Away,0.0,8.1,0.0,40.2,0.0,0.0
2026-07-17 17:19:16,226,Looking Away,49.7,18.6,0.0,8.2,65.0,65.0
2026-07-17 17:19:16,233,Working,27.7,26.8,0.0,8.2,44.2,44.2
2026-07-17 17:19:16,236,Talking,3.3,6.9,0.0,40.2,6.6,6.6
2026-07-17 17:19:16,237,Talking,0.0,8.9,0.0,40.2,0.0,0.0
2026-07-17 17:19:16,226,Talking,49.7,19.0,0.0,8.2,64.6,64.6
2026-07-17 17:19:16,233,Talking,28.1,26.8,0.0,8.2,44.6,44.6
2026-07-17 17:19:17,236,Working,3.3,6.9,0.0,41.0,6.5,6.5
2026-07-17 17:19:17,237,Looking Away,0.0,8.9,0.0,41.0,0.0,0.0
2026-07-17 17:19:18,236,Talking,4.1,6.9,0.0,41.0,7.9,7.9
2026-07-17 17:19:18,237,Talking,0.0,9.7,0.0,41.0,0.0,0.0
2026-07-17 17:19:18,226,Looking Away,49.7,19.0,0.0,10.3,62.9,62.9
2026-07-17 17:19:18,233,Working,28.1,26.8,0.0,10.3,43.2,43.2
2026-07-17 17:19:19,226,Talking,49.7,19.5,0.0,10.3,62.6,62.6
2026-07-17 17:19:19,233,Talking,28.6,26.8,0.0,10.3,43.6,43.6
2026-07-17 17:19:19,226,Looking Away,49.7,19.5,0.0,10.7,62.2,62.2
2026-07-17 17:19:19,233,Working,28.6,26.8,0.0,10.7,43.3,43.3
2026-07-17 17:19:20,226,Talking,49.7,20.2,0.0,10.7,61.6,61.6
2026-07-17 17:19:20,233,Talking,29.3,26.8,0.0,10.7,43.9,43.9
2026-07-17 17:19:20,236,Working,4.1,6.9,0.0,43.5,7.5,7.5
2026-07-17 17:19:20,237,Looking Away,0.0,9.7,0.0,43.5,0.0,0.0
2026-07-17 17:19:21,226,Looking Away,49.7,20.2,0.0,11.6,61.0,61.0
2026-07-17 17:19:21,233,Working,29.3,26.8,0.0,11.6,43.3,43.3
2026-07-17 17:19:21,226,Talking,49.7,20.7,0.0,11.6,60.6,60.6
2026-07-17 17:19:21,233,Talking,29.8,26.8,0.0,11.6,43.7,43.7
2026-07-17 17:19:21,238,Talking,0.0,0.4,0.0,0.0,0.0,0.0
2026-07-17 17:19:22,236,Talking,6.0,6.9,0.0,43.5,10.6,10.6
2026-07-17 17:19:22,237,Talking,0.0,11.6,0.0,43.5,0.0,0.0
2026-07-17 17:19:22,238,Working,0.0,0.4,0.0,0.6,0.0,0.0
2026-07-17 17:19:23,226,Looking Away,49.7,20.7,0.0,12.7,59.8,59.8
2026-07-17 17:19:23,233,Working,29.8,26.8,0.0,12.7,43.0,43.0
2026-07-17 17:19:24,226,Talking,49.7,21.9,0.0,12.7,59.0,59.0
2026-07-17 17:19:24,233,Talking,31.0,26.8,0.0,12.7,43.9,43.9
2026-07-17 17:19:24,236,Working,6.0,6.9,0.0,45.3,10.3,10.3
2026-07-17 17:19:24,237,Looking Away,0.0,11.6,0.0,45.3,0.0,0.0
2026-07-17 17:19:24,238,Talking,1.8,0.4,0.0,0.6,64.0,64.0
2026-07-17 17:19:25,236,Talking,6.9,6.9,0.0,45.3,11.7,11.7
2026-07-17 17:19:25,237,Talking,0.0,12.5,0.0,45.3,0.0,0.0
2026-07-17 17:19:25,238,Working,1.8,0.4,0.0,1.4,48.3,48.3
2026-07-17 17:19:25,238,Talking,2.4,0.4,0.0,1.4,56.1,56.1
2026-07-17 17:19:26,226,Looking Away,49.7,21.9,0.0,14.8,57.5,57.5
2026-07-17 17:19:26,236,Working,6.9,6.9,0.0,46.6,11.4,11.4
2026-07-17 17:19:26,237,Looking Away,0.0,12.5,0.0,46.6,0.0,0.0
2026-07-17 17:19:26,238,Looking Away,2.4,0.4,0.0,2.0,49.4,49.4
2026-07-17 17:19:26,236,Talking,7.2,6.9,0.0,46.6,11.8,11.8
2026-07-17 17:19:26,237,Talking,0.0,12.7,0.0,46.6,0.0,0.0
2026-07-17 17:19:26,236,Working,7.2,6.9,0.0,46.9,11.7,11.7
2026-07-17 17:19:26,237,No Laptop,0.0,12.7,0.0,46.9,0.0,0.0
2026-07-17 17:19:28,240,Looking Away,0.0,0.5,0.0,0.0,0.0,0.0
2026-07-17 17:19:29,239,Looking Away,2.5,0.0,0.0,0.0,100.0,100.0
2026-07-17 17:19:29,239,Working,2.5,0.4,0.0,0.0,86.9,86.9
2026-07-17 17:19:29,240,Working,0.0,1.6,0.0,0.0,0.0,0.0
2026-07-17 17:19:30,240,Looking Away,0.6,1.6,0.0,0.0,25.7,25.7
2026-07-17 17:19:30,241,Looking Away,0.0,0.6,0.0,0.0,0.0,0.0
2026-07-17 17:19:30,242,Looking Away,0.0,0.6,0.0,0.0,0.0,0.0
2026-07-17 17:19:32,243,Looking Away,0.0,0.6,0.0,0.0,0.0,0.0
2026-07-17 17:19:33,226,Working,49.7,29.0,0.0,14.8,53.1,53.1
2026-07-17 17:19:33,241,Working,0.0,3.9,0.0,0.0,0.0,0.0
2026-07-17 17:19:33,226,Looking Away,50.1,29.0,0.0,14.8,53.3,53.3
2026-07-17 17:19:33,241,Looking Away,0.4,3.9,0.0,0.0,9.5,9.5
2026-07-17 17:19:34,226,Talking,50.1,29.4,0.0,14.8,53.1,53.1
2026-07-17 17:19:34,239,Talking,7.3,0.4,0.0,0.0,95.0,95.0
2026-07-17 17:19:34,226,Looking Away,50.1,29.4,0.0,15.2,52.9,52.9
2026-07-17 17:19:34,239,Looking Away,7.3,0.4,0.0,0.4,90.6,90.6
2026-07-17 17:19:34,241,Working,0.4,4.7,0.0,0.0,8.1,8.1
2026-07-17 17:19:35,226,Working,50.1,29.9,0.0,15.2,52.6,52.6
2026-07-17 17:19:35,244,Looking Away,0.0,0.5,0.0,0.0,0.0,0.0
2026-07-17 17:19:35,243,Working,0.0,4.1,0.0,0.0,0.0,0.0
2026-07-17 17:19:36,244,Working,0.0,1.8,0.0,0.0,0.0,0.0
2026-07-17 17:19:37,226,Looking Away,52.0,29.9,0.0,15.2,53.5,53.5
2026-07-17 17:19:37,243,Looking Away,1.3,4.1,0.0,0.0,24.6,24.6
2026-07-17 17:19:37,241,Talking,3.2,4.7,0.0,0.0,40.4,40.4
2026-07-17 17:19:37,243,Talking,1.3,4.5,0.0,0.0,22.9,22.9
2026-07-17 17:19:38,245,Looking Away,0.0,0.5,0.0,0.0,0.0,0.0
2026-07-17 17:19:38,226,Working,52.0,31.7,0.0,15.2,52.5,52.5
2026-07-17 17:19:39,244,Looking Away,3.0,1.8,0.0,0.0,62.6,62.6
2026-07-17 17:19:40,241,Working,3.2,4.7,0.0,3.0,29.4,29.4
2026-07-17 17:19:40,243,Looking Away,1.3,4.5,0.0,3.0,15.2,15.2
2026-07-17 17:19:40,244,Working,3.0,3.2,0.0,0.0,48.4,48.4
2026-07-17 17:19:41,244,Looking Away,3.5,3.2,0.0,0.0,52.2,52.2
2026-07-17 17:19:41,241,Talking,4.6,4.7,0.0,3.0,37.4,37.4
2026-07-17 17:19:41,243,Talking,1.3,5.9,0.0,3.0,13.1,13.1
2026-07-17 17:19:42,241,Working,4.6,4.7,0.0,3.4,36.1,36.1
2026-07-17 17:19:42,243,Looking Away,1.3,5.9,0.0,3.4,12.5,12.5
2026-07-17 17:19:42,241,Talking,5.1,4.7,0.0,3.4,38.3,38.3
2026-07-17 17:19:42,243,Talking,1.3,6.3,0.0,3.4,12.0,12.0
2026-07-17 17:19:42,244,Working,3.5,4.6,0.0,0.0,43.5,43.5
2026-07-17 17:19:43,241,Working,5.1,4.7,0.0,3.8,37.1,37.1
2026-07-17 17:19:43,243,Looking Away,1.3,6.3,0.0,3.8,11.6,11.6
2026-07-17 17:19:43,244,Looking Away,3.9,4.6,0.0,0.0,46.2,46.2
2026-07-17 17:19:43,241,Talking,5.5,4.7,0.0,3.8,39.1,39.1
2026-07-17 17:19:43,243,Talking,1.3,6.8,0.0,3.8,11.2,11.2
2026-07-17 17:19:44,241,Looking Away,5.5,4.7,0.0,4.2,38.0,38.0
2026-07-17 17:19:44,244,Working,3.9,5.4,0.0,0.0,41.9,41.9
2026-07-17 17:19:45,244,Looking Away,5.2,5.4,0.0,0.0,48.9,48.9
2026-07-17 17:19:45,246,Looking Away,0.0,0.4,0.0,0.0,0.0,0.0
2026-07-17 17:19:47,244,Working,5.2,7.2,0.0,0.0,41.9,41.9
2026-07-17 17:19:47,247,Looking Away,0.0,0.5,0.0,0.0,0.0,0.0
2026-07-17 17:19:48,244,Looking Away,6.4,7.2,0.0,0.0,47.3,47.3
2026-07-17 17:19:48,246,Working,0.0,3.4,0.0,0.0,0.0,0.0
2026-07-17 17:19:49,244,Working,6.4,8.3,0.0,0.0,43.6,43.6
2026-07-17 17:19:49,246,Looking Away,1.1,3.4,0.0,0.0,25.0,25.0
2026-07-17 17:19:50,244,Looking Away,7.1,8.3,0.0,0.0,45.9,45.9
2026-07-17 17:19:50,246,Working,1.1,4.1,0.0,0.0,22.0,22.0
2026-07-17 17:19:51,246,Looking Away,2.5,4.1,0.0,0.0,37.9,37.9
2026-07-17 17:19:52,246,Working,2.5,5.4,0.0,0.0,31.4,31.4
2026-07-17 17:19:52,248,Looking Away,0.0,0.7,0.0,0.0,0.0,0.0
2026-07-17 17:19:52,249,Looking Away,0.0,0.7,0.0,0.0,0.0,0.0
2026-07-17 17:19:53,246,Looking Away,3.1,5.4,0.0,0.0,36.2,36.2
2026-07-17 17:19:54,244,Working,7.1,12.3,0.0,0.0,36.6,36.6
2026-07-17 17:19:54,246,No Laptop,3.1,6.1,0.0,0.0,33.6,33.6
2026-07-17 17:19:54,244,Looking Away,7.8,12.3,0.0,0.0,38.9,38.9
2026-07-17 17:19:54,246,Looking Away,3.1,6.8,0.0,0.0,31.1,31.1
2026-07-17 17:19:57,226,Talking,70.2,31.7,0.0,15.2,59.9,59.9
2026-07-17 17:19:57,244,Talking,7.8,14.6,0.0,0.0,34.9,34.9
2026-07-17 17:19:57,246,No Laptop,3.1,9.1,0.0,0.0,25.2,25.2
2026-07-17 17:19:57,246,Talking,3.1,9.7,0.0,0.0,24.1,24.1
2026-07-17 17:19:57,248,Talking,0.0,5.5,0.0,0.0,0.0,0.0
2026-07-17 17:19:57,249,Talking,0.0,5.5,0.0,0.0,0.0,0.0
2026-07-17 17:20:01,226,Looking Away,70.2,31.7,0.0,20.0,57.6,57.6
2026-07-17 17:20:01,244,Working,7.8,14.6,0.0,4.7,28.8,28.8
2026-07-17 17:20:02,248,Looking Away,0.0,5.5,0.0,4.8,0.0,0.0
2026-07-17 17:20:02,249,Working,0.0,5.5,0.0,4.8,0.0,0.0
2026-07-17 17:20:02,250,Looking Away,0.0,0.6,0.0,0.0,0.0,0.0
2026-07-17 17:20:03,226,Talking,70.2,33.0,0.0,20.0,57.0,57.0
2026-07-17 17:20:03,244,Talking,9.1,14.6,0.0,4.7,32.0,32.0
2026-07-17 17:20:03,248,Working,0.0,6.2,0.0,4.8,0.0,0.0
2026-07-17 17:20:03,249,Looking Away,0.6,5.5,0.0,4.8,5.9,5.9
2026-07-17 17:20:03,250,Working,0.0,1.3,0.0,0.0,0.0,0.0
2026-07-17 17:20:03,226,Working,70.2,33.0,0.0,20.8,56.6,56.6
2026-07-17 17:20:03,244,Looking Away,9.1,14.6,0.0,5.5,31.1,31.1
2026-07-17 17:20:04,244,Working,9.1,15.3,0.0,5.5,30.4,30.4
2026-07-17 17:20:04,248,Looking Away,1.6,6.2,0.0,4.8,12.5,12.5
2026-07-17 17:20:04,249,Working,0.6,7.1,0.0,4.8,5.2,5.2
2026-07-17 17:20:04,250,Looking Away,1.6,1.3,0.0,0.0,54.7,54.7
2026-07-17 17:20:07,250,Working,1.6,4.0,0.0,0.0,28.1,28.1
2026-07-17 17:20:07,250,Looking Away,2.2,4.0,0.0,0.0,35.2,35.2
2026-07-17 17:20:10,250,Working,2.2,6.2,0.0,0.0,25.8,25.8
2026-07-17 17:20:11,244,Looking Away,16.3,15.3,0.0,5.5,43.8,43.8
2026-07-17 17:20:12,244,Working,16.3,16.2,0.0,5.5,42.8,42.8
2026-07-17 17:20:12,250,Looking Away,4.6,6.2,0.0,0.0,42.5,42.5
2026-07-17 17:20:14,252,Looking Away,0.7,0.0,0.0,0.0,100.0,100.0
2026-07-17 17:20:15,244,Looking Away,18.8,16.2,0.0,5.5,46.4,46.4
2026-07-17 17:20:16,244,Working,18.8,17.9,0.0,5.5,44.5,44.5
2026-07-17 17:20:17,250,Working,4.6,11.1,0.0,0.0,29.3,29.3
2026-07-17 17:20:18,226,Looking Away,84.4,33.0,0.0,20.8,61.1,61.1
2026-07-17 17:20:18,250,Looking Away,5.6,11.1,0.0,0.0,33.7,33.7
2026-07-17 17:20:19,226,Talking,84.4,34.5,0.0,20.8,60.4,60.4
2026-07-17 17:20:19,244,Talking,21.4,17.9,0.0,5.5,47.8,47.8
2026-07-17 17:20:19,253,Looking Away,0.0,0.5,0.0,0.0,0.0,0.0
2026-07-17 17:20:20,226,Looking Away,84.4,34.5,0.0,21.3,60.2,60.2
2026-07-17 17:20:20,244,Working,21.4,17.9,0.0,6.1,47.2,47.2
2026-07-17 17:20:21,226,Talking,84.4,35.7,0.0,21.3,59.7,59.7
2026-07-17 17:20:21,244,Talking,22.6,17.9,0.0,6.1,48.5,48.5
2026-07-17 17:20:21,253,Working,0.0,2.2,0.0,0.0,0.0,0.0
2026-07-17 17:20:21,244,Looking Away,22.6,17.9,0.0,6.6,48.0,48.0
2026-07-17 17:20:22,244,Working,22.6,18.5,0.0,6.6,47.4,47.4
2026-07-17 17:20:22,253,Looking Away,1.0,2.2,0.0,0.0,31.2,31.2
2026-07-17 17:20:22,254,Working,0.0,0.6,0.0,0.0,0.0,0.0
2026-07-17 17:20:23,244,Looking Away,23.4,18.5,0.0,6.6,48.3,48.3
2026-07-17 17:20:23,253,Working,1.0,3.1,0.0,0.0,24.8,24.8
2026-07-17 17:20:23,254,Looking Away,0.8,0.6,0.0,0.0,60.4,60.4
2026-07-17 17:20:23,244,Working,23.4,19.2,0.0,6.6,47.7,47.7
2026-07-17 17:20:24,244,Looking Away,24.2,19.2,0.0,6.6,48.5,48.5
2026-07-17 17:20:24,254,Working,0.8,2.0,0.0,0.0,29.3,29.3
2026-07-17 17:20:26,254,Looking Away,2.5,2.0,0.0,0.0,54.7,54.7
2026-07-17 17:20:27,254,Working,2.5,2.9,0.0,0.0,45.9,45.9
2026-07-17 17:20:27,244,Talking,24.2,22.5,0.0,6.6,45.5,45.5
2026-07-17 17:20:27,253,Looking Away,5.8,3.1,0.0,0.0,65.2,65.2
2026-07-17 17:20:27,254,Talking,3.3,2.9,0.0,0.0,53.1,53.1
2026-07-17 17:20:27,255,Looking Away,0.0,0.8,0.0,0.0,0.0,0.0
2026-07-17 17:20:28,244,Looking Away,24.2,22.5,0.0,7.3,44.9,44.9
2026-07-17 17:20:28,254,Working,3.3,2.9,0.0,0.8,47.3,47.3
2026-07-17 17:20:30,244,Working,24.2,24.0,0.0,7.3,43.7,43.7
2026-07-17 17:20:30,254,Looking Away,4.8,2.9,0.0,0.8,56.8,56.8
2026-07-17 17:20:30,244,Looking Away,24.9,24.0,0.0,7.3,44.3,44.3
2026-07-17 17:20:30,253,Working,5.8,6.0,0.0,0.0,48.9,48.9
2026-07-17 17:20:30,254,Working,4.8,3.6,0.0,0.8,52.5,52.5
2026-07-17 17:20:33,253,Looking Away,8.6,6.0,0.0,0.0,58.6,58.6
2026-07-17 17:20:33,256,Looking Away,0.0,0.7,0.0,0.0,0.0,0.0
2026-07-17 17:20:35,244,Talking,24.9,28.1,0.0,7.3,41.3,41.3
2026-07-17 17:20:35,254,Talking,8.9,3.6,0.0,0.8,67.3,67.3
2026-07-17 17:20:36,244,Looking Away,24.9,28.1,0.0,8.9,40.2,40.2
2026-07-17 17:20:36,254,Working,8.9,3.6,0.0,2.3,60.2,60.2
2026-07-17 17:20:38,244,Working,24.9,29.6,0.0,8.9,39.3,39.3
2026-07-17 17:20:38,244,Talking,25.6,29.6,0.0,8.9,39.9,39.9
2026-07-17 17:20:38,253,Talking,8.6,11.2,0.0,0.0,43.4,43.4
2026-07-17 17:20:38,256,Talking,0.0,5.8,0.0,0.0,0.0,0.0
2026-07-17 17:20:39,244,Looking Away,25.6,29.6,0.0,9.5,39.6,39.6
2026-07-17 17:20:40,244,Working,25.6,31.1,0.0,9.5,38.7,38.7
2026-07-17 17:20:41,244,Looking Away,26.6,31.1,0.0,9.5,39.6,39.6
2026-07-17 17:20:41,253,Looking Away,8.6,11.2,0.0,3.1,37.5,37.5
2026-07-17 17:20:42,257,Looking Away,0.0,0.7,0.0,0.0,0.0,0.0
2026-07-17 17:20:45,244,Talking,26.6,34.5,0.0,9.5,37.7,37.7
2026-07-17 17:20:45,254,Talking,17.6,3.6,0.0,2.3,74.9,74.9
2026-07-17 17:20:46,244,Working,26.6,34.5,0.0,10.8,37.0,37.0
2026-07-17 17:20:46,254,Looking Away,17.6,3.6,0.0,3.6,71.0,71.0
2026-07-17 17:20:47,244,Talking,27.2,34.5,0.0,10.8,37.5,37.5
2026-07-17 17:20:47,253,Talking,8.6,16.4,0.0,3.1,30.5,30.5
2026-07-17 17:20:47,254,Talking,17.6,4.1,0.0,3.6,69.5,69.5
2026-07-17 17:20:47,257,Talking,0.0,5.2,0.0,0.0,0.0,0.0
2026-07-17 17:20:48,244,Working,27.2,34.5,0.0,12.1,36.9,36.9
2026-07-17 17:20:48,254,Looking Away,17.6,4.1,0.0,4.9,66.2,66.2
2026-07-17 17:20:49,244,Talking,28.2,34.5,0.0,12.1,37.7,37.7
2026-07-17 17:20:49,254,Talking,17.6,5.1,0.0,4.9,63.8,63.8
2026-07-17 17:20:51,253,Looking Away,8.6,16.4,0.0,7.5,26.3,26.3
2026-07-17 17:20:53,253,Working,8.6,18.3,0.0,7.5,24.9,24.9
2026-07-17 17:20:56,253,Looking Away,11.2,18.3,0.0,7.5,30.2,30.2
2026-07-17 17:20:57,253,Working,11.2,19.3,0.0,7.5,29.4,29.4
2026-07-17 17:20:59,253,Looking Away,13.2,19.3,0.0,7.5,33.0,33.0
2026-07-17 17:20:59,244,Looking Away,28.2,34.5,0.0,22.5,33.1,33.1
2026-07-17 17:20:59,254,Working,17.6,5.1,0.0,15.3,46.4,46.4
2026-07-17 17:21:02,253,Working,13.2,23.2,0.0,7.5,30.1,30.1
2026-07-17 17:21:04,253,Looking Away,15.1,23.2,0.0,7.5,33.0,33.0
2026-07-17 17:21:05,253,Working,15.1,24.0,0.0,7.5,32.4,32.4
2026-07-17 17:21:06,253,Looking Away,16.2,24.0,0.0,7.5,33.9,33.9
2026-07-17 17:21:09,244,Working,28.2,44.3,0.0,22.5,29.7,29.7
2026-07-17 17:21:10,244,Talking,29.0,44.3,0.0,22.5,30.3,30.3
2026-07-17 17:21:10,254,Talking,28.3,5.1,0.0,15.3,58.1,58.1
2026-07-17 17:21:11,253,Working,16.2,28.9,0.0,7.5,30.7,30.7
2026-07-17 17:21:12,244,Working,29.0,44.3,0.0,24.8,29.6,29.6
2026-07-17 17:21:12,253,Looking Away,17.3,28.9,0.0,7.5,32.2,32.2
2026-07-17 17:21:12,254,Looking Away,28.3,5.1,0.0,17.6,55.4,55.4
2026-07-17 17:21:13,244,Looking Away,29.8,44.3,0.0,24.8,30.1,30.1
2026-07-17 17:21:13,253,Working,17.3,29.6,0.0,7.5,31.7,31.7
2026-07-17 17:21:13,254,Working,28.3,5.9,0.0,17.6,54.6,54.6
2026-07-17 17:21:15,244,Working,29.8,46.4,0.0,24.8,29.5,29.5
2026-07-17 17:21:15,253,Looking Away,19.4,29.6,0.0,7.5,34.3,34.3
2026-07-17 17:21:16,244,Looking Away,30.5,46.4,0.0,24.8,30.0,30.0
2026-07-17 17:21:17,261,Looking Away,0.8,0.0,0.0,0.0,100.0,100.0
2026-07-17 17:21:19,261,Working,0.8,1.4,0.0,0.0,36.0,36.0
2026-07-17 17:21:20,261,Looking Away,1.6,1.4,0.0,0.0,53.1,53.1
2026-07-17 17:21:23,244,Talking,30.5,53.1,0.0,24.8,28.2,28.2
2026-07-17 17:21:23,261,Talking,1.6,4.3,0.0,0.0,27.4,27.4
2026-07-17 17:21:25,262,Working,0.0,0.7,0.0,0.0,0.0,0.0
2026-07-17 17:21:26,253,Working,19.4,40.7,0.0,7.5,28.7,28.7
2026-07-17 17:21:26,262,Looking Away,0.7,0.7,0.0,0.0,49.7,49.7
2026-07-17 17:21:27,253,Looking Away,20.0,40.7,0.0,7.5,29.3,29.3
2026-07-17 17:21:28,253,Working,20.0,41.8,0.0,7.5,28.8,28.8
2026-07-17 17:21:28,253,Looking Away,20.4,41.8,0.0,7.5,29.2,29.2
2026-07-17 17:21:31,253,Working,20.4,44.5,0.0,7.5,28.2,28.2
2026-07-17 17:21:31,253,Looking Away,20.8,44.5,0.0,7.5,28.6,28.6
2026-07-17 17:21:33,244,Working,30.5,53.1,0.0,35.2,25.7,25.7
2026-07-17 17:21:33,261,Looking Away,1.6,4.3,0.0,10.4,10.0,10.0
2026-07-17 17:21:34,253,Working,20.8,46.7,0.0,7.5,27.8,27.8
2026-07-17 17:21:34,244,Talking,31.5,53.1,0.0,35.2,26.3,26.3
2026-07-17 17:21:34,253,Looking Away,21.3,46.7,0.0,7.5,28.2,28.2
2026-07-17 17:21:34,261,Talking,1.6,5.3,0.0,10.4,9.4,9.4
2026-07-17 17:21:35,253,Working,21.3,47.2,0.0,7.5,28.0,28.0
2026-07-17 17:21:35,253,Looking Away,21.8,47.2,0.0,7.5,28.5,28.5
2026-07-17 17:21:36,253,Working,21.8,47.7,0.0,7.5,28.3,28.3
2026-07-17 17:21:37,253,Looking Away,23.0,47.7,0.0,7.5,29.4,29.4
2026-07-17 17:21:37,253,Working,23.0,48.2,0.0,7.5,29.2,29.2
2026-07-17 17:21:38,244,Looking Away,31.5,53.1,0.0,38.9,25.5,25.5
2026-07-17 17:21:38,261,Working,1.6,5.3,0.0,14.2,7.8,7.8
2026-07-17 17:21:38,244,Talking,31.5,53.6,0.0,38.9,25.4,25.4
2026-07-17 17:21:38,261,Talking,2.1,5.3,0.0,14.2,9.7,9.7
2026-07-17 17:21:41,253,Talking,26.3,48.2,0.0,7.5,32.0,32.0
2026-07-17 17:21:41,261,Working,2.1,5.3,0.0,17.2,8.6,8.6
2026-07-17 17:21:43,253,No Laptop,26.3,48.2,0.0,9.6,31.2,31.2
2026-07-17 17:21:43,261,Talking,3.5,5.3,0.0,17.2,13.4,13.4
2026-07-17 17:21:43,266,No Laptop,0.0,0.7,0.0,0.0,0.0,0.0
2026-07-17 17:21:43,261,No Laptop,3.5,5.3,0.0,17.8,13.1,13.1
2026-07-17 17:21:44,253,Looking Away,26.3,49.5,0.0,9.6,30.8,30.8
2026-07-17 17:21:44,266,Working,0.0,2.1,0.0,0.0,0.0,0.0
2026-07-17 17:21:44,267,No Laptop,0.0,0.7,0.0,0.0,0.0,0.0
2026-07-17 17:21:44,266,Looking Away,0.4,2.1,0.0,0.0,17.0,17.0
2026-07-17 17:21:45,266,Working,0.4,2.8,0.0,0.0,13.3,13.3
2026-07-17 17:21:46,253,Working,26.3,51.3,0.0,9.6,30.1,30.1
2026-07-17 17:21:46,266,Looking Away,1.1,2.8,0.0,0.0,28.2,28.2
2026-07-17 17:21:46,268,Looking Away,0.0,0.4,0.0,0.0,0.0,0.0
2026-07-17 17:21:46,269,Looking Away,0.0,0.4,0.0,0.0,0.0,0.0
2026-07-17 17:21:47,253,Looking Away,27.1,51.3,0.0,9.6,30.8,30.8
2026-07-17 17:21:47,268,Working,0.0,1.8,0.0,0.0,0.0,0.0
2026-07-17 17:21:48,253,Working,27.1,52.8,0.0,9.6,30.3,30.3
2026-07-17 17:21:49,270,Looking Away,0.0,0.5,0.0,0.0,0.0,0.0
2026-07-17 17:21:50,268,Looking Away,2.1,1.8,0.0,0.0,54.9,54.9
2026-07-17 17:21:50,268,Working,2.1,2.5,0.0,0.0,45.7,45.7
2026-07-17 17:21:50,270,Working,0.0,1.8,0.0,0.0,0.0,0.0
2026-07-17 17:21:51,268,Looking Away,2.9,2.5,0.0,0.0,53.7,53.7
2026-07-17 17:21:51,270,Looking Away,0.8,1.8,0.0,0.0,31.2,31.2
2026-07-17 17:21:51,271,Looking Away,0.0,0.8,0.0,0.0,0.0,0.0
2026-07-17 17:21:52,272,Looking Away,0.0,0.6,0.0,0.0,0.0,0.0
2026-07-17 17:21:53,273,Looking Away,0.0,0.5,0.0,0.0,0.0,0.0
2026-07-17 17:21:54,271,Working,0.0,3.4,0.0,0.0,0.0,0.0
2026-07-17 17:21:54,272,Working,0.0,2.6,0.0,0.0,0.0,0.0
2026-07-17 17:21:55,271,Looking Away,1.0,3.4,0.0,0.0,23.1,23.1
2026-07-17 17:21:55,268,Working,2.9,6.7,0.0,0.0,30.5,30.5
2026-07-17 17:21:55,274,Looking Away,0.0,0.5,0.0,0.0,0.0,0.0
2026-07-17 17:21:56,275,Looking Away,0.0,0.8,0.0,0.0,0.0,0.0
2026-07-17 17:21:59,276,Looking Away,0.0,0.6,0.0,0.0,0.0,0.0
2026-07-17 17:21:59,277,Looking Away,0.0,0.6,0.0,0.0,0.0,0.0
2026-07-17 17:22:01,268,Looking Away,8.1,6.7,0.0,0.0,54.8,54.8
2026-07-17 17:22:01,276,Working,0.0,2.1,0.0,0.0,0.0,0.0
2026-07-17 17:22:01,276,Looking Away,0.6,2.1,0.0,0.0,20.9,20.9
2026-07-17 17:22:02,277,Working,0.0,3.6,0.0,0.0,0.0,0.0
2026-07-17 17:22:03,277,Looking Away,0.5,3.6,0.0,0.0,11.4,11.4
2026-07-17 17:22:03,278,Working,0.0,0.5,0.0,0.0,0.0,0.0
2026-07-17 17:22:03,277,Working,0.5,4.5,0.0,0.0,9.3,9.3
2026-07-17 17:22:04,276,Working,0.6,4.9,0.0,0.0,10.1,10.1
2026-07-17 17:22:04,277,Looking Away,0.9,4.5,0.0,0.0,17.4,17.4
2026-07-17 17:22:05,277,Working,0.9,5.4,0.0,0.0,14.8,14.8
2026-07-17 17:22:05,277,Looking Away,1.4,5.4,0.0,0.0,20.4,20.4
2026-07-17 17:22:05,278,Looking Away,2.8,0.5,0.0,0.0,85.7,85.7
2026-07-17 17:22:06,268,Talking,8.1,11.9,0.0,0.0,40.6,40.6
2026-07-17 17:22:06,277,Talking,1.4,5.9,0.0,0.0,19.1,19.1
2026-07-17 17:22:06,278,Working,2.8,0.9,0.0,0.0,75.0,75.0
2026-07-17 17:22:06,268,Working,8.1,11.9,0.0,0.5,39.5,39.5
2026-07-17 17:22:06,276,Talking,2.9,4.9,0.0,0.0,37.3,37.3
2026-07-17 17:22:07,279,Looking Away,0.0,0.5,0.0,0.0,0.0,0.0
2026-07-17 17:22:08,273,Talking,0.0,15.4,0.0,0.0,0.0,0.0
2026-07-17 17:22:08,268,Talking,10.0,11.9,0.0,0.5,44.7,44.7
2026-07-17 17:22:08,279,Working,0.0,1.9,0.0,0.0,0.0,0.0
2026-07-17 17:22:09,253,No Laptop,48.2,52.8,0.0,9.6,43.6,43.6
2026-07-17 17:22:09,279,No Laptop,0.9,1.9,0.0,0.0,31.2,31.2
2026-07-17 17:22:09,253,Working,48.2,53.2,0.0,9.6,43.4,43.4
2026-07-17 17:22:09,279,Looking Away,0.9,2.3,0.0,0.0,27.1,27.1
2026-07-17 17:22:09,280,Working,0.0,0.4,0.0,0.0,0.0,0.0
2026-07-17 17:22:10,279,Working,0.9,2.8,0.0,0.0,23.8,23.8
2026-07-17 17:22:10,276,Looking Away,2.9,4.9,0.0,4.1,24.4,24.4
2026-07-17 17:22:10,277,Working,1.4,5.9,0.0,4.6,11.7,11.7
2026-07-17 17:22:11,281,Looking Away,0.0,0.4,0.0,0.0,0.0,0.0
2026-07-17 17:22:11,253,Looking Away,49.9,53.2,0.0,9.6,44.3,44.3
2026-07-17 17:22:11,276,Working,2.9,5.8,0.0,4.1,22.8,22.8
2026-07-17 17:22:12,253,Working,49.9,53.6,0.0,9.6,44.2,44.2
2026-07-17 17:22:12,282,No Laptop,0.6,0.0,0.0,0.0,100.0,100.0
2026-07-17 17:22:12,283,Looking Away,0.6,0.0,0.0,0.0,100.0,100.0
2026-07-17 17:22:13,283,Working,0.6,1.0,0.0,0.0,37.6,37.6
2026-07-17 17:22:14,281,Working,0.0,3.4,0.0,0.0,0.0,0.0
2026-07-17 17:22:14,283,Looking Away,1.2,1.0,0.0,0.0,55.4,55.4
2026-07-17 17:22:14,276,Looking Away,6.1,5.8,0.0,4.1,38.0,38.0
2026-07-17 17:22:14,281,Looking Away,0.6,3.4,0.0,0.0,16.0,16.0
2026-07-17 17:22:14,282,Working,0.6,2.2,0.0,0.0,20.7,20.7
2026-07-17 17:22:15,253,Looking Away,53.2,53.6,0.0,9.6,45.7,45.7
2026-07-17 17:22:15,282,Looking Away,1.1,2.2,0.0,0.0,33.0,33.0
2026-07-17 17:22:15,276,Talking,6.1,6.7,0.0,4.1,35.8,35.8
2026-07-17 17:22:15,277,Talking,6.4,5.9,0.0,4.6,37.6,37.6
2026-07-17 17:22:15,282,No Laptop,1.1,2.7,0.0,0.0,29.0,29.0
2026-07-17 17:22:16,276,Looking Away,6.1,6.7,0.0,4.8,34.4,34.4
2026-07-17 17:22:16,277,Working,6.4,5.9,0.0,5.3,36.1,36.1
2026-07-17 17:22:16,282,Looking Away,1.1,3.4,0.0,0.0,24.4,24.4
2026-07-17 17:22:17,253,Working,53.2,55.2,0.0,9.6,45.1,45.1
2026-07-17 17:22:17,281,Working,0.6,5.5,0.0,0.0,10.4,10.4
2026-07-17 17:22:17,283,Working,1.2,3.8,0.0,0.0,24.0,24.0
2026-07-17 17:22:17,276,Talking,6.1,7.8,0.0,4.8,32.5,32.5
2026-07-17 17:22:17,277,Talking,7.4,5.9,0.0,5.3,39.8,39.8
2026-07-17 17:22:17,281,Looking Away,1.2,5.5,0.0,0.0,18.0,18.0
2026-07-17 17:22:18,281,Talking,1.2,6.0,0.0,0.0,16.8,16.8
2026-07-17 17:22:18,282,Talking,1.1,4.9,0.0,0.0,18.1,18.1
2026-07-17 17:22:18,283,Looking Away,2.2,3.8,0.0,0.0,37.4,37.4
2026-07-17 17:22:18,276,Looking Away,6.1,7.8,0.0,5.7,30.9,30.9
2026-07-17 17:22:18,277,Working,7.4,5.9,0.0,6.2,37.9,37.9
2026-07-17 17:22:18,282,Looking Away,1.1,4.9,0.0,0.4,16.9,16.9
2026-07-17 17:22:19,253,Looking Away,55.2,55.2,0.0,9.6,46.0,46.0
2026-07-17 17:22:19,276,Talking,6.1,8.3,0.0,5.7,30.2,30.2
2026-07-17 17:22:19,277,Talking,7.9,5.9,0.0,6.2,39.4,39.4
2026-07-17 17:22:19,283,Working,2.2,4.6,0.0,0.0,32.6,32.6
2026-07-17 17:22:19,253,Working,55.2,55.7,0.0,9.6,45.8,45.8
2026-07-17 17:22:19,283,Looking Away,2.7,4.6,0.0,0.0,36.9,36.9
2026-07-17 17:22:19,277,Working,7.9,5.9,0.0,7.2,37.6,37.6
2026-07-17 17:22:19,283,Talking,2.7,5.1,0.0,0.0,34.8,34.8
2026-07-17 17:22:20,276,Looking Away,6.1,8.3,0.0,7.5,27.7,27.7
2026-07-17 17:22:20,283,Working,2.7,5.1,0.0,0.9,31.2,31.2
2026-07-17 17:22:20,284,Looking Away,0.0,0.5,0.0,0.0,0.0,0.0
2026-07-17 17:22:21,253,Talking,57.0,55.7,0.0,9.6,46.6,46.6
2026-07-17 17:22:21,282,Talking,1.1,7.7,0.0,0.4,11.7,11.7
2026-07-17 17:22:21,276,Talking,6.1,9.4,0.0,7.5,26.3,26.3
2026-07-17 17:22:21,277,Talking,9.9,5.9,0.0,7.2,43.1,43.1
2026-07-17 17:22:22,277,Working,9.9,5.9,0.0,7.7,42.2,42.2
2026-07-17 17:22:22,283,Talking,4.3,5.1,0.0,0.9,42.1,42.1
2026-07-17 17:22:23,253,Working,57.0,55.7,0.0,11.2,46.0,46.0
2026-07-17 17:22:23,277,Talking,10.5,5.9,0.0,7.7,43.6,43.6
2026-07-17 17:22:23,282,Looking Away,1.1,7.7,0.0,2.1,10.0,10.0
2026-07-17 17:22:23,282,Working,1.1,8.3,0.0,2.1,9.5,9.5
2026-07-17 17:22:23,284,Working,0.0,3.2,0.0,0.0,0.0,0.0
2026-07-17 17:22:24,277,Working,10.5,5.9,0.0,8.9,41.4,41.4
2026-07-17 17:22:25,277,Talking,11.2,5.9,0.0,8.9,43.0,43.0
2026-07-17 17:22:25,284,Looking Away,1.5,3.2,0.0,0.0,31.2,31.2
2026-07-17 17:22:25,277,Working,11.2,5.9,0.0,9.7,41.7,41.7
2026-07-17 17:22:26,253,Talking,60.6,55.7,0.0,11.2,47.5,47.5
2026-07-17 17:22:26,277,Talking,12.0,5.9,0.0,9.7,43.3,43.3
2026-07-17 17:22:26,282,Talking,4.1,8.3,0.0,2.1,28.5,28.5
2026-07-17 17:22:26,284,Talking,1.5,4.8,0.0,0.0,23.3,23.3
2026-07-17 17:22:27,277,Working,12.0,5.9,0.0,10.3,42.5,42.5
2026-07-17 17:22:27,277,Talking,12.5,5.9,0.0,10.3,43.5,43.5
2026-07-17 17:22:29,277,Working,12.5,5.9,0.0,11.8,41.4,41.4
2026-07-17 17:22:29,277,Talking,13.0,5.9,0.0,11.8,42.4,42.4
2026-07-17 17:22:30,253,Working,60.6,55.7,0.0,14.8,46.2,46.2
2026-07-17 17:22:30,282,Working,4.1,8.3,0.0,5.7,22.9,22.9
2026-07-17 17:22:30,283,Working,4.3,5.1,0.0,8.6,24.1,24.1
2026-07-17 17:22:30,253,Talking,61.2,55.7,0.0,14.8,46.5,46.5
2026-07-17 17:22:31,253,Working,61.2,55.7,0.0,15.5,46.2,46.2
2026-07-17 17:22:31,282,Looking Away,5.9,8.3,0.0,5.7,29.8,29.8
2026-07-17 17:22:32,253,Talking,62.1,55.7,0.0,15.5,46.6,46.6
2026-07-17 17:22:32,282,Talking,5.9,8.6,0.0,5.7,29.2,29.2
2026-07-17 17:22:32,253,Working,62.1,55.7,0.0,16.0,46.4,46.4
2026-07-17 17:22:32,282,No Laptop,5.9,8.6,0.0,6.1,28.5,28.5
2026-07-17 17:22:33,285,Looking Away,0.9,0.0,0.0,0.0,100.0,100.0
2026-07-17 17:22:33,253,Talking,62.9,55.7,0.0,16.0,46.7,46.7
2026-07-17 17:22:34,277,Working,13.0,5.9,0.0,16.1,37.1,37.1
2026-07-17 17:22:34,253,Working,62.9,55.7,0.0,16.9,46.4,46.4
2026-07-17 17:22:34,277,Talking,13.5,5.9,0.0,16.1,38.0,38.0
2026-07-17 17:22:34,286,Looking Away,0.0,0.5,0.0,0.0,0.0,0.0
2026-07-17 17:22:34,285,Working,0.9,1.7,0.0,0.0,34.7,34.7
2026-07-17 17:22:35,277,Working,13.5,5.9,0.0,17.0,37.1,37.1
2026-07-17 17:22:35,284,Looking Away,1.5,4.8,0.0,8.7,9.7,9.7
2026-07-17 17:22:35,285,Looking Away,1.7,1.7,0.0,0.0,50.3,50.3
2026-07-17 17:22:35,288,Looking Away,0.0,0.4,0.0,0.0,0.0,0.0
2026-07-17 17:22:36,277,Talking,14.5,5.9,0.0,17.0,38.8,38.8
2026-07-17 17:22:36,284,Talking,1.5,5.8,0.0,8.7,9.1,9.1
2026-07-17 17:22:36,289,Looking Away,0.0,0.6,0.0,0.0,0.0,0.0
2026-07-17 17:22:36,277,Working,14.5,5.9,0.0,17.5,38.2,38.2
2026-07-17 17:22:36,284,Looking Away,1.5,5.8,0.0,9.3,8.8,8.8
2026-07-17 17:22:36,289,Working,0.0,1.1,0.0,0.0,0.0,0.0
2026-07-17 17:22:37,289,Looking Away,0.9,1.1,0.0,0.0,45.1,45.1
2026-07-17 17:22:38,277,Talking,15.9,5.9,0.0,17.5,40.5,40.5
2026-07-17 17:22:38,284,Talking,1.5,7.3,0.0,9.3,8.1,8.1
2026-07-17 17:22:38,285,Talking,1.7,4.3,0.0,0.0,28.7,28.7
2026-07-17 17:22:38,289,Working,0.9,1.7,0.0,0.0,36.3,36.3
2026-07-17 17:22:40,280,Talking,30.3,0.4,0.0,0.0,98.6,98.6
2026-07-17 17:22:40,290,No Laptop,0.0,0.4,0.0,0.0,0.0,0.0
2026-07-17 17:22:40,280,Working,30.3,0.4,0.0,0.5,97.0,97.0
2026-07-17 17:22:41,291,Working,0.0,0.9,0.0,0.0,0.0,0.0
2026-07-17 17:22:42,277,Working,15.9,5.9,0.0,22.2,36.2,36.2
2026-07-17 17:22:42,284,Looking Away,1.5,7.3,0.0,13.9,6.4,6.4
2026-07-17 17:22:42,285,Looking Away,1.7,4.3,0.0,4.6,16.2,16.2
2026-07-17 17:22:42,291,Looking Away,1.2,0.9,0.0,0.0,57.9,57.9
2026-07-17 17:22:43,291,Working,1.2,1.8,0.0,0.0,41.0,41.0
2026-07-17 17:22:44,277,Talking,17.5,5.9,0.0,22.2,38.4,38.4
2026-07-17 17:22:44,280,Talking,34.0,0.4,0.0,0.5,97.3,97.3
2026-07-17 17:22:44,284,Talking,1.5,8.8,0.0,13.9,6.0,6.0
2026-07-17 17:22:44,285,Talking,1.7,5.8,0.0,4.6,14.2,14.2
2026-07-17 17:22:44,291,Looking Away,1.9,1.8,0.0,0.0,51.1,51.1
2026-07-17 17:22:45,277,Working,17.5,5.9,0.0,22.7,37.9,37.9
2026-07-17 17:22:45,280,Looking Away,34.0,0.4,0.0,1.0,95.9,95.9
2026-07-17 17:22:45,284,Looking Away,1.5,8.8,0.0,14.5,5.9,5.9
2026-07-17 17:22:45,285,Looking Away,1.7,5.8,0.0,5.1,13.6,13.6
2026-07-17 17:22:45,291,Working,1.9,2.3,0.0,0.0,44.8,44.8
2026-07-17 17:22:45,277,Talking,18.1,5.9,0.0,22.7,38.8,38.8
2026-07-17 17:22:45,280,Working,34.0,1.1,0.0,1.0,94.1,94.1
2026-07-17 17:22:45,284,Talking,1.5,9.4,0.0,14.5,5.7,5.7
2026-07-17 17:22:45,285,Talking,1.7,6.5,0.0,5.1,12.9,12.9
2026-07-17 17:22:45,287,Looking Away,10.4,0.0,0.0,0.0,100.0,100.0
2026-07-17 17:22:46,287,Working,10.4,1.2,0.0,0.0,89.7,89.7
2026-07-17 17:22:46,291,Talking,3.7,2.3,0.0,0.0,61.6,61.6
2026-07-17 17:22:48,287,Looking Away,11.5,1.2,0.0,0.0,90.6,90.6
2026-07-17 17:22:49,287,No Laptop,11.5,2.2,0.0,0.0,84.0,84.0
2026-07-17 17:22:50,291,Working,3.7,2.3,0.0,3.2,40.1,40.1
2026-07-17 17:22:50,292,Looking Away,2.1,0.0,0.0,0.0,100.0,100.0
2026-07-17 17:22:51,292,Working,2.1,1.0,0.0,0.0,67.9,67.9
2026-07-17 17:22:53,293,Looking Away,0.0,0.5,0.0,0.0,0.0,0.0
2026-07-17 17:22:54,291,Talking,8.4,2.3,0.0,3.2,60.2,60.2
2026-07-17 17:22:54,294,Looking Away,0.0,1.0,0.0,0.0,0.0,0.0
2026-07-17 17:22:55,291,Working,8.4,2.3,0.0,4.3,55.9,55.9
2026-07-17 17:22:56,292,Looking Away,7.9,1.0,0.0,0.0,88.8,88.8
2026-07-17 17:22:57,295,Looking Away,0.0,1.1,0.0,0.0,0.0,0.0
2026-07-17 17:22:58,294,Talking,0.0,5.1,0.0,0.0,0.0,0.0
2026-07-17 17:22:59,296,Working,0.0,0.9,0.0,0.0,0.0,0.0
2026-07-17 17:23:00,277,Working,18.1,5.9,0.0,37.8,29.3,29.3
2026-07-17 17:23:00,291,Looking Away,13.4,2.3,0.0,4.3,66.9,66.9
2026-07-17 17:23:00,294,Looking Away,0.0,5.1,0.0,2.0,0.0,0.0
2026-07-17 17:23:01,277,Talking,19.0,5.9,0.0,37.8,30.3,30.3
2026-07-17 17:23:01,291,Talking,13.4,3.2,0.0,4.3,64.0,64.0
2026-07-17 17:23:01,294,Talking,0.0,6.0,0.0,2.0,0.0,0.0
2026-07-17 17:23:02,277,Working,19.0,5.9,0.0,39.0,29.8,29.8
2026-07-17 17:23:02,291,Looking Away,13.4,3.2,0.0,5.5,60.5,60.5
2026-07-17 17:23:02,294,Looking Away,0.0,6.0,0.0,3.2,0.0,0.0
2026-07-17 17:23:02,297,Looking Away,0.0,1.2,0.0,0.0,0.0,0.0
2026-07-17 17:23:04,291,Working,13.4,4.5,0.0,5.5,57.3,57.3
2026-07-17 17:23:04,297,Working,0.0,2.4,0.0,0.0,0.0,0.0
2026-07-17 17:23:05,277,Talking,21.6,5.9,0.0,39.0,32.5,32.5
2026-07-17 17:23:05,294,Talking,0.0,8.6,0.0,3.2,0.0,0.0
2026-07-17 17:23:05,295,Talking,0.0,8.7,0.0,0.0,0.0,0.0
2026-07-17 17:23:05,298,Looking Away,0.0,1.4,0.0,0.0,0.0,0.0
2026-07-17 17:23:07,299,Looking Away,0.0,1.4,0.0,0.0,0.0,0.0
2026-07-17 17:23:09,299,Working,0.0,3.2,0.0,0.0,0.0,0.0
2026-07-17 17:23:10,277,Working,21.6,5.9,0.0,44.3,30.1,30.1
2026-07-17 17:23:10,294,Looking Away,0.0,8.6,0.0,8.5,0.0,0.0
2026-07-17 17:23:10,295,Looking Away,0.0,8.7,0.0,5.3,0.0,0.0
2026-07-17 17:23:10,299,Looking Away,1.2,3.2,0.0,0.0,27.1,27.1
2026-07-17 17:23:10,300,Working,0.0,1.2,0.0,0.0,0.0,0.0
2026-07-17 17:23:11,277,Talking,22.6,5.9,0.0,44.3,31.0,31.0
2026-07-17 17:23:11,294,Talking,0.0,9.5,0.0,8.5,0.0,0.0
2026-07-17 17:23:11,295,Talking,0.0,9.6,0.0,5.3,0.0,0.0
2026-07-17 17:23:11,299,Talking,1.2,4.1,0.0,0.0,22.3,22.3
2026-07-17 17:23:11,300,Looking Away,0.9,1.2,0.0,0.0,44.4,44.4
2026-07-17 17:23:12,277,Working,22.6,5.9,0.0,45.3,30.6,30.6
2026-07-17 17:23:12,294,Looking Away,0.0,9.5,0.0,9.4,0.0,0.0
2026-07-17 17:23:12,295,Looking Away,0.0,9.6,0.0,6.3,0.0,0.0
2026-07-17 17:23:12,299,Working,1.2,4.1,0.0,1.0,18.9,18.9
2026-07-17 17:23:12,300,Working,0.9,2.1,0.0,0.0,30.6,30.6
2026-07-17 17:23:14,277,Talking,24.0,5.9,0.0,45.3,31.9,31.9
2026-07-17 17:23:14,294,Talking,0.0,10.9,0.0,9.4,0.0,0.0
2026-07-17 17:23:14,295,Talking,0.0,11.0,0.0,6.3,0.0,0.0
2026-07-17 17:23:14,300,Looking Away,2.3,2.1,0.0,0.0,52.4,52.4
2026-07-17 17:23:14,301,Looking Away,0.0,1.4,0.0,0.0,0.0,0.0
2026-07-17 17:23:15,300,Working,2.3,3.0,0.0,0.0,44.1,44.1
2026-07-17 17:23:17,300,Talking,4.6,3.0,0.0,0.0,60.5,60.5
2026-07-17 17:23:17,302,Looking Away,1.2,0.0,0.0,0.0,100.0,100.0
2026-07-17 17:23:19,302,Working,1.2,2.6,0.0,0.0,31.0,31.0
2026-07-17 17:23:20,302,Looking Away,2.1,2.6,0.0,0.0,44.3,44.3
2026-07-17 17:23:22,302,Working,2.1,4.7,0.0,0.0,30.5,30.5
2026-07-17 17:23:25,300,Working,4.6,3.0,0.0,7.9,29.5,29.5
2026-07-17 17:23:26,300,No Laptop,5.7,3.0,0.0,7.9,34.2,34.2
2026-07-17 17:23:29,300,Working,5.7,6.0,0.0,7.9,29.0,29.0
2026-07-17 17:23:30,300,No Laptop,7.3,6.0,0.0,7.9,34.6,34.6
2026-07-17 17:23:30,302,Talking,10.2,4.7,0.0,0.0,68.2,68.2
2026-07-17 17:23:30,303,No Laptop,0.0,1.7,0.0,0.0,0.0,0.0
2026-07-17 17:23:34,300,Looking Away,7.3,9.2,0.0,7.9,30.0,30.0
2026-07-17 17:23:34,303,Working,0.0,4.9,0.0,0.0,0.0,0.0
2026-07-17 17:23:35,303,No Laptop,1.3,4.9,0.0,0.0,20.5,20.5
2026-07-17 17:23:37,300,Talking,7.3,12.5,0.0,7.9,26.5,26.5
2026-07-17 17:23:37,303,Talking,1.3,6.9,0.0,0.0,15.6,15.6
2026-07-17 17:23:41,303,Working,1.3,6.9,0.0,3.8,10.7,10.7
2026-07-17 17:23:44,303,Talking,4.8,6.9,0.0,3.8,30.9,30.9
2026-07-17 17:23:44,304,No Laptop,9.2,0.0,0.0,0.0,100.0,100.0
2026-07-17 17:23:57,277,Working,24.0,5.9,0.0,88.5,20.3,20.3
2026-07-17 17:23:57,303,Working,4.8,6.9,0.0,16.5,16.9,16.9
2026-07-17 17:23:57,304,Working,9.2,12.7,0.0,0.0,42.1,42.1
2026-07-17 17:23:59,303,Talking,7.3,6.9,0.0,16.5,23.7,23.7
2026-07-17 17:24:00,304,Looking Away,12.8,12.7,0.0,0.0,50.1,50.1
2026-07-17 17:24:03,295,Looking Away,0.0,11.0,0.0,55.1,0.0,0.0
2026-07-17 17:24:03,303,Working,7.3,6.9,0.0,19.6,21.6,21.6
2026-07-17 17:24:03,304,Working,12.8,14.8,0.0,0.0,46.2,46.2
2026-07-17 17:24:03,305,No Laptop,0.0,2.1,0.0,0.0,0.0,0.0
2026-07-17 17:24:07,277,Talking,33.4,5.9,0.0,88.5,26.1,26.1
2026-07-17 17:24:07,295,Talking,0.0,14.8,0.0,55.1,0.0,0.0
2026-07-17 17:24:07,304,Looking Away,16.5,14.8,0.0,0.0,52.7,52.7
2026-07-17 17:24:09,277,Working,33.4,5.9,0.0,91.6,25.5,25.5
2026-07-17 17:24:09,295,Looking Away,0.0,14.8,0.0,58.2,0.0,0.0
2026-07-17 17:24:09,306,Looking Away,3.1,0.0,0.0,0.0,100.0,100.0
2026-07-17 17:24:12,295,Talking,0.0,17.3,0.0,58.2,0.0,0.0
2026-07-17 17:24:12,303,Talking,16.6,6.9,0.0,19.6,38.6,38.6
2026-07-17 17:24:12,305,Talking,0.0,11.4,0.0,0.0,0.0,0.0
2026-07-17 17:24:13,295,Looking Away,0.0,17.3,0.0,59.8,0.0,0.0
2026-07-17 17:24:13,303,Working,16.6,6.9,0.0,21.1,37.2,37.2
2026-07-17 17:24:13,305,No Laptop,0.0,11.4,0.0,1.6,0.0,0.0
2026-07-17 17:24:15,306,Working,3.1,5.3,0.0,0.0,37.0,37.0
2026-07-17 17:24:18,295,Working,0.0,21.4,0.0,59.8,0.0,0.0
2026-07-17 17:24:18,303,Looking Away,20.8,6.9,0.0,21.1,42.6,42.6
2026-07-17 17:24:18,307,Looking Away,0.0,1.0,0.0,0.0,0.0,0.0
2026-07-17 17:24:19,295,Talking,1.8,21.4,0.0,59.8,2.2,2.2
2026-07-17 17:24:19,303,Talking,20.8,8.7,0.0,21.1,41.0,41.0
2026-07-17 17:24:23,295,Working,1.8,21.4,0.0,62.9,2.1,2.1
2026-07-17 17:24:23,303,Looking Away,20.8,8.7,0.0,24.2,38.7,38.7
2026-07-17 17:24:23,295,Talking,2.7,21.4,0.0,62.9,3.2,3.2
2026-07-17 17:24:23,303,Talking,20.8,9.6,0.0,24.2,38.0,38.0
2026-07-17 17:24:23,307,Talking,0.0,6.8,0.0,0.0,0.0,0.0
2026-07-17 17:24:27,308,Looking Away,0.0,0.8,0.0,0.0,0.0,0.0
2026-07-17 17:24:32,308,Talking,0.0,5.9,0.0,0.0,0.0,0.0
2026-07-17 17:24:32,309,Looking Away,5.1,0.0,0.0,0.0,100.0,100.0
2026-07-17 17:24:33,295,Looking Away,2.7,21.4,0.0,72.1,2.9,2.9
2026-07-17 17:24:33,303,Working,20.8,9.6,0.0,33.5,32.5,32.5
2026-07-17 17:24:33,308,Looking Away,0.0,5.9,0.0,0.9,0.0,0.0
2026-07-17 17:24:33,295,Talking,2.7,22.2,0.0,72.1,2.8,2.8
2026-07-17 17:24:33,303,Talking,21.5,9.6,0.0,33.5,33.3,33.3
2026-07-17 17:24:35,277,Talking,59.1,5.9,0.0,91.6,37.7,37.7
2026-07-17 17:24:35,310,No Laptop,0.0,1.0,0.0,0.0,0.0,0.0
2026-07-17 17:24:36,277,Working,59.1,5.9,0.0,92.9,37.4,37.4
2026-07-17 17:24:36,310,Working,0.0,2.3,0.0,0.0,0.0,0.0
2026-07-17 17:24:36,311,Looking Away,0.0,1.3,0.0,0.0,0.0,0.0
2026-07-17 17:24:42,295,Working,2.7,22.2,0.0,80.3,2.6,2.6
2026-07-17 17:24:42,303,Looking Away,21.5,9.6,0.0,41.7,29.6,29.6
2026-07-17 17:24:43,303,Working,21.5,10.6,0.0,41.7,29.2,29.2
2026-07-17 17:24:44,303,Looking Away,22.7,10.6,0.0,41.7,30.2,30.2
2026-07-17 17:24:45,303,Working,22.7,11.5,0.0,41.7,29.9,29.9
2026-07-17 17:24:45,313,Looking Away,0.9,0.0,0.0,0.0,100.0,100.0
2026-07-17 17:24:46,303,Looking Away,23.9,11.5,0.0,41.7,31.0,31.0
2026-07-17 17:24:51,303,Talking,23.9,16.7,0.0,41.7,29.0,29.0
2026-07-17 17:24:51,313,Talking,0.9,6.4,0.0,0.0,11.8,11.8
2026-07-17 17:24:52,313,No Laptop,0.9,6.4,0.0,1.0,10.4,10.4
2026-07-17 17:24:57,312,Looking Away,15.9,0.0,0.0,0.0,100.0,100.0
2026-07-17 17:24:57,315,Looking Away,2.6,0.0,0.0,0.0,100.0,100.0
2026-07-17 17:24:57,316,Looking Away,1.5,0.0,0.0,0.0,100.0,100.0
2026-07-17 17:24:58,315,Working,2.6,1.4,0.0,0.0,65.0,65.0
2026-07-17 17:24:58,316,Working,1.5,1.4,0.0,0.0,50.9,50.9
2026-07-17 17:24:59,312,Working,15.9,2.8,0.0,0.0,85.1,85.1
2026-07-17 17:24:59,315,Looking Away,4.0,1.4,0.0,0.0,73.8,73.8
2026-07-17 17:25:01,312,Looking Away,17.1,2.8,0.0,0.0,86.0,86.0
2026-07-17 17:25:02,312,Working,17.1,4.0,0.0,0.0,80.9,80.9
2026-07-17 17:25:02,315,Working,4.0,3.9,0.0,0.0,50.9,50.9
2026-07-17 17:25:03,312,Looking Away,18.6,4.0,0.0,0.0,82.2,82.2
2026-07-17 17:25:03,315,Looking Away,5.5,3.9,0.0,0.0,58.7,58.7
2026-07-17 17:25:05,277,Looking Away,87.5,5.9,0.0,92.9,46.9,46.9
2026-07-17 17:25:05,312,Working,18.6,5.4,0.0,0.0,77.4,77.4
2026-07-17 17:25:07,315,Talking,5.5,7.4,0.0,0.0,42.4,42.4
2026-07-17 17:25:07,316,Talking,10.3,1.4,0.0,0.0,87.9,87.9
2026-07-17 17:25:09,315,Working,5.5,7.4,0.0,2.1,36.4,36.4
2026-07-17 17:25:09,316,Working,10.3,1.4,0.0,2.1,74.5,74.5
2026-07-17 17:25:10,277,Working,87.5,11.2,0.0,92.9,45.6,45.6
2026-07-17 17:25:10,315,Talking,6.5,7.4,0.0,2.1,40.6,40.6
2026-07-17 17:25:10,316,Talking,11.4,1.4,0.0,2.1,76.2,76.2
2026-07-17 17:25:11,315,Looking Away,6.5,7.4,0.0,3.2,38.1,38.1
2026-07-17 17:25:11,316,Working,11.4,1.4,0.0,3.2,71.3,71.3
2026-07-17 17:25:12,315,Talking,6.5,8.5,0.0,3.2,35.8,35.8
2026-07-17 17:25:12,316,Talking,12.4,1.4,0.0,3.2,73.1,73.1
2026-07-17 17:25:13,277,Looking Away,90.7,11.2,0.0,92.9,46.6,46.6
2026-07-17 17:25:13,315,Working,6.5,8.5,0.0,4.3,33.7,33.7
2026-07-17 17:25:13,316,Working,12.4,1.4,0.0,4.3,68.5,68.5
2026-07-17 17:25:14,277,Working,90.7,12.3,0.0,92.9,46.3,46.3
2026-07-17 17:25:14,315,Looking Away,7.6,8.5,0.0,4.3,37.1,37.1
2026-07-17 17:25:15,315,Talking,7.6,9.6,0.0,4.3,35.3,35.3
2026-07-17 17:25:15,316,Talking,14.5,1.4,0.0,4.3,71.7,71.7
2026-07-17 17:25:18,315,Looking Away,7.6,9.6,0.0,6.7,31.7,31.7
2026-07-17 17:25:18,316,Working,14.5,1.4,0.0,6.7,64.2,64.2
2026-07-17 17:25:19,277,Talking,95.4,12.3,0.0,92.9,47.6,47.6
2026-07-17 17:25:19,315,Talking,7.6,10.8,0.0,6.7,30.2,30.2
2026-07-17 17:25:19,316,Talking,15.8,1.4,0.0,6.7,66.0,66.0
2026-07-17 17:25:19,317,Looking Away,1.2,0.0,0.0,0.0,100.0,100.0
2026-07-17 17:25:20,277,Working,95.4,12.3,0.0,94.0,47.3,47.3
2026-07-17 17:25:20,315,Looking Away,7.6,10.8,0.0,7.8,28.9,28.9
2026-07-17 17:25:20,316,Working,15.8,1.4,0.0,7.8,63.2,63.2
2026-07-17 17:25:21,315,Working,7.6,12.1,0.0,7.8,27.6,27.6
2026-07-17 17:25:21,317,Working,1.2,2.4,0.0,0.0,34.1,34.1
2026-07-17 17:25:23,277,Talking,98.1,12.3,0.0,94.0,48.0,48.0
2026-07-17 17:25:23,316,Talking,18.5,1.4,0.0,7.8,66.8,66.8
2026-07-17 17:25:23,317,Looking Away,2.6,2.4,0.0,0.0,52.7,52.7
2026-07-17 17:25:25,277,Working,98.1,12.3,0.0,96.0,47.5,47.5
2026-07-17 17:25:25,317,Talking,2.6,4.4,0.0,0.0,37.5,37.5
2026-07-17 17:25:26,315,Talking,12.1,12.1,0.0,7.8,37.8,37.8
2026-07-17 17:25:26,317,Working,2.6,4.4,0.0,1.1,32.5,32.5
2026-07-17 17:25:27,277,Talking,100.3,12.3,0.0,96.0,48.1,48.1
2026-07-17 17:25:27,312,Looking Away,40.9,5.4,0.0,0.0,88.3,88.3
2026-07-17 17:25:27,317,Talking,3.7,4.4,0.0,1.1,40.3,40.3
2026-07-17 17:25:28,312,Working,40.9,6.4,0.0,0.0,86.5,86.5
2026-07-17 17:25:28,315,Working,12.1,12.1,0.0,9.8,35.6,35.6
2026-07-17 17:25:29,277,Working,100.3,12.3,0.0,97.9,47.7,47.7
2026-07-17 17:25:29,312,Looking Away,41.8,6.4,0.0,0.0,86.8,86.8
2026-07-17 17:25:30,277,Talking,101.2,12.3,0.0,97.9,47.9,47.9
2026-07-17 17:25:30,315,Talking,13.9,12.1,0.0,9.8,38.9,38.9
2026-07-17 17:25:31,312,Working,41.8,8.4,0.0,0.0,83.2,83.2
2026-07-17 17:25:32,312,Looking Away,42.7,8.4,0.0,0.0,83.5,83.5
2026-07-17 17:25:34,315,Working,13.9,12.1,0.0,14.3,34.5,34.5
2026-07-17 17:25:36,315,Talking,15.1,12.1,0.0,14.3,36.4,36.4
2026-07-17 17:25:38,310,Looking Away,61.4,2.3,0.0,0.0,96.4,96.4
2026-07-17 17:25:39,310,Working,61.4,3.2,0.0,0.0,95.0,95.0
2026-07-17 17:25:39,315,Working,15.1,12.1,0.0,17.5,33.8,33.8
2026-07-17 17:25:41,318,Looking Away,0.0,1.3,0.0,0.0,0.0,0.0
2026-07-17 17:25:42,310,Looking Away,64.8,3.2,0.0,0.0,95.3,95.3
2026-07-17 17:25:43,310,Working,64.8,4.5,0.0,0.0,93.5,93.5
2026-07-17 17:25:43,315,Talking,19.8,12.1,0.0,17.5,40.0,40.0
2026-07-17 17:25:45,277,Working,101.2,12.3,0.0,112.8,44.7,44.7
2026-07-17 17:25:46,277,Talking,102.3,12.3,0.0,112.8,45.0,45.0
2026-07-17 17:25:50,318,Working,0.0,9.7,0.0,0.0,0.0,0.0
2026-07-17 17:25:51,315,Working,19.8,12.1,0.0,25.0,34.8,34.8
2026-07-17 17:25:51,318,Looking Away,1.4,9.7,0.0,0.0,12.5,12.5
2026-07-17 17:25:52,318,Working,1.4,11.0,0.0,0.0,11.1,11.1
2026-07-17 17:25:54,315,Talking,22.5,12.1,0.0,25.0,37.8,37.8
2026-07-17 17:25:54,317,Working,3.7,4.4,0.0,27.6,10.4,10.4
2026-07-17 17:25:55,310,Looking Away,76.2,4.5,0.0,0.0,94.4,94.4
2026-07-17 17:25:55,317,Talking,5.0,4.4,0.0,27.6,13.4,13.4
2026-07-17 17:25:55,319,Looking Away,0.0,1.2,0.0,0.0,0.0,0.0
2026-07-17 17:25:58,320,Looking Away,0.0,0.9,0.0,0.0,0.0,0.0
2026-07-17 17:25:59,317,Working,5.0,4.4,0.0,31.7,12.1,12.1
2026-07-17 17:25:59,319,Talking,0.0,5.3,0.0,0.0,0.0,0.0
2026-07-17 17:25:59,322,Looking Away,0.0,1.3,0.0,0.0,0.0,0.0
2026-07-17 17:26:02,310,Talking,76.2,11.3,0.0,0.0,87.1,87.1
2026-07-17 17:26:02,320,Talking,0.0,5.1,0.0,0.0,0.0,0.0
2026-07-17 17:26:03,310,Working,76.2,11.3,0.0,1.5,85.6,85.6
2026-07-17 17:26:03,320,Looking Away,0.0,5.1,0.0,1.5,0.0,0.0
2026-07-17 17:26:03,322,Talking,0.0,5.6,0.0,0.0,0.0,0.0
2026-07-17 17:26:05,310,Looking Away,77.7,11.3,0.0,1.5,85.8,85.8
2026-07-17 17:26:05,319,Working,0.0,5.3,0.0,5.7,0.0,0.0
2026-07-17 17:26:06,319,Talking,1.3,5.3,0.0,5.7,10.7,10.7
2026-07-17 17:26:07,321,Looking Away,10.7,0.0,0.0,0.0,100.0,100.0
2026-07-17 17:26:10,317,Talking,16.2,4.4,0.0,31.7,31.0,31.0
2026-07-17 17:26:12,310,Working,77.7,19.1,0.0,1.5,79.1,79.1
2026-07-17 17:26:12,321,Working,10.7,5.0,0.0,0.0,68.2,68.2
2026-07-17 17:26:12,324,Looking Away,0.0,1.0,0.0,0.0,0.0,0.0
2026-07-17 17:26:14,325,No Laptop,0.0,1.4,0.0,0.0,0.0,0.0
2026-07-17 17:26:15,310,Looking Away,80.3,19.1,0.0,1.5,79.6,79.6
2026-07-17 17:26:16,310,Working,80.3,20.0,0.0,1.5,78.9,78.9
2026-07-17 17:26:17,310,Talking,81.1,20.0,0.0,1.5,79.0,79.0
2026-07-17 17:26:17,324,Talking,0.0,5.4,0.0,0.0,0.0,0.0
2026-07-17 17:26:18,310,Working,81.1,20.0,0.0,2.6,78.2,78.2
2026-07-17 17:26:18,324,Working,0.0,5.4,0.0,1.1,0.0,0.0
2026-07-17 17:26:18,325,Talking,0.0,5.5,0.0,0.0,0.0,0.0
2026-07-17 17:26:19,277,Looking Away,102.3,12.3,0.0,145.7,39.3,39.3
2026-07-17 17:26:19,310,Talking,81.9,20.0,0.0,2.6,78.3,78.3
2026-07-17 17:26:19,321,Talking,17.0,5.0,0.0,0.0,77.2,77.2
2026-07-17 17:26:20,310,Looking Away,81.9,20.0,0.0,3.5,77.7,77.7
2026-07-17 17:26:20,321,Working,17.0,5.0,0.0,0.9,74.3,74.3
2026-07-17 17:26:20,310,Working,81.9,20.7,0.0,3.5,77.2,77.2
2026-07-17 17:26:22,326,Looking Away,0.0,1.3,0.0,0.0,0.0,0.0
2026-07-17 17:26:22,327,Looking Away,1.3,0.0,0.0,0.0,100.0,100.0
2026-07-17 17:26:23,310,Looking Away,84.1,20.7,0.0,3.5,77.6,77.6
2026-07-17 17:26:24,310,Working,84.1,22.0,0.0,3.5,76.7,76.7
2026-07-17 17:26:24,321,Looking Away,21.3,5.0,0.0,0.9,78.4,78.4
2026-07-17 17:26:25,310,Talking,85.3,22.0,0.0,3.5,76.9,76.9
2026-07-17 17:26:25,321,Talking,21.3,6.2,0.0,0.9,75.2,75.2
2026-07-17 17:26:25,326,No Laptop,0.0,4.7,0.0,0.0,0.0,0.0
2026-07-17 17:26:26,277,Talking,102.3,19.8,0.0,145.7,38.2,38.2
2026-07-17 17:26:26,310,Working,85.3,22.0,0.0,4.7,76.1,76.1
2026-07-17 17:26:26,321,Looking Away,21.3,6.2,0.0,2.1,72.1,72.1
2026-07-17 17:26:26,326,Talking,0.0,5.9,0.0,0.0,0.0,0.0
2026-07-17 17:26:26,327,Working,1.3,4.7,0.0,0.0,21.2,21.2
2026-07-17 17:26:28,310,Looking Away,87.4,22.0,0.0,4.7,76.5,76.5
2026-07-17 17:26:28,329,No Laptop,0.0,1.2,0.0,0.0,0.0,0.0
2026-07-17 17:26:30,327,Talking,4.8,4.7,0.0,0.0,50.4,50.4
2026-07-17 17:26:30,328,Looking Away,5.9,0.0,0.0,0.0,100.0,100.0
2026-07-17 17:26:31,310,Working,87.4,24.5,0.0,4.7,74.9,74.9
2026-07-17 17:26:31,328,Working,5.9,1.1,0.0,0.0,83.9,83.9
2026-07-17 17:26:32,330,Looking Away,0.0,1.0,0.0,0.0,0.0,0.0
2026-07-17 17:26:32,331,Looking Away,0.0,1.0,0.0,0.0,0.0,0.0
2026-07-17 17:26:33,331,Working,0.0,2.0,0.0,0.0,0.0,0.0
2026-07-17 17:26:36,277,Looking Away,102.3,19.8,0.0,155.4,36.9,36.9
2026-07-17 17:26:36,327,Working,4.8,4.7,0.0,6.3,30.3,30.3
2026-07-17 17:26:37,332,Looking Away,0.0,1.3,0.0,0.0,0.0,0.0
2026-07-17 17:26:39,332,Working,0.0,2.7,0.0,0.0,0.0,0.0
2026-07-17 17:26:40,277,Working,102.3,23.8,0.0,155.4,36.3,36.3
2026-07-17 17:26:40,310,Looking Away,96.5,24.5,0.0,4.7,76.7,76.7
2026-07-17 17:26:40,327,Looking Away,8.7,4.7,0.0,6.3,44.3,44.3
2026-07-17 17:26:40,332,Looking Away,1.3,2.7,0.0,0.0,31.8,31.8
2026-07-17 17:26:41,277,Talking,103.4,23.8,0.0,155.4,36.6,36.6
2026-07-17 17:26:41,310,Working,96.5,25.7,0.0,4.7,76.0,76.0
2026-07-17 17:26:41,327,Talking,8.7,5.8,0.0,6.3,41.9,41.9
2026-07-17 17:26:41,332,Talking,1.3,3.9,0.0,0.0,24.7,24.7
2026-07-17 17:26:43,333,Looking Away,0.0,1.0,0.0,0.0,0.0,0.0
2026-07-17 17:26:44,277,Working,103.4,23.8,0.0,158.2,36.2,36.2
2026-07-17 17:26:44,332,Looking Away,1.3,3.9,0.0,2.8,15.9,15.9
2026-07-17 17:26:46,277,Looking Away,105.5,23.8,0.0,158.2,36.7,36.7
2026-07-17 17:26:46,332,Working,1.3,5.9,0.0,2.8,12.6,12.6
2026-07-17 17:26:47,277,Talking,105.5,25.0,0.0,158.2,36.5,36.5
2026-07-17 17:26:47,333,Talking,0.0,5.3,0.0,0.0,0.0,0.0
2026-07-17 17:26:52,310,Looking Away,107.3,25.7,0.0,4.7,77.9,77.9
2026-07-17 17:26:52,332,Talking,7.1,5.9,0.0,2.8,44.9,44.9
2026-07-17 17:26:53,310,Working,107.3,26.9,0.0,4.7,77.3,77.3
2026-07-17 17:26:54,277,Working,105.5,25.0,0.0,165.4,35.7,35.7
2026-07-17 17:26:56,277,Looking Away,106.8,25.0,0.0,165.4,35.9,35.9
2026-07-17 17:26:56,332,Working,7.1,5.9,0.0,6.6,36.2,36.2
2026-07-17 17:26:56,333,Working,0.0,5.3,0.0,8.5,0.0,0.0
2026-07-17 17:26:57,277,Talking,106.8,26.2,0.0,165.4,35.8,35.8
2026-07-17 17:26:57,310,Looking Away,111.2,26.9,0.0,4.7,77.9,77.9
2026-07-17 17:26:57,332,Talking,8.4,5.9,0.0,6.6,40.0,40.0
2026-07-17 17:26:57,333,Talking,1.2,5.3,0.0,8.5,8.2,8.2
2026-07-17 17:26:58,332,Working,8.4,5.9,0.0,7.9,37.6,37.6
2026-07-17 17:26:58,335,Looking Away,0.0,1.3,0.0,0.0,0.0,0.0
2026-07-17 17:27:01,277,Looking Away,106.8,26.2,0.0,169.3,35.3,35.3
2026-07-17 17:27:01,328,Looking Away,35.8,1.1,0.0,0.0,96.9,96.9
2026-07-17 17:27:02,277,Talking,106.8,27.5,0.0,169.3,35.2,35.2
2026-07-17 17:27:02,328,Working,35.8,2.4,0.0,0.0,93.6,93.6
2026-07-17 17:27:02,332,Talking,12.2,5.9,0.0,7.9,46.8,46.8
2026-07-17 17:27:02,335,Talking,0.0,5.1,0.0,0.0,0.0,0.0
2026-07-17 17:27:07,332,Working,12.2,5.9,0.0,12.4,39.9,39.9
2026-07-17 17:27:08,332,Talking,13.3,5.9,0.0,12.4,42.0,42.0
2026-07-17 17:27:08,336,Looking Away,0.0,1.1,0.0,0.0,0.0,0.0
2026-07-17 17:27:10,277,Working,106.8,27.5,0.0,176.8,34.3,34.3
2026-07-17 17:27:10,337,Looking Away,0.0,1.0,0.0,0.0,0.0,0.0
2026-07-17 17:27:11,277,Talking,107.9,27.5,0.0,176.8,34.6,34.6
2026-07-17 17:27:11,338,Working,0.0,1.1,0.0,0.0,0.0,0.0
2026-07-17 17:27:13,339,Looking Away,0.0,1.3,0.0,0.0,0.0,0.0
2026-07-17 17:27:14,332,Working,13.3,5.9,0.0,19.2,34.5,34.5
2026-07-17 17:27:14,337,Talking,0.0,5.8,0.0,0.0,0.0,0.0
2026-07-17 17:27:15,332,Talking,14.2,5.9,0.0,19.2,36.1,36.1
2026-07-17 17:27:16,335,Working,0.0,5.1,0.0,14.3,0.0,0.0
2026-07-17 17:27:17,335,Talking,1.0,5.1,0.0,14.3,5.0,5.0
2026-07-17 17:27:22,277,Working,107.9,27.5,0.0,187.6,33.4,33.4
2026-07-17 17:27:22,337,Looking Away,0.0,5.8,0.0,7.1,0.0,0.0
2026-07-17 17:27:23,277,Talking,109.0,27.5,0.0,187.6,33.6,33.6
2026-07-17 17:27:23,332,Working,14.2,5.9,0.0,26.4,30.5,30.5
2026-07-17 17:27:24,277,Working,109.0,27.5,0.0,188.6,33.5,33.5
2026-07-17 17:27:24,332,Talking,15.2,5.9,0.0,26.4,31.9,31.9
2026-07-17 17:27:24,340,Looking Away,0.0,0.9,0.0,0.0,0.0,0.0
2026-07-17 17:27:25,277,Talking,109.9,27.5,0.0,188.6,33.7,33.7
2026-07-17 17:27:26,332,Working,15.2,5.9,0.0,29.2,30.1,30.1
2026-07-17 17:27:28,340,Talking,0.0,5.9,0.0,0.0,0.0,0.0
2026-07-17 17:27:29,338,Looking Away,18.6,1.1,0.0,0.0,94.3,94.3
2026-07-17 17:27:30,277,Working,109.9,27.5,0.0,194.3,33.1,33.1
2026-07-17 17:27:30,332,Looking Away,19.1,5.9,0.0,29.2,35.3,35.3
2026-07-17 17:27:30,335,Working,1.0,5.1,0.0,27.2,3.0,3.0
2026-07-17 17:27:30,338,Working,18.6,2.0,0.0,0.0,90.3,90.3
2026-07-17 17:27:30,341,Looking Away,0.0,0.9,0.0,0.0,0.0,0.0
2026-07-17 17:27:31,277,Talking,110.9,27.5,0.0,194.3,33.3,33.3
2026-07-17 17:27:31,332,Working,19.1,6.9,0.0,29.2,34.6,34.6
2026-07-17 17:27:31,335,Talking,2.0,5.1,0.0,27.2,5.8,5.8
2026-07-17 17:27:32,342,Looking Away,0.0,1.0,0.0,0.0,0.0,0.0
2026-07-17 17:27:33,277,Working,110.9,27.5,0.0,196.3,33.1,33.1
2026-07-17 17:27:33,332,Talking,21.1,6.9,0.0,29.2,36.9,36.9
2026-07-17 17:27:34,277,Talking,111.9,27.5,0.0,196.3,33.3,33.3
2026-07-17 17:27:35,343,Looking Away,0.0,1.2,0.0,0.0,0.0,0.0
2026-07-17 17:27:37,332,Working,21.1,6.9,0.0,32.6,34.8,34.8
2026-07-17 17:27:38,277,Working,111.9,27.5,0.0,199.7,33.0,33.0
2026-07-17 17:27:38,335,Looking Away,2.0,5.1,0.0,33.6,4.9,4.9
2026-07-17 17:27:39,332,Talking,23.9,6.9,0.0,32.6,37.7,37.7
2026-07-17 17:27:39,335,Talking,2.0,6.9,0.0,33.6,4.7,4.7
2026-07-17 17:27:40,332,Working,23.9,6.9,0.0,33.7,37.0,37.0
2026-07-17 17:27:40,335,Looking Away,2.0,6.9,0.0,34.6,4.6,4.6
2026-07-17 17:27:40,343,Working,0.0,6.2,0.0,0.0,0.0,0.0
2026-07-17 17:27:40,344,Looking Away,0.0,1.1,0.0,0.0,0.0,0.0
2026-07-17 17:27:43,332,Looking Away,25.9,6.9,0.0,33.7,39.0,39.0
2026-07-17 17:27:43,332,Working,25.9,7.8,0.0,33.7,38.4,38.4
2026-07-17 17:27:43,345,Looking Away,0.0,0.9,0.0,0.0,0.0,0.0
2026-07-17 17:27:46,332,Looking Away,28.5,7.8,0.0,33.7,40.8,40.8
2026-07-17 17:27:47,277,Talking,121.0,27.5,0.0,199.7,34.7,34.7
2026-07-17 17:27:47,332,Talking,28.5,8.5,0.0,33.7,40.4,40.4
2026-07-17 17:27:47,277,Looking Away,121.0,27.5,0.0,200.5,34.7,34.7
2026-07-17 17:27:47,332,Working,28.5,8.5,0.0,34.4,39.9,39.9
2026-07-17 17:27:49,277,Working,121.0,28.6,0.0,200.5,34.6,34.6
2026-07-17 17:27:50,347,Looking Away,0.0,1.2,0.0,0.0,0.0,0.0
2026-07-17 17:27:51,277,Looking Away,123.0,28.6,0.0,200.5,34.9,34.9
2026-07-17 17:27:52,277,Working,123.0,29.6,0.0,200.5,34.8,34.8
2026-07-17 17:27:52,348,Looking Away,0.0,1.1,0.0,0.0,0.0,0.0
2026-07-17 17:27:55,277,Talking,126.2,29.6,0.0,200.5,35.4,35.4
2026-07-17 17:27:55,332,Talking,35.8,8.5,0.0,34.4,45.5,45.5
2026-07-17 17:27:56,277,Looking Away,126.2,29.6,0.0,201.4,35.3,35.3
2026-07-17 17:27:56,332,Working,35.8,8.5,0.0,35.4,44.9,44.9
2026-07-17 17:27:57,277,Working,126.2,30.5,0.0,201.4,35.2,35.2
2026-07-17 17:27:58,332,Looking Away,37.7,8.5,0.0,35.4,46.2,46.2
2026-07-17 17:28:00,277,Talking,129.1,30.5,0.0,201.4,35.8,35.8
2026-07-17 17:28:00,332,Talking,37.7,10.4,0.0,35.4,45.2,45.2
2026-07-17 17:28:00,346,Looking Away,12.1,0.0,0.0,0.0,100.0,100.0
2026-07-17 17:28:00,277,Working,129.1,30.5,0.0,202.3,35.7,35.7
2026-07-17 17:28:00,332,Looking Away,37.7,10.4,0.0,36.3,44.7,44.7
2026-07-17 17:28:03,277,Looking Away,131.5,30.5,0.0,202.3,36.1,36.1
2026-07-17 17:28:03,332,Working,37.7,12.8,0.0,36.3,43.5,43.5
2026-07-17 17:28:03,350,Looking Away,0.0,1.5,0.0,0.0,0.0,0.0
2026-07-17 17:28:08,277,Talking,131.5,35.9,0.0,202.3,35.6,35.6
2026-07-17 17:28:08,349,Looking Away,11.7,0.0,0.0,0.0,100.0,100.0
2026-07-17 17:28:08,350,Talking,0.0,6.9,0.0,0.0,0.0,0.0
2026-07-17 17:28:09,277,Looking Away,131.5,35.9,0.0,203.3,35.5,35.5
2026-07-17 17:28:09,346,Working,12.1,9.7,0.0,0.0,55.5,55.5
2026-07-17 17:28:09,349,Working,11.7,1.0,0.0,0.0,92.2,92.2
2026-07-17 17:28:09,350,Working,0.0,6.9,0.0,1.0,0.0,0.0
2026-07-17 17:28:10,277,Talking,131.5,37.2,0.0,203.3,35.4,35.4
2026-07-17 17:28:10,346,Looking Away,13.3,9.7,0.0,0.0,57.9,57.9
2026-07-17 17:28:10,349,Looking Away,12.9,1.0,0.0,0.0,92.9,92.9
2026-07-17 17:28:10,350,Talking,1.3,6.9,0.0,1.0,13.8,13.8
2026-07-17 17:28:12,349,Working,12.9,2.2,0.0,0.0,85.5,85.5
2026-07-17 17:28:16,351,Looking Away,0.0,0.4,0.0,0.0,0.0,0.0
2026-07-17 17:28:17,277,Working,131.5,37.2,0.0,209.9,34.7,34.7
2026-07-17 17:28:17,350,Looking Away,1.3,6.9,0.0,7.6,8.0,8.0
2026-07-17 17:28:17,277,Talking,131.9,37.2,0.0,209.9,34.8,34.8
2026-07-17 17:28:17,350,Talking,1.3,7.2,0.0,7.6,7.8,7.8
2026-07-17 17:28:18,277,Working,131.9,37.2,0.0,210.4,34.8,34.8
2026-07-17 17:28:18,350,Looking Away,1.3,7.2,0.0,8.1,7.6,7.6
2026-07-17 17:28:18,352,Looking Away,0.0,0.4,0.0,0.0,0.0,0.0
2026-07-17 17:28:18,277,Talking,132.3,37.2,0.0,210.4,34.8,34.8
2026-07-17 17:28:18,350,Talking,1.3,7.6,0.0,8.1,7.4,7.4
2026-07-17 17:28:20,277,Working,132.3,37.2,0.0,211.7,34.7,34.7
2026-07-17 17:28:20,350,Looking Away,1.3,7.6,0.0,9.3,6.9,6.9
2026-07-17 17:28:20,277,Talking,132.7,37.2,0.0,211.7,34.8,34.8
2026-07-17 17:28:20,350,Talking,1.3,8.0,0.0,9.3,6.8,6.8
2026-07-17 17:28:20,277,Looking Away,132.7,37.2,0.0,212.1,34.7,34.7
2026-07-17 17:28:20,349,Looking Away,21.6,2.2,0.0,0.0,90.8,90.8
2026-07-17 17:28:20,350,Working,1.3,8.0,0.0,9.8,6.6,6.6
2026-07-17 17:28:21,277,Talking,132.7,37.6,0.0,212.1,34.7,34.7
2026-07-17 17:28:21,350,Talking,1.7,8.0,0.0,9.8,8.7,8.7
2026-07-17 17:28:21,349,Working,21.6,3.1,0.0,0.0,87.6,87.6
2026-07-17 17:28:22,349,Looking Away,22.9,3.1,0.0,0.0,88.2,88.2
2026-07-17 17:28:23,277,Working,132.7,37.6,0.0,214.1,34.5,34.5
2026-07-17 17:28:23,350,Looking Away,1.7,8.0,0.0,11.8,7.9,7.9
2026-07-17 17:28:23,277,Talking,133.2,37.6,0.0,214.1,34.6,34.6
2026-07-17 17:28:23,350,Talking,1.7,8.5,0.0,11.8,7.7,7.7
2026-07-17 17:28:26,349,Talking,22.9,6.3,0.0,0.0,78.5,78.5
2026-07-17 17:28:26,352,Talking,0.0,8.2,0.0,0.0,0.0,0.0
2026-07-17 17:28:26,349,Working,22.9,6.3,0.0,0.4,77.4,77.4
2026-07-17 17:28:26,352,Looking Away,0.0,8.2,0.0,0.4,0.0,0.0
2026-07-17 17:28:26,277,Looking Away,133.2,37.6,0.0,217.1,34.3,34.3
2026-07-17 17:28:28,353,Looking Away,0.0,0.4,0.0,0.0,0.0,0.0
2026-07-17 17:28:30,277,Talking,133.2,41.6,0.0,217.1,34.0,34.0
2026-07-17 17:28:30,332,Talking,65.2,12.8,0.0,36.3,57.1,57.1
2026-07-17 17:28:31,354,Looking Away,0.0,0.5,0.0,0.0,0.0,0.0
2026-07-17 17:28:32,277,Working,133.2,41.6,0.0,218.4,33.9,33.9
2026-07-17 17:28:32,332,Working,65.2,12.8,0.0,37.5,56.4,56.4
2026-07-17 17:28:32,277,Looking Away,133.6,41.6,0.0,218.4,33.9,33.9
2026-07-17 17:28:33,277,Talking,133.6,42.8,0.0,218.4,33.8,33.8
2026-07-17 17:28:33,332,Talking,66.9,12.8,0.0,37.5,57.1,57.1
2026-07-17 17:28:34,355,Looking Away,0.0,0.4,0.0,0.0,0.0,0.0
2026-07-17 17:28:34,277,Looking Away,133.6,42.8,0.0,219.2,33.8,33.8
2026-07-17 17:28:34,332,Working,66.9,12.8,0.0,38.4,56.6,56.6
2026-07-17 17:28:35,277,Talking,133.6,43.2,0.0,219.2,33.7,33.7
2026-07-17 17:28:35,332,Talking,67.3,12.8,0.0,38.4,56.8,56.8
2026-07-17 17:28:36,277,Looking Away,133.6,43.2,0.0,220.7,33.6,33.6
2026-07-17 17:28:37,277,Working,133.6,44.1,0.0,220.7,33.5,33.5
2026-07-17 17:28:38,277,Looking Away,134.4,44.1,0.0,220.7,33.7,33.7
2026-07-17 17:28:38,277,Talking,134.4,44.8,0.0,220.7,33.6,33.6
2026-07-17 17:28:38,355,Talking,0.0,5.1,0.0,0.0,0.0,0.0
2026-07-17 17:28:40,356,Looking Away,0.0,0.9,0.0,0.0,0.0,0.0
2026-07-17 17:28:41,277,Looking Away,134.4,44.8,0.0,223.3,33.4,33.4
2026-07-17 17:28:41,355,Working,0.0,5.1,0.0,2.7,0.0,0.0
2026-07-17 17:28:43,277,Working,134.4,46.7,0.0,223.3,33.2,33.2
2026-07-17 17:28:43,355,Looking Away,1.9,5.1,0.0,2.7,19.3,19.3
2026-07-17 17:28:43,357,Looking Away,0.0,0.9,0.0,0.0,0.0,0.0
2026-07-17 17:28:44,277,Talking,135.3,46.7,0.0,223.3,33.4,33.4
2026-07-17 17:28:44,355,Talking,1.9,6.0,0.0,2.7,17.7,17.7
2026-07-17 17:28:46,277,Looking Away,135.3,46.7,0.0,225.9,33.2,33.2
2026-07-17 17:28:46,355,Working,1.9,6.0,0.0,5.3,14.1,14.1
2026-07-17 17:28:48,358,Looking Away,0.0,0.9,0.0,0.0,0.0,0.0
2026-07-17 17:28:49,277,Working,135.3,49.4,0.0,225.9,33.0,33.0
2026-07-17 17:28:51,355,Looking Away,6.4,6.0,0.0,5.3,36.3,36.3
2026-07-17 17:28:52,277,Talking,138.1,49.4,0.0,225.9,33.4,33.4
2026-07-17 17:28:52,355,Talking,6.4,6.9,0.0,5.3,34.6,34.6
2026-07-17 17:28:53,355,Working,6.4,6.9,0.0,6.2,33.0,33.0
2026-07-17 17:28:53,358,Talking,0.0,5.5,0.0,0.0,0.0,0.0
2026-07-17 17:28:54,277,Working,138.1,49.4,0.0,227.7,33.3,33.3
2026-07-17 17:28:54,349,Looking Away,50.5,6.3,0.0,0.4,88.3,88.3
2026-07-17 17:28:54,355,Looking Away,7.4,6.9,0.0,6.2,36.1,36.1
2026-07-17 17:28:54,358,Looking Away,0.0,5.5,0.0,0.9,0.0,0.0
2026-07-17 17:28:55,277,Talking,139.6,49.4,0.0,227.7,33.5,33.5
2026-07-17 17:28:55,349,Working,50.5,7.8,0.0,0.4,86.1,86.1
2026-07-17 17:28:55,358,Talking,0.0,7.0,0.0,0.9,0.0,0.0
2026-07-17 17:28:56,359,Looking Away,0.0,0.4,0.0,0.0,0.0,0.0
2026-07-17 17:28:56,360,Looking Away,0.0,0.4,0.0,0.0,0.0,0.0
2026-07-17 17:28:56,277,Working,139.6,49.4,0.0,228.6,33.4,33.4
2026-07-17 17:28:56,358,Looking Away,0.0,7.0,0.0,1.8,0.0,0.0
2026-07-17 17:28:56,277,Talking,139.9,49.4,0.0,228.6,33.5,33.5
2026-07-17 17:28:56,358,Talking,0.0,7.4,0.0,1.8,0.0,0.0
2026-07-17 17:28:57,277,Working,139.9,49.4,0.0,229.0,33.5,33.5
2026-07-17 17:28:57,358,Looking Away,0.0,7.4,0.0,2.2,0.0,0.0
2026-07-17 17:28:57,277,Talking,140.6,49.4,0.0,229.0,33.6,33.6
2026-07-17 17:28:57,358,Talking,0.0,8.1,0.0,2.2,0.0,0.0
2026-07-17 17:28:58,359,Working,0.0,2.7,0.0,0.0,0.0,0.0
2026-07-17 17:28:58,359,Looking Away,0.4,2.7,0.0,0.0,14.2,14.2
2026-07-17 17:28:59,359,Working,0.4,3.5,0.0,0.0,11.3,11.3
2026-07-17 17:28:59,361,Looking Away,0.0,0.4,0.0,0.0,0.0,0.0
2026-07-17 17:29:00,359,Looking Away,1.0,3.5,0.0,0.0,22.4,22.4
2026-07-17 17:29:00,359,Talking,1.0,4.0,0.0,0.0,20.1,20.1
2026-07-17 17:29:04,349,Talking,59.1,7.8,0.0,0.4,87.9,87.9
2026-07-17 17:29:04,362,Looking Away,0.0,0.9,0.0,0.0,0.0,0.0
2026-07-17 17:29:04,349,Working,59.1,7.8,0.0,1.0,87.1,87.1
2026-07-17 17:29:04,363,Looking Away,0.0,0.6,0.0,0.0,0.0,0.0
2026-07-17 17:29:09,362,Talking,0.0,5.8,0.0,0.0,0.0,0.0
2026-07-17 17:29:10,363,Talking,0.0,5.8,0.0,0.0,0.0,0.0
2026-07-17 17:29:10,363,Working,0.0,5.8,0.0,0.8,0.0,0.0
2026-07-17 17:29:14,363,Talking,3.9,5.8,0.0,0.8,36.9,36.9
2026-07-17 17:29:16,363,Working,3.9,5.8,0.0,2.4,32.0,32.0
2026-07-17 17:29:19,363,Talking,7.4,5.8,0.0,2.4,47.2,47.2
2026-07-17 17:29:20,349,Talking,75.2,7.8,0.0,1.0,89.6,89.6
2026-07-17 17:29:21,349,Working,75.2,7.8,0.0,1.4,89.2,89.2
2026-07-17 17:29:21,363,Working,7.4,5.8,0.0,4.3,42.2,42.2
2026-07-17 17:29:24,364,Looking Away,0.0,0.4,0.0,0.0,0.0,0.0
2026-07-17 17:29:24,349,Talking,78.7,7.8,0.0,1.4,89.6,89.6
2026-07-17 17:29:28,349,Working,78.7,7.8,0.0,4.5,86.5,86.5
2026-07-17 17:29:29,364,Talking,0.0,5.1,0.0,0.0,0.0,0.0
2026-07-17 17:29:29,365,Looking Away,3.2,0.0,0.0,0.0,100.0,100.0
2026-07-17 17:29:30,365,Working,3.2,1.1,0.0,0.0,73.9,73.9
2026-07-17 17:29:31,365,Looking Away,4.6,1.1,0.0,0.0,80.1,80.1
2026-07-17 17:29:32,365,Working,4.6,2.2,0.0,0.0,67.8,67.8
2026-07-17 17:29:34,365,Looking Away,5.8,2.2,0.0,0.0,72.7,72.7
2026-07-17 17:29:35,277,Working,140.6,49.4,0.0,266.1,30.8,30.8
2026-07-17 17:29:35,349,Looking Away,85.7,7.8,0.0,4.5,87.5,87.5
2026-07-17 17:29:35,365,Talking,5.8,3.2,0.0,0.0,64.3,64.3
2026-07-17 17:29:35,366,Looking Away,0.0,1.0,0.0,0.0,0.0,0.0
2026-07-17 17:29:36,277,Talking,141.7,49.4,0.0,266.1,31.0,31.0
2026-07-17 17:29:36,349,Working,85.7,8.8,0.0,4.5,86.5,86.5
2026-07-17 17:29:40,367,Looking Away,0.0,1.1,0.0,0.0,0.0,0.0
2026-07-17 17:29:41,365,Working,5.8,3.2,0.0,6.4,37.6,37.6
2026-07-17 17:29:42,349,Looking Away,92.3,8.8,0.0,4.5,87.4,87.4
2026-07-17 17:29:42,365,Talking,7.0,3.2,0.0,6.4,42.0,42.0
2026-07-17 17:29:43,349,Working,92.3,9.9,0.0,4.5,86.5,86.5
2026-07-17 17:29:44,368,Looking Away,0.0,1.2,0.0,0.0,0.0,0.0
2026-07-17 17:29:47,277,Looking Away,141.7,49.4,0.0,277.3,30.3,30.3
2026-07-17 17:29:47,349,Looking Away,95.8,9.9,0.0,4.5,86.9,86.9
2026-07-17 17:29:48,369,Looking Away,0.0,0.8,0.0,0.0,0.0,0.0
2026-07-17 17:29:49,349,Working,95.8,11.8,0.0,4.5,85.4,85.4
2026-07-17 17:29:49,370,Looking Away,0.0,1.1,0.0,0.0,0.0,0.0
2026-07-17 17:29:54,372,Looking Away,0.0,0.6,0.0,0.0,0.0,0.0
2026-07-17 17:29:55,372,Working,0.0,2.0,0.0,0.0,0.0,0.0
2026-07-17 17:29:55,374,Working,0.0,0.8,0.0,0.0,0.0,0.0
2026-07-17 17:29:57,372,Looking Away,2.1,2.0,0.0,0.0,50.9,50.9
2026-07-17 17:29:57,374,Looking Away,2.1,0.8,0.0,0.0,72.0,72.0
2026-07-17 17:29:57,375,Looking Away,0.0,1.3,0.0,0.0,0.0,0.0
2026-07-17 17:29:58,372,Working,2.1,3.1,0.0,0.0,40.0,40.0
2026-07-17 17:30:00,376,Looking Away,0.0,1.4,0.0,0.0,0.0,0.0
2026-07-17 17:30:03,376,Working,0.0,4.7,0.0,0.0,0.0,0.0
2026-07-17 17:30:04,377,No Laptop,0.0,1.4,0.0,0.0,0.0,0.0
2026-07-17 17:30:06,378,Looking Away,0.0,0.7,0.0,0.0,0.0,0.0
2026-07-17 17:30:07,379,No Laptop,0.0,0.8,0.0,0.0,0.0,0.0
2026-07-17 17:30:08,378,Working,0.0,2.2,0.0,0.0,0.0,0.0
2026-07-17 17:30:09,349,Looking Away,115.9,11.8,0.0,4.5,87.6,87.6
2026-07-17 17:30:09,378,Looking Away,1.0,2.2,0.0,0.0,29.9,29.9
2026-07-17 17:30:09,380,Looking Away,0.0,1.0,0.0,0.0,0.0,0.0
2026-07-17 17:30:09,349,No Laptop,115.9,12.5,0.0,4.5,87.2,87.2
2026-07-17 17:30:10,382,No Laptop,0.0,0.9,0.0,0.0,0.0,0.0
2026-07-17 17:30:11,376,No Laptop,8.2,4.7,0.0,0.0,63.6,63.6
2026-07-17 17:30:11,378,Working,1.0,4.7,0.0,0.0,16.9,16.9
2026-07-17 17:30:12,378,Looking Away,1.9,4.7,0.0,0.0,28.5,28.5
2026-07-17 17:30:14,383,Looking Away,0.0,0.7,0.0,0.0,0.0,0.0
2026-07-17 17:30:14,384,Looking Away,0.0,0.7,0.0,0.0,0.0,0.0
2026-07-17 17:30:15,384,Working,0.0,1.2,0.0,0.0,0.0,0.0
2026-07-17 17:30:15,385,Looking Away,0.0,0.9,0.0,0.0,0.0,0.0
2026-07-17 17:30:15,386,Looking Away,0.0,0.9,0.0,0.0,0.0,0.0
2026-07-17 17:30:17,378,Working,1.9,9.6,0.0,0.0,16.3,16.3
2026-07-17 17:30:18,378,Looking Away,2.7,9.6,0.0,0.0,22.1,22.1
2026-07-17 17:30:19,386,Working,0.0,4.1,0.0,0.0,0.0,0.0
2026-07-17 17:30:20,378,Working,2.7,11.3,0.0,0.0,19.4,19.4
2026-07-17 17:30:20,378,Talking,3.5,11.3,0.0,0.0,23.6,23.6
2026-07-17 17:30:20,385,Talking,0.0,5.8,0.0,0.0,0.0,0.0
2026-07-17 17:30:20,386,Looking Away,1.7,4.1,0.0,0.0,28.7,28.7
2026-07-17 17:30:22,378,Looking Away,3.5,11.3,0.0,2.1,20.6,20.6
2026-07-17 17:30:23,387,Looking Away,0.0,0.8,0.0,0.0,0.0,0.0
2026-07-17 17:30:24,388,Looking Away,0.8,0.0,0.0,0.0,100.0,100.0
2026-07-17 17:30:28,378,Working,3.5,16.5,0.0,2.1,15.8,15.8
2026-07-17 17:30:30,390,Looking Away,0.0,1.3,0.0,0.0,0.0,0.0
2026-07-17 17:30:57,390,Working,0.0,28.2,0.0,0.0,0.0,0.0
2026-07-17 17:31:28,378,Looking Away,63.9,16.5,0.0,2.1,77.4,77.4
2026-07-17 17:31:28,390,Looking Away,31.2,28.2,0.0,0.0,52.6,52.6
2026-07-17 17:31:34,378,Talking,63.9,22.2,0.0,2.1,72.4,72.4
2026-07-17 17:31:34,390,Talking,31.2,33.9,0.0,0.0,47.9,47.9
2026-07-27 14:28:18,0,Talking,0.0,6.7,0.0,0.0,0.0,0.0
2026-07-27 14:28:18,2,Talking,0.0,6.7,0.0,0.0,0.0,0.0
2026-07-27 14:28:18,3,Talking,0.0,6.7,0.0,0.0,0.0,0.0
2026-07-27 14:28:18,4,Talking,0.0,6.7,0.0,0.0,0.0,0.0
2026-07-27 14:28:30,5,Looking Away,0.0,0.4,0.0,0.0,0.0,0.0
2026-07-27 14:28:30,6,Looking Away,0.0,0.4,0.0,0.0,0.0,0.0
2026-07-27 14:28:30,7,Looking Away,0.0,0.4,0.0,0.0,0.0,0.0
2026-07-27 14:28:30,9,Looking Away,0.0,0.4,0.0,0.0,0.0,0.0
2026-07-27 14:28:30,10,Looking Away,0.0,0.4,0.0,0.0,0.0,0.0
2026-07-27 14:28:30,11,Looking Away,0.0,0.4,0.0,0.0,0.0,0.0
2026-07-27 14:28:35,5,Talking,0.0,5.4,0.0,0.0,0.0,0.0
2026-07-27 14:28:35,6,Talking,0.0,5.4,0.0,0.0,0.0,0.0
2026-07-27 14:28:35,7,Talking,0.0,5.4,0.0,0.0,0.0,0.0
2026-07-27 14:28:35,9,Talking,0.0,5.4,0.0,0.0,0.0,0.0
2026-07-27 14:28:50,5,Using Phone,0.0,5.4,0.0,14.6,0.0,0.0
2026-07-27 14:28:50,7,Working,0.0,5.4,0.0,14.6,0.0,0.0
2026-07-27 14:28:50,10,Talking,0.0,0.5,0.0,0.0,0.0,0.0
2026-07-27 14:28:54,5,Talking,0.0,5.4,4.1,14.6,0.0,0.0
2026-07-27 14:28:54,10,Working,0.0,0.5,0.0,3.7,0.0,0.0
2026-07-27 14:28:57,7,Talking,6.8,5.4,0.0,14.6,25.3,25.3
2026-07-27 14:29:10,7,Working,6.8,5.4,0.0,28.2,16.8,16.8
2026-07-27 14:29:13,5,Using Phone,0.0,5.4,4.1,33.7,0.0,0.0
2026-07-27 14:29:13,11,Talking,0.0,2.9,0.0,0.0,0.0,0.0
2026-07-27 14:29:16,5,Talking,0.0,5.4,6.7,33.7,0.0,0.0
2026-07-27 14:29:16,7,Talking,12.2,5.4,0.0,28.2,26.7,26.7
2026-07-27 14:29:18,7,Working,12.2,5.4,0.0,30.8,25.3,25.3
2026-07-27 14:29:21,7,Talking,14.6,5.4,0.0,30.8,28.8,28.8
2026-07-27 14:29:25,5,Using Phone,0.0,5.4,6.7,43.3,0.0,0.0
2026-07-27 14:29:29,5,Talking,0.0,5.4,10.2,43.3,0.0,0.0
2026-07-27 14:29:29,7,Working,14.6,5.4,0.0,39.0,24.8,24.8
2026-07-27 14:29:31,5,Looking Away,0.0,5.4,10.2,45.6,0.0,0.0
2026-07-27 14:29:31,6,Working,0.0,5.4,0.0,55.8,0.0,0.0
2026-07-27 14:29:31,9,No Laptop,0.0,5.4,0.0,55.8,0.0,0.0
2026-07-27 14:29:34,12,Looking Away,0.0,2.9,0.0,0.0,0.0,0.0
2026-07-27 14:29:39,13,Looking Away,0.0,2.3,0.0,0.0,0.0,0.0
2026-07-27 14:29:41,5,Talking,0.0,15.2,10.2,45.6,0.0,0.0
2026-07-27 14:29:41,6,Using Phone,9.8,5.4,0.0,55.8,13.8,13.8
2026-07-27 14:29:41,7,Talking,26.6,5.4,0.0,39.0,37.5,37.5
2026-07-27 14:29:41,9,Talking,0.0,15.2,0.0,55.8,0.0,0.0
2026-07-27 14:29:44,6,Talking,9.8,5.4,2.9,55.8,13.3,13.3
2026-07-27 14:29:44,7,Working,26.6,5.4,0.0,41.8,36.0,36.0
2026-07-27 14:29:52,14,Looking Away,0.0,3.6,0.0,0.0,0.0,0.0
2026-07-27 14:29:55,14,Talking,0.0,6.6,0.0,0.0,0.0,0.0
2026-07-27 14:30:08,15,Looking Away,2.6,0.0,0.0,0.0,100.0,100.0
2026-07-27 14:30:10,15,Working,2.6,2.4,0.0,0.0,51.9,51.9
2026-07-27 14:30:12,5,Using Phone,0.0,15.2,10.2,76.8,0.0,0.0
2026-07-27 14:30:12,15,Looking Away,4.5,2.4,0.0,0.0,65.1,65.1
2026-07-27 14:30:15,5,Talking,0.0,15.2,12.8,76.8,0.0,0.0
2026-07-27 14:30:15,15,Working,4.5,5.0,0.0,0.0,47.4,47.4
2026-07-27 14:30:17,16,Looking Away,0.0,2.2,0.0,0.0,0.0,0.0
2026-07-27 14:30:21,5,Using Phone,0.0,15.2,12.8,83.4,0.0,0.0
2026-07-27 14:30:21,16,Talking,0.0,6.6,0.0,0.0,0.0,0.0
2026-07-27 14:30:24,5,Talking,0.0,15.2,15.0,83.4,0.0,0.0
2026-07-27 14:30:30,7,Talking,72.8,5.4,0.0,41.8,60.7,60.7
2026-07-27 14:30:32,7,Working,72.8,5.4,0.0,44.1,59.5,59.5
2026-07-27 14:30:34,5,Using Phone,0.0,15.2,15.0,94.2,0.0,0.0
2026-07-27 14:30:34,16,Working,0.0,6.6,0.0,13.0,0.0,0.0
2026-07-27 14:30:36,5,Talking,0.0,15.2,17.0,94.2,0.0,0.0
2026-07-27 14:30:36,19,Looking Away,0.0,2.0,0.0,0.0,0.0,0.0
2026-07-27 14:30:41,5,Using Phone,0.0,15.2,17.0,99.3,0.0,0.0
2026-07-27 14:30:41,19,Talking,0.0,7.1,0.0,0.0,0.0,0.0
2026-07-27 14:30:44,5,Talking,0.0,15.2,20.0,99.3,0.0,0.0
2026-07-27 14:30:49,20,Looking Away,4.1,0.0,0.0,0.0,100.0,100.0
2026-07-27 14:30:54,5,Using Phone,0.0,15.2,20.0,108.9,0.0,0.0
2026-07-27 14:30:54,20,Talking,4.1,5.6,0.0,0.0,42.1,42.1
2026-07-27 14:30:56,5,Talking,0.0,15.2,22.3,108.9,0.0,0.0
2026-07-27 14:31:00,20,Working,4.1,5.6,0.0,5.6,26.5,26.5
2026-07-27 14:31:03,5,Using Phone,0.0,15.2,22.3,115.3,0.0,0.0
2026-07-27 14:31:03,20,Talking,7.1,5.6,0.0,5.6,38.8,38.8
2026-07-27 14:31:06,5,Talking,0.0,15.2,25.1,115.3,0.0,0.0
2026-07-27 14:31:08,22,Looking Away,5.5,0.0,0.0,0.0,100.0,100.0
2026-07-27 14:31:15,22,Working,5.5,6.9,0.0,0.0,44.1,44.1
2026-07-27 14:31:18,23,Looking Away,0.0,2.4,0.0,0.0,0.0,0.0
2026-07-27 14:31:20,22,Talking,10.1,6.9,0.0,0.0,59.2,59.2
2026-07-27 14:31:22,7,Talking,122.3,5.4,0.0,44.1,71.2,71.2
2026-07-27 14:31:22,22,Working,10.1,6.9,0.0,1.9,53.2,53.2
2026-07-27 14:31:24,5,Using Phone,0.0,15.2,25.1,133.6,0.0,0.0
2026-07-27 14:31:26,5,Talking,0.0,15.2,27.1,133.6,0.0,0.0
2026-07-27 14:31:26,24,Looking Away,0.0,2.0,0.0,0.0,0.0,0.0
2026-07-27 14:31:36,22,Talking,24.8,6.9,0.0,1.9,73.7,73.7
2026-07-27 14:31:39,22,Working,24.8,6.9,0.0,4.9,67.7,67.7
2026-07-27 14:31:46,7,Working,122.3,5.4,0.0,68.6,62.3,62.3
2026-07-27 14:31:51,7,Talking,126.9,5.4,0.0,68.6,63.2,63.2
2026-07-27 14:31:53,7,Working,126.9,5.4,0.0,70.9,62.5,62.5
2026-07-27 14:31:55,25,Looking Away,0.0,2.0,0.0,0.0,0.0,0.0
2026-07-27 14:31:58,25,Working,0.0,4.4,0.0,0.0,0.0,0.0
2026-07-27 14:32:07,26,Looking Away,6.3,0.0,0.0,0.0,100.0,100.0
2026-07-27 14:32:14,26,Talking,6.3,6.7,0.0,0.0,48.7,48.7
2026-07-27 14:32:23,25,Talking,25.8,4.4,0.0,0.0,85.3,85.3
2026-07-27 14:32:25,25,Working,25.8,4.4,0.0,1.9,80.2,80.2
2026-07-27 14:32:27,7,Talking,161.0,5.4,0.0,70.9,67.9,67.9
2026-07-27 14:32:30,25,Talking,30.5,4.4,0.0,1.9,82.7,82.7
2026-07-27 14:32:32,25,Working,30.5,4.4,0.0,4.2,77.9,77.9
2026-07-27 14:32:32,27,No Laptop,0.0,2.3,0.0,0.0,0.0,0.0
2026-07-27 14:32:34,25,Talking,32.7,4.4,0.0,4.2,79.1,79.1
2026-07-27 14:32:34,27,Looking Away,0.0,4.5,0.0,0.0,0.0,0.0
2026-07-27 14:32:37,7,Working,161.0,5.4,0.0,80.3,65.3,65.3
2026-07-27 14:32:37,27,Talking,0.0,6.7,0.0,0.0,0.0,0.0
2026-07-27 14:32:48,7,Talking,172.2,5.4,0.0,80.3,66.8,66.8
2026-07-27 14:32:50,7,Working,172.2,5.4,0.0,82.3,66.3,66.3
2026-07-27 14:33:05,7,Talking,187.0,5.4,0.0,82.3,68.1,68.1
2026-07-27 14:33:11,7,Working,187.0,5.4,0.0,88.8,66.5,66.5
2026-07-27 14:33:31,7,Talking,207.0,5.4,0.0,88.8,68.7,68.7
2026-07-27 14:33:36,7,Working,207.0,5.4,0.0,93.9,67.6,67.6
2026-07-27 14:33:38,7,Talking,208.8,5.4,0.0,93.9,67.8,67.8
2026-07-27 14:33:40,7,Working,208.8,5.4,0.0,96.0,67.3,67.3
2026-07-27 14:33:43,7,Talking,211.5,5.4,0.0,96.0,67.6,67.6
2026-07-27 14:33:47,7,Working,211.5,5.4,0.0,99.9,66.8,66.8
2026-07-27 14:33:51,8,Looking Away,0.0,1.8,0.0,0.0,0.0,0.0
2026-07-27 14:33:55,8,Working,0.0,5.8,0.0,0.0,0.0,0.0
2026-07-27 14:34:03,5,Looking Away,0.0,15.2,27.1,291.0,0.0,0.0
2026-07-27 14:34:03,6,Working,9.8,5.4,2.9,315.3,2.9,2.9
2026-07-27 14:34:05,5,Talking,0.0,17.1,27.1,291.0,0.0,0.0
2026-07-27 14:34:05,6,Talking,11.7,5.4,2.9,315.3,3.5,3.5
2026-07-27 14:34:05,9,Talking,0.0,1.9,0.0,0.0,0.0,0.0
2026-07-27 14:34:07,8,Talking,12.1,5.8,0.0,0.0,67.5,67.5
2026-07-27 14:34:09,8,Working,12.1,5.8,0.0,1.9,60.9,60.9
2026-07-27 14:34:16,7,Talking,241.0,5.4,0.0,99.9,69.6,69.6
2026-07-27 14:34:23,7,Working,241.0,5.4,0.0,106.8,68.2,68.2
2026-07-27 14:34:25,7,Talking,243.3,5.4,0.0,106.8,68.4,68.4
2026-07-27 14:34:27,7,Working,243.3,5.4,0.0,108.7,68.1,68.1
2026-07-27 14:34:33,7,Talking,249.2,5.4,0.0,108.7,68.6,68.6
2026-07-27 14:34:36,7,Working,249.2,5.4,0.0,111.5,68.1,68.1
2026-07-27 14:34:38,7,Talking,251.2,5.4,0.0,111.5,68.2,68.2
2026-07-27 14:34:40,7,Working,251.2,5.4,0.0,113.5,67.9,67.9
2026-07-27 14:34:57,7,Talking,268.7,5.4,0.0,113.5,69.3,69.3
2026-07-27 14:34:59,7,Working,268.7,5.4,0.0,115.2,69.0,69.0
2026-07-27 14:35:40,5,Looking Away,0.0,17.1,27.1,385.5,0.0,0.0
2026-07-27 14:35:40,6,Working,11.7,5.4,2.9,409.7,2.7,2.7
2026-07-27 14:35:43,5,Talking,0.0,20.8,27.1,385.5,0.0,0.0
2026-07-27 14:35:43,6,Talking,15.4,5.4,2.9,409.7,3.6,3.6
2026-07-27 14:35:43,7,Talking,312.8,5.4,0.0,115.2,72.2,72.2
2026-07-27 14:35:51,6,Working,15.4,5.4,2.9,417.5,3.5,3.5
2026-07-27 14:35:54,6,Talking,18.2,5.4,2.9,417.5,4.1,4.1
2026-07-27 14:35:59,8,Working,0.0,4.7,0.0,0.0,0.0,0.0
2026-07-27 14:36:02,8,Talking,3.5,4.7,0.0,0.0,42.4,42.4
2026-07-27 14:36:02,9,Talking,3.5,0.0,0.0,0.0,100.0,100.0
2026-07-27 14:36:11,10,Talking,0.0,2.1,0.0,0.0,0.0,0.0
2026-07-27 14:36:16,8,Working,3.5,4.7,0.0,13.9,15.8,15.8
2026-07-27 14:36:20,11,Talking,0.0,2.0,0.0,0.0,0.0,0.0
2026-07-27 14:36:32,8,Talking,19.9,4.7,0.0,13.9,51.6,51.6
2026-07-27 14:36:41,12,No Laptop,0.0,2.3,0.0,0.0,0.0,0.0
2026-07-27 14:37:04,5,Looking Away,0.0,20.8,27.1,466.0,0.0,0.0
2026-07-27 14:37:04,6,Working,18.2,5.4,2.9,487.5,3.5,3.5
2026-07-27 14:37:09,5,Talking,0.0,25.5,27.1,466.0,0.0,0.0
2026-07-27 14:37:09,6,Talking,22.9,5.4,2.9,487.5,4.4,4.4
2026-07-27 14:37:25,5,Looking Away,0.0,25.5,27.1,482.7,0.0,0.0
2026-07-27 14:37:25,6,Working,22.9,5.4,2.9,504.1,4.3,4.3
2026-07-27 14:37:31,5,Talking,0.0,31.1,27.1,482.7,0.0,0.0
2026-07-27 14:37:31,6,Talking,28.5,5.4,2.9,504.1,5.3,5.3
2026-07-27 14:37:34,5,Looking Away,0.0,31.1,27.1,485.9,0.0,0.0
2026-07-27 14:37:34,6,Working,28.5,5.4,2.9,507.3,5.2,5.2
2026-07-27 14:37:36,5,Talking,0.0,33.4,27.1,485.9,0.0,0.0
2026-07-27 14:37:36,6,Talking,30.8,5.4,2.9,507.3,5.6,5.6
2026-07-27 14:37:47,5,Looking Away,0.0,33.4,27.1,496.2,0.0,0.0
2026-07-27 14:37:47,6,Working,30.8,5.4,2.9,517.6,5.5,5.5
2026-07-27 14:37:49,5,Talking,0.0,35.5,27.1,496.2,0.0,0.0
2026-07-27 14:37:49,6,Talking,32.9,5.4,2.9,517.6,5.9,5.9
2026-07-27 14:37:54,7,Talking,0.0,1.7,0.0,0.0,0.0,0.0
2026-07-27 14:37:56,5,Looking Away,0.0,35.5,27.1,503.2,0.0,0.0
2026-07-27 14:37:57,5,Working,0.0,37.1,27.1,503.2,0.0,0.0
2026-07-27 14:37:59,8,Looking Away,0.0,1.8,0.0,0.0,0.0,0.0
2026-07-27 14:38:03,5,Talking,5.7,37.1,27.1,503.2,1.0,1.0
2026-07-27 14:38:03,8,Talking,0.0,5.7,0.0,0.0,0.0,0.0
2026-07-27 14:38:08,5,Working,5.7,37.1,27.1,508.0,1.0,1.0
2026-07-27 14:38:08,8,Looking Away,0.0,5.7,0.0,4.9,0.0,0.0
2026-07-27 14:38:16,5,Talking,13.5,37.1,27.1,508.0,2.3,2.3
2026-07-27 14:38:16,8,Talking,0.0,13.5,0.0,4.9,0.0,0.0
2026-07-27 14:38:24,8,Looking Away,0.0,13.5,0.0,13.2,0.0,0.0
2026-07-27 14:38:24,9,Looking Away,0.0,0.0,2.5,0.0,0.0,0.0
2026-07-27 14:38:27,8,Talking,0.0,16.1,0.0,13.2,0.0,0.0
2026-07-27 14:38:27,9,Talking,0.0,2.6,2.5,0.0,0.0,0.0
2026-07-27 14:38:30,9,Working,0.0,2.6,2.5,2.9,0.0,0.0
2026-07-27 14:38:33,9,Looking Away,3.5,2.6,2.5,2.9,30.3,30.3
2026-07-27 14:38:41,11,Looking Away,0.0,2.3,0.0,0.0,0.0,0.0
2026-07-27 14:38:43,12,Looking Away,2.3,0.0,0.0,0.0,100.0,100.0
2026-07-27 14:38:45,9,Talking,3.5,14.7,2.5,2.9,14.8,14.8
2026-07-27 14:38:45,11,Talking,0.0,6.8,0.0,0.0,0.0,0.0
2026-07-27 14:38:45,12,Working,2.3,2.2,0.0,0.0,50.2,50.2
2026-07-27 14:38:47,12,Using Phone,4.5,2.2,0.0,0.0,66.9,66.9
2026-07-27 14:38:50,12,Talking,4.5,2.2,2.3,0.0,49.8,49.8
2026-07-27 14:38:55,9,Looking Away,3.5,14.7,2.5,12.6,10.5,10.5
2026-07-27 14:38:55,12,Working,4.5,2.2,2.3,5.1,31.9,31.9
2026-07-27 14:38:59,9,Talking,3.5,18.5,2.5,12.6,9.4,9.4
2026-07-27 14:38:59,12,Talking,8.4,2.2,2.3,5.1,46.4,46.4
2026-07-27 17:06:51,0,Looking Away,0.0,4.9,0.0,0.0,0.0,0.0
2026-07-27 17:06:51,1,Looking Away,4.9,0.0,0.0,0.0,100.0,100.0
2026-07-27 17:06:51,2,Looking Away,0.0,4.9,0.0,0.0,0.0,0.0
2026-07-27 17:06:51,3,Looking Away,0.0,4.9,0.0,0.0,0.0,0.0
2026-07-27 17:06:52,2,Talking,0.0,5.3,0.0,0.0,0.0,0.0
2026-07-27 17:06:52,3,Talking,0.0,5.3,0.0,0.0,0.0,0.0
2026-07-27 17:06:57,0,Talking,0.0,10.3,0.0,0.0,0.0,0.0
2026-07-27 17:06:57,1,Talking,4.9,5.4,0.0,0.0,47.9,47.9
2026-07-27 17:06:57,0,Looking Away,0.0,10.3,0.0,0.3,0.0,0.0
2026-07-27 17:06:57,1,Working,4.9,5.4,0.0,0.3,46.5,46.5
2026-07-27 17:06:58,0,Talking,0.0,10.7,0.0,0.3,0.0,0.0
2026-07-27 17:06:58,1,Talking,5.3,5.4,0.0,0.3,48.4,48.4
2026-07-27 17:07:10,0,Looking Away,0.0,10.7,0.0,12.8,0.0,0.0
2026-07-27 17:07:10,1,Working,5.3,5.4,0.0,12.8,22.6,22.6
2026-07-27 17:07:13,0,Talking,0.0,13.5,0.0,12.8,0.0,0.0
2026-07-27 17:07:13,1,Talking,8.2,5.4,0.0,12.8,30.9,30.9
2026-07-27 17:07:14,0,Looking Away,0.0,13.5,0.0,13.4,0.0,0.0
2026-07-27 17:07:14,1,Working,8.2,5.4,0.0,13.4,30.3,30.3
2026-07-27 17:07:34,0,Talking,0.0,33.5,0.0,13.4,0.0,0.0
2026-07-27 17:07:34,1,Talking,28.2,5.4,0.0,13.4,60.0,60.0
2026-07-27 17:07:35,0,Looking Away,0.0,33.5,0.0,14.6,0.0,0.0
2026-07-27 17:07:35,1,Working,28.2,5.4,0.0,14.6,58.5,58.5
2026-07-27 17:07:38,0,Talking,0.0,36.7,0.0,14.6,0.0,0.0
2026-07-27 17:07:38,1,Talking,31.3,5.4,0.0,14.6,61.0,61.0
2026-07-27 17:07:39,0,Looking Away,0.0,36.7,0.0,16.2,0.0,0.0
2026-07-27 17:07:39,1,Working,31.3,5.4,0.0,16.2,59.2,59.2
2026-07-27 17:07:41,0,Talking,0.0,37.8,0.0,16.2,0.0,0.0
2026-07-27 17:07:41,1,Talking,32.5,5.4,0.0,16.2,60.1,60.1
2026-07-27 17:07:41,0,Looking Away,0.0,37.8,0.0,16.6,0.0,0.0
2026-07-27 17:07:41,1,Working,32.5,5.4,0.0,16.6,59.7,59.7
2026-07-27 17:07:41,0,Talking,0.0,38.3,0.0,16.6,0.0,0.0
2026-07-27 17:07:41,1,Talking,32.9,5.4,0.0,16.6,60.0,60.0
2026-07-27 17:07:42,0,Looking Away,0.0,38.3,0.0,17.0,0.0,0.0
2026-07-27 17:07:42,1,Working,32.9,5.4,0.0,17.0,59.5,59.5
2026-07-27 17:07:44,0,Talking,0.0,40.3,0.0,17.0,0.0,0.0
2026-07-27 17:07:44,1,Talking,34.9,5.4,0.0,17.0,60.9,60.9
2026-07-27 17:07:44,0,Looking Away,0.0,40.3,0.0,17.4,0.0,0.0
2026-07-27 17:07:44,1,Working,34.9,5.4,0.0,17.4,60.5,60.5
2026-07-27 17:07:45,0,Talking,0.0,40.7,0.0,17.4,0.0,0.0
2026-07-27 17:07:45,1,Talking,35.3,5.4,0.0,17.4,60.8,60.8
2026-07-27 17:07:45,0,Looking Away,0.0,40.7,0.0,17.8,0.0,0.0
2026-07-27 17:07:45,1,Working,35.3,5.4,0.0,17.8,60.4,60.4
2026-07-27 17:07:48,0,No Laptop,0.0,43.4,0.0,17.8,0.0,0.0
2026-07-27 17:07:48,0,Working,0.0,43.8,0.0,17.8,0.0,0.0
2026-07-27 17:07:49,2,Looking Away,0.0,0.4,0.0,0.0,0.0,0.0
2026-07-27 17:07:50,3,Looking Away,0.0,0.5,0.0,0.0,0.0,0.0
2026-07-27 17:07:50,0,Looking Away,2.1,43.8,0.0,17.8,3.3,3.3
2026-07-27 17:07:50,3,Working,0.0,0.9,0.0,0.0,0.0,0.0
2026-07-27 17:07:50,4,Looking Away,0.0,0.5,0.0,0.0,0.0,0.0
2026-07-27 17:07:51,0,Working,2.1,44.9,0.0,17.8,3.3,3.3
2026-07-27 17:07:52,0,Looking Away,2.6,44.9,0.0,17.8,4.0,4.0
2026-07-27 17:07:52,0,Working,2.6,45.4,0.0,17.8,4.0,4.0
2026-07-27 17:07:52,6,Looking Away,0.0,0.4,0.0,0.0,0.0,0.0
2026-07-27 17:07:53,0,Looking Away,3.1,45.4,0.0,17.8,4.7,4.7
2026-07-27 17:07:53,7,Looking Away,0.0,0.5,0.0,0.0,0.0,0.0
2026-07-27 17:07:53,0,Working,3.1,46.0,0.0,17.8,4.7,4.7
2026-07-27 17:07:53,3,Looking Away,3.1,0.9,0.0,0.0,77.0,77.0
2026-07-27 17:07:54,0,Looking Away,4.1,46.0,0.0,17.8,6.1,6.1
2026-07-27 17:07:55,0,Working,4.1,47.0,0.0,17.8,6.0,6.0
2026-07-27 17:07:55,3,Working,3.1,3.0,0.0,0.0,51.3,51.3
2026-07-27 17:07:56,0,Looking Away,5.2,47.0,0.0,17.8,7.4,7.4
2026-07-27 17:07:56,3,Looking Away,4.2,3.0,0.0,0.0,58.3,58.3
2026-07-27 17:07:57,0,Working,5.2,47.5,0.0,17.8,7.3,7.3
2026-07-27 17:07:57,3,Working,4.2,3.5,0.0,0.0,54.6,54.6
2026-07-27 17:07:58,6,Talking,0.0,5.7,0.0,0.0,0.0,0.0
2026-07-27 17:07:58,7,Talking,0.0,5.2,0.0,0.0,0.0,0.0
2026-07-27 17:07:58,0,Talking,6.2,47.5,0.0,17.8,8.7,8.7
2026-07-27 17:07:58,3,No Laptop,5.2,3.5,0.0,0.0,60.1,60.1
2026-07-27 17:07:59,0,No Laptop,6.2,47.5,0.0,18.2,8.7,8.7
2026-07-27 17:07:59,6,Looking Away,0.0,5.7,0.0,1.0,0.0,0.0
2026-07-27 17:07:59,6,No Laptop,0.0,6.2,0.0,1.0,0.0,0.0
2026-07-27 17:07:59,8,No Laptop,0.0,0.5,0.0,0.0,0.0,0.0
2026-07-27 17:10:16,7,No Laptop,0.0,0.4,0.0,0.0,0.0,0.0
2026-07-27 17:21:18,0,No Laptop,0.0,4.8,0.0,0.0,0.0,0.0
2026-07-27 17:21:18,1,No Laptop,0.0,4.8,0.0,0.0,0.0,0.0
2026-07-27 17:21:18,2,No Laptop,0.0,4.8,0.0,0.0,0.0,0.0
2026-07-27 17:21:18,3,No Laptop,0.0,4.8,0.0,0.0,0.0,0.0
2026-07-27 17:21:19,0,Talking,0.0,5.1,0.0,0.0,0.0,0.0
2026-07-27 17:21:19,1,Talking,0.0,5.1,0.0,0.0,0.0,0.0
2026-07-27 17:21:19,2,Talking,0.0,5.1,0.0,0.0,0.0,0.0
2026-07-27 17:21:19,3,Talking,0.0,5.1,0.0,0.0,0.0,0.0
2026-07-27 17:21:19,4,No Laptop,0.0,0.4,0.0,0.0,0.0,0.0
2026-07-27 17:21:19,5,No Laptop,0.0,0.4,0.0,0.0,0.0,0.0
2026-07-27 17:21:21,6,No Laptop,0.0,0.3,0.0,0.0,0.0,0.0
2026-07-27 17:21:22,7,No Laptop,0.0,0.4,0.0,0.0,0.0,0.0
2026-07-27 17:21:23,0,No Laptop,0.0,5.1,0.0,4.7,0.0,0.0
2026-07-27 17:21:23,2,No Laptop,0.0,5.1,0.0,4.7,0.0,0.0
2026-07-27 17:21:23,8,No Laptop,0.0,0.3,0.0,0.0,0.0,0.0
2026-07-27 17:21:25,0,Looking Away,0.0,6.3,0.0,4.7,0.0,0.0
2026-07-27 17:21:25,2,Looking Away,0.0,6.3,0.0,4.7,0.0,0.0
2026-07-27 17:21:25,9,No Laptop,0.0,0.3,0.0,0.0,0.0,0.0
2026-07-27 17:21:25,10,No Laptop,0.0,0.4,0.0,0.0,0.0,0.0
2026-07-27 17:21:25,0,No Laptop,0.0,7.0,0.0,4.7,0.0,0.0
2026-07-27 17:21:25,2,No Laptop,0.0,7.0,0.0,4.7,0.0,0.0
2026-07-27 17:21:27,11,No Laptop,0.0,0.3,0.0,0.0,0.0,0.0
2026-07-27 17:21:27,12,No Laptop,0.0,0.3,0.0,0.0,0.0,0.0
2026-07-27 17:21:30,13,No Laptop,0.0,0.4,0.0,0.0,0.0,0.0
2026-07-27 17:21:30,0,Talking,0.0,11.8,0.0,4.7,0.0,0.0
2026-07-27 17:21:30,10,Talking,0.0,5.5,0.0,0.0,0.0,0.0
2026-07-27 17:21:32,14,No Laptop,0.0,0.3,0.0,0.0,0.0,0.0
2026-07-27 17:21:32,2,Talking,0.0,14.0,0.0,4.7,0.0,0.0
2026-07-27 17:21:32,15,No Laptop,0.0,0.4,0.0,0.0,0.0,0.0
2026-07-27 17:21:35,16,No Laptop,0.0,0.8,0.0,0.0,0.0,0.0
2026-07-27 17:21:36,0,No Laptop,0.0,11.8,0.0,10.8,0.0,0.0
2026-07-27 17:21:37,17,No Laptop,0.0,0.4,0.0,0.0,0.0,0.0
2026-07-27 17:21:39,18,No Laptop,0.0,0.4,0.0,0.0,0.0,0.0
2026-07-27 17:21:40,19,No Laptop,0.0,0.4,0.0,0.0,0.0,0.0
2026-07-27 17:21:41,20,No Laptop,0.0,0.3,0.0,0.0,0.0,0.0
2026-07-27 17:21:43,21,No Laptop,0.0,0.4,0.0,0.0,0.0,0.0
2026-07-27 17:21:45,22,No Laptop,0.0,0.4,0.0,0.0,0.0,0.0
2026-07-27 17:21:45,23,No Laptop,0.0,0.4,0.0,0.0,0.0,0.0
2026-07-27 17:21:46,17,Talking,0.0,9.5,0.0,0.0,0.0,0.0
2026-07-27 17:21:46,20,Talking,0.0,5.1,0.0,0.0,0.0,0.0
2026-07-27 17:21:46,24,No Laptop,0.0,0.3,0.0,0.0,0.0,0.0
2026-07-27 17:21:47,17,No Laptop,0.0,9.5,0.0,0.7,0.0,0.0
2026-07-27 17:21:47,25,No Laptop,0.0,0.3,0.0,0.0,0.0,0.0
2026-07-27 17:21:47,26,No Laptop,0.0,0.3,0.0,0.0,0.0,0.0
2026-07-27 17:21:49,27,No Laptop,0.0,0.3,0.0,0.0,0.0,0.0
2026-07-27 17:21:50,28,No Laptop,0.0,0.4,0.0,0.0,0.0,0.0
2026-07-27 17:21:52,17,Talking,0.0,14.5,0.0,0.7,0.0,0.0
2026-07-27 17:21:52,26,Talking,0.0,5.1,0.0,0.0,0.0,0.0
2026-07-27 17:21:52,29,No Laptop,0.0,0.3,0.0,0.0,0.0,0.0
2026-07-27 17:21:55,30,No Laptop,0.0,0.3,0.0,0.0,0.0,0.0
2026-07-27 17:21:56,17,No Laptop,0.0,14.5,0.0,4.6,0.0,0.0
2026-07-27 17:21:56,31,No Laptop,0.0,0.3,0.0,0.0,0.0,0.0
2026-07-27 17:21:57,32,No Laptop,0.0,0.2,0.0,0.0,0.0,0.0
2026-07-27 17:21:58,33,No Laptop,0.0,0.3,0.0,0.0,0.0,0.0
2026-07-27 17:22:05,34,No Laptop,0.0,0.4,0.0,0.0,0.0,0.0
2026-07-27 17:22:07,35,No Laptop,0.0,0.3,0.0,0.0,0.0,0.0
2026-07-27 17:22:09,36,No Laptop,0.0,0.5,0.0,0.0,0.0,0.0
2026-07-27 17:22:13,37,No Laptop,0.0,0.5,0.0,0.0,0.0,0.0
2026-07-27 17:22:13,38,No Laptop,0.0,0.5,0.0,0.0,0.0,0.0
2026-07-27 17:22:16,39,No Laptop,0.0,0.3,0.0,0.0,0.0,0.0
2026-07-27 17:22:20,40,No Laptop,0.0,1.9,0.0,0.0,0.0,0.0
2026-07-27 17:22:25,41,No Laptop,0.0,1.3,0.0,0.0,0.0,0.0
2026-07-27 17:22:26,0,No Laptop,0.0,9.7,0.0,0.0,0.0,0.0
2026-07-27 17:22:27,42,No Laptop,0.0,1.7,0.0,0.0,0.0,0.0
2026-07-27 17:22:28,1,No Laptop,0.0,2.0,0.0,0.0,0.0,0.0
2026-07-27 17:22:31,2,No Laptop,0.0,2.5,0.0,0.0,0.0,0.0
2026-07-27 17:22:33,17,Talking,0.0,51.4,0.0,4.6,0.0,0.0
2026-07-27 17:22:33,42,Talking,0.0,7.1,0.0,0.0,0.0,0.0
2026-07-27 17:22:33,43,No Laptop,0.0,2.3,0.0,0.0,0.0,0.0
2026-07-27 17:22:33,3,No Laptop,0.0,2.4,0.0,0.0,0.0,0.0
2026-07-27 17:22:35,17,No Laptop,0.0,51.4,0.0,7.0,0.0,0.0
2026-07-27 17:22:35,44,No Laptop,0.0,2.4,0.0,0.0,0.0,0.0
2026-07-27 17:22:35,0,Talking,0.0,19.0,0.0,0.0,0.0,0.0
2026-07-27 17:22:35,2,Talking,0.0,7.3,0.0,0.0,0.0,0.0
2026-07-27 17:22:35,4,No Laptop,0.0,2.4,0.0,0.0,0.0,0.0
2026-07-27 17:22:41,5,No Laptop,0.0,2.4,0.0,0.0,0.0,0.0
2026-07-27 17:22:43,4,Talking,0.0,10.3,0.0,0.0,0.0,0.0
2026-07-27 17:22:43,5,Talking,0.0,5.1,0.0,0.0,0.0,0.0
2026-07-27 17:22:51,4,No Laptop,0.0,10.3,0.0,7.2,0.0,0.0
2026-07-27 17:22:56,6,No Laptop,0.0,2.9,0.0,0.0,0.0,0.0
2026-07-27 17:22:58,4,Looking Away,0.0,17.6,0.0,7.2,0.0,0.0
2026-07-27 17:22:58,7,No Laptop,0.0,2.0,0.0,0.0,0.0,0.0
2026-07-27 17:23:00,4,No Laptop,0.0,19.7,0.0,7.2,0.0,0.0
2026-07-27 17:23:00,8,Looking Away,0.0,2.0,0.0,0.0,0.0,0.0
2026-07-27 17:23:05,9,No Laptop,0.0,0.6,0.0,0.0,0.0,0.0
2026-07-27 17:23:08,10,No Laptop,0.0,0.6,0.0,0.0,0.0,0.0
2026-07-27 17:23:09,11,No Laptop,0.0,0.5,0.0,0.0,0.0,0.0
2026-07-27 17:23:11,12,No Laptop,0.0,0.5,0.0,0.0,0.0,0.0
2026-07-27 17:23:11,13,No Laptop,0.0,0.5,0.0,0.0,0.0,0.0
2026-07-27 17:23:11,14,No Laptop,0.0,0.5,0.0,0.0,0.0,0.0
2026-07-27 17:23:16,15,No Laptop,0.0,0.5,0.0,0.0,0.0,0.0
2026-07-27 17:23:17,16,No Laptop,0.0,0.5,0.0,0.0,0.0,0.0
2026-07-27 17:23:21,4,Talking,0.0,40.8,0.0,7.2,0.0,0.0
2026-07-27 17:23:21,15,Talking,0.0,5.4,0.0,0.0,0.0,0.0
2026-07-27 17:23:21,17,No Laptop,0.0,0.5,0.0,0.0,0.0,0.0
2026-07-27 17:23:25,18,No Laptop,0.0,0.6,0.0,0.0,0.0,0.0
2026-07-27 17:23:25,19,No Laptop,0.0,0.6,0.0,0.0,0.0,0.0
2026-07-27 17:23:26,17,Talking,0.0,5.3,0.0,0.0,0.0,0.0
2026-07-27 17:23:28,20,No Laptop,0.0,0.7,0.0,0.0,0.0,0.0
2026-07-27 17:23:29,18,Talking,0.0,5.0,0.0,0.0,0.0,0.0
2026-07-27 17:23:30,21,No Laptop,0.0,0.6,0.0,0.0,0.0,0.0
2026-07-27 17:23:31,15,No Laptop,0.0,5.4,0.0,9.8,0.0,0.0
2026-07-27 17:23:31,22,No Laptop,0.0,0.6,0.0,0.0,0.0,0.0
2026-07-27 17:23:34,23,No Laptop,0.0,0.6,0.0,0.0,0.0,0.0
2026-07-27 17:23:34,24,No Laptop,0.0,0.6,0.0,0.0,0.0,0.0
2026-07-27 17:23:35,15,Talking,0.0,9.6,0.0,9.8,0.0,0.0
2026-07-27 17:23:35,21,Talking,0.0,5.3,0.0,0.0,0.0,0.0
2026-07-27 17:23:36,22,Talking,0.0,5.4,0.0,0.0,0.0,0.0
2026-07-27 17:23:36,15,No Laptop,0.0,9.6,0.0,11.1,0.0,0.0
2026-07-27 17:23:36,21,No Laptop,0.0,5.3,0.0,1.3,0.0,0.0
2026-07-27 17:23:37,25,No Laptop,0.0,0.6,0.0,0.0,0.0,0.0
2026-07-27 17:23:38,26,No Laptop,0.0,0.6,0.0,0.0,0.0,0.0
2026-07-27 17:23:38,27,No Laptop,0.0,0.6,0.0,0.0,0.0,0.0
2026-07-27 17:23:39,28,No Laptop,0.0,0.8,0.0,0.0,0.0,0.0
2026-07-27 17:23:39,29,No Laptop,0.0,0.8,0.0,0.0,0.0,0.0
2026-07-27 17:23:40,23,Using Phone,0.0,6.7,0.0,0.0,0.0,0.0
2026-07-27 17:23:40,30,No Laptop,0.0,0.6,0.0,0.0,0.0,0.0
2026-07-27 17:23:42,23,No Laptop,0.0,6.7,1.3,0.0,0.0,0.0
2026-07-27 17:23:46,31,No Laptop,0.0,0.6,0.0,0.0,0.0,0.0
2026-07-27 17:23:46,32,No Laptop,0.0,0.6,0.0,0.0,0.0,0.0
2026-07-27 17:23:48,33,No Laptop,0.0,0.5,0.0,0.0,0.0,0.0
2026-07-27 17:23:51,23,Talking,0.0,15.7,1.3,0.0,0.0,0.0
2026-07-27 17:23:51,30,Talking,0.0,11.0,0.0,0.0,0.0,0.0
2026-07-27 17:23:51,23,No Laptop,0.0,15.7,1.3,0.6,0.0,0.0
2026-07-27 17:23:51,30,No Laptop,0.0,11.0,0.0,0.6,0.0,0.0
2026-07-27 17:23:51,34,No Laptop,0.0,0.6,0.0,0.0,0.0,0.0
2026-07-27 17:23:53,23,Talking,0.0,17.5,1.3,0.6,0.0,0.0
2026-07-27 17:23:53,30,Talking,0.0,12.8,0.0,0.6,0.0,0.0
2026-07-27 17:23:53,33,Talking,0.0,5.2,0.0,0.0,0.0,0.0
2026-07-27 17:23:55,35,No Laptop,0.0,0.5,0.0,0.0,0.0,0.0
2026-07-27 17:23:58,36,No Laptop,0.0,0.6,0.0,0.0,0.0,0.0
2026-07-27 17:24:01,37,No Laptop,0.0,0.5,0.0,0.0,0.0,0.0
2026-07-27 17:24:02,38,No Laptop,0.0,0.7,0.0,0.0,0.0,0.0
2026-07-27 17:24:06,39,No Laptop,0.0,0.6,0.0,0.0,0.0,0.0
2026-07-27 17:24:09,40,No Laptop,0.0,0.4,0.0,0.0,0.0,0.0
2026-07-27 17:24:09,41,No Laptop,0.0,0.4,0.0,0.0,0.0,0.0
2026-07-27 17:24:09,33,No Laptop,0.0,5.2,0.0,16.2,0.0,0.0
2026-07-27 17:24:10,42,No Laptop,0.0,0.5,0.0,0.0,0.0,0.0
2026-07-27 17:24:11,43,No Laptop,0.0,0.5,0.0,0.0,0.0,0.0
2026-07-27 17:24:13,44,No Laptop,0.0,0.7,0.0,0.0,0.0,0.0
2026-07-27 17:24:13,45,No Laptop,0.0,0.7,0.0,0.0,0.0,0.0
2026-07-27 17:24:14,33,Talking,0.0,9.8,0.0,16.2,0.0,0.0
2026-07-27 17:24:14,40,Talking,0.0,5.5,0.0,0.0,0.0,0.0
2026-07-27 17:24:16,33,No Laptop,0.0,9.8,0.0,17.9,0.0,0.0
2026-07-27 17:24:16,46,No Laptop,0.0,0.5,0.0,0.0,0.0,0.0
2026-07-27 17:24:16,47,No Laptop,0.0,0.5,0.0,0.0,0.0,0.0
2026-07-27 17:24:19,48,No Laptop,0.0,0.5,0.0,0.0,0.0,0.0
2026-07-27 17:24:19,49,No Laptop,0.0,0.5,0.0,0.0,0.0,0.0
2026-07-27 17:24:20,50,No Laptop,0.0,0.6,0.0,0.0,0.0,0.0
2026-07-27 17:24:21,33,Talking,0.0,14.8,0.0,17.9,0.0,0.0
2026-07-27 17:24:21,46,Talking,0.0,5.0,0.0,0.0,0.0,0.0
2026-07-27 17:24:21,51,No Laptop,0.0,0.6,0.0,0.0,0.0,0.0
2026-07-27 17:24:22,33,No Laptop,0.0,14.8,0.0,19.1,0.0,0.0
2026-07-27 17:24:22,52,No Laptop,0.0,0.5,0.0,0.0,0.0,0.0
2026-07-27 17:24:23,53,No Laptop,0.0,0.6,0.0,0.0,0.0,0.0
2026-07-27 17:24:25,33,Talking,0.0,18.1,0.0,19.1,0.0,0.0
2026-07-27 17:24:25,50,Talking,0.0,5.7,0.0,0.0,0.0,0.0
2026-07-27 17:24:25,54,No Laptop,0.0,0.6,0.0,0.0,0.0,0.0
2026-07-27 17:24:27,33,No Laptop,0.0,18.1,0.0,21.0,0.0,0.0
2026-07-27 17:24:28,33,Talking,0.0,18.7,0.0,21.0,0.0,0.0
2026-07-27 17:24:28,53,Talking,0.0,5.2,0.0,0.0,0.0,0.0
2026-07-27 17:24:28,55,No Laptop,0.0,0.6,0.0,0.0,0.0,0.0
2026-07-27 17:24:29,56,No Laptop,0.0,0.5,0.0,0.0,0.0,0.0
2026-07-27 17:24:31,33,No Laptop,0.0,18.7,0.0,24.7,0.0,0.0
2026-07-27 17:24:31,53,No Laptop,0.0,5.2,0.0,3.7,0.0,0.0
2026-07-27 17:24:32,33,Talking,0.0,19.8,0.0,24.7,0.0,0.0
2026-07-27 17:24:32,55,Talking,0.0,5.5,0.0,0.0,0.0,0.0
2026-07-27 17:24:33,57,No Laptop,0.0,0.6,0.0,0.0,0.0,0.0
2026-07-27 17:24:33,58,No Laptop,0.0,0.6,0.0,0.0,0.0,0.0
2026-07-27 17:24:34,59,No Laptop,0.0,0.6,0.0,0.0,0.0,0.0
2026-07-27 17:24:34,60,No Laptop,0.0,0.5,0.0,0.0,0.0,0.0
2026-07-27 17:24:35,61,No Laptop,0.0,0.7,0.0,0.0,0.0,0.0
2026-07-27 17:24:35,62,No Laptop,0.0,0.7,0.0,0.0,0.0,0.0
2026-07-27 17:24:35,33,No Laptop,0.0,19.8,0.0,27.7,0.0,0.0
2026-07-27 17:24:36,63,No Laptop,0.0,0.6,0.0,0.0,0.0,0.0
2026-07-27 17:24:38,64,No Laptop,0.0,0.8,0.0,0.0,0.0,0.0
2026-07-27 17:24:39,65,No Laptop,0.0,0.5,0.0,0.0,0.0,0.0
2026-07-27 17:24:41,66,No Laptop,0.0,0.6,0.0,0.0,0.0,0.0
2026-07-27 17:24:41,67,No Laptop,0.0,0.5,0.0,0.0,0.0,0.0
2026-07-27 17:24:42,68,No Laptop,0.0,0.7,0.0,0.0,0.0,0.0
2026-07-27 17:24:42,69,No Laptop,0.0,0.7,0.0,0.0,0.0,0.0
2026-07-27 17:24:42,70,No Laptop,0.0,0.7,0.0,0.0,0.0,0.0
2026-07-27 17:24:42,33,Talking,0.0,26.8,0.0,27.7,0.0,0.0
2026-07-27 17:24:42,64,Talking,0.0,5.4,0.0,0.0,0.0,0.0
2026-07-27 17:24:42,71,No Laptop,0.0,0.6,0.0,0.0,0.0,0.0
2026-07-27 17:24:43,72,No Laptop,0.0,0.5,0.0,0.0,0.0,0.0
2026-07-27 17:24:45,73,No Laptop,0.0,0.6,0.0,0.0,0.0,0.0
2026-07-27 17:24:46,74,No Laptop,0.0,0.8,0.0,0.0,0.0,0.0
2026-07-27 17:24:47,75,No Laptop,0.0,0.6,0.0,0.0,0.0,0.0
2026-07-27 17:24:49,76,No Laptop,0.0,0.5,0.0,0.0,0.0,0.0
2026-07-27 17:24:50,77,No Laptop,0.0,0.6,0.0,0.0,0.0,0.0
2026-07-27 17:24:53,64,No Laptop,0.0,5.4,0.0,10.1,0.0,0.0
2026-07-27 17:24:53,78,No Laptop,0.0,0.6,0.0,0.0,0.0,0.0
2026-07-27 17:24:54,79,No Laptop,0.0,0.6,0.0,0.0,0.0,0.0
2026-07-27 17:24:56,80,No Laptop,0.0,0.6,0.0,0.0,0.0,0.0
2026-07-27 17:24:58,64,Talking,0.0,10.5,0.0,10.1,0.0,0.0
2026-07-27 17:24:58,78,Talking,0.0,5.0,0.0,0.0,0.0,0.0
2026-07-27 17:24:59,79,Talking,0.0,5.0,0.0,0.0,0.0,0.0
2026-07-27 17:24:59,81,No Laptop,0.0,0.6,0.0,0.0,0.0,0.0
2026-07-27 17:25:02,82,No Laptop,0.0,1.0,0.0,0.0,0.0,0.0
2026-07-27 17:25:02,83,No Laptop,0.0,1.0,0.0,0.0,0.0,0.0
2026-07-27 17:25:04,84,No Laptop,0.0,0.5,0.0,0.0,0.0,0.0
2026-07-27 17:25:10,85,No Laptop,0.0,0.5,0.0,0.0,0.0,0.0
2026-07-27 17:25:12,86,No Laptop,0.0,0.6,0.0,0.0,0.0,0.0
2026-07-27 17:25:12,87,No Laptop,0.0,0.5,0.0,0.0,0.0,0.0
2026-07-27 17:25:13,88,No Laptop,0.0,0.5,0.0,0.0,0.0,0.0
2026-07-27 17:25:16,89,No Laptop,0.0,0.5,0.0,0.0,0.0,0.0
2026-07-27 17:25:17,87,Talking,0.0,5.1,0.0,0.0,0.0,0.0
2026-07-27 17:25:19,87,No Laptop,0.0,5.1,0.0,2.1,0.0,0.0
2026-07-27 17:25:20,90,No Laptop,0.0,0.5,0.0,0.0,0.0,0.0
2026-07-27 17:25:20,91,No Laptop,0.0,0.6,0.0,0.0,0.0,0.0
2026-07-27 17:25:21,92,No Laptop,0.0,0.7,0.0,0.0,0.0,0.0
2026-07-27 17:25:24,93,No Laptop,0.0,0.6,0.0,0.0,0.0,0.0
2026-07-27 17:25:27,94,No Laptop,0.0,0.5,0.0,0.0,0.0,0.0
2026-07-27 17:25:30,95,No Laptop,0.0,0.5,0.0,0.0,0.0,0.0
2026-07-27 17:25:39,80,No Laptop,0.0,0.5,0.0,0.0,0.0,0.0
2026-07-27 17:25:41,64,No Laptop,0.0,10.5,0.0,54.0,0.0,0.0
2026-07-27 17:25:43,81,No Laptop,0.0,0.5,0.0,0.0,0.0,0.0
2026-07-27 17:25:44,82,No Laptop,0.0,0.6,0.0,0.0,0.0,0.0
2026-07-27 17:25:46,83,No Laptop,0.0,0.6,0.0,0.0,0.0,0.0
2026-07-27 17:25:46,84,No Laptop,0.0,0.5,0.0,0.0,0.0,0.0
2026-07-27 17:25:48,64,Talking,0.0,17.5,0.0,54.0,0.0,0.0
2026-07-27 17:25:48,82,Talking,0.0,5.2,0.0,0.0,0.0,0.0
2026-07-27 17:25:48,85,No Laptop,0.0,0.5,0.0,0.0,0.0,0.0
2026-07-27 17:25:50,64,No Laptop,0.0,17.5,0.0,55.5,0.0,0.0
2026-07-27 17:25:50,86,No Laptop,0.0,0.4,0.0,0.0,0.0,0.0
2026-07-27 17:25:51,87,No Laptop,0.0,0.5,0.0,0.0,0.0,0.0
2026-07-27 17:25:52,64,Talking,0.0,19.7,0.0,55.5,0.0,0.0
2026-07-27 17:25:53,88,Talking,0.0,0.5,0.0,0.0,0.0,0.0
2026-07-27 17:25:53,64,No Laptop,0.0,19.7,0.0,56.5,0.0,0.0
2026-07-27 17:26:05,65,No Laptop,0.0,0.7,0.0,0.0,0.0,0.0
2026-07-27 17:26:13,66,No Laptop,0.0,0.5,0.0,0.0,0.0,0.0
2026-07-27 17:26:17,67,No Laptop,0.0,0.5,0.0,0.0,0.0,0.0
2026-07-27 17:26:19,68,No Laptop,0.0,0.5,0.0,0.0,0.0,0.0
2026-07-27 17:26:20,69,No Laptop,0.0,0.7,0.0,0.0,0.0,0.0
2026-07-27 17:26:35,67,No Laptop,0.0,0.6,0.0,0.0,0.0,0.0
2026-07-27 17:26:37,68,No Laptop,0.0,0.5,0.0,0.0,0.0,0.0
2026-07-27 17:26:44,69,No Laptop,0.0,0.6,0.0,0.0,0.0,0.0
2026-07-27 17:26:46,70,No Laptop,0.0,0.6,0.0,0.0,0.0,0.0
2026-07-27 17:26:48,71,No Laptop,0.0,0.6,0.0,0.0,0.0,0.0
2026-07-27 17:26:48,64,Talking,0.0,74.9,0.0,56.5,0.0,0.0
2026-07-27 17:26:49,72,Talking,0.0,0.6,0.0,0.0,0.0,0.0
2026-07-27 17:26:52,73,No Laptop,0.0,0.6,0.0,0.0,0.0,0.0
2026-07-27 17:26:53,74,Talking,0.0,0.5,0.0,0.0,0.0,0.0
2026-07-27 17:26:54,75,No Laptop,0.0,0.7,0.0,0.0,0.0,0.0
2026-07-27 17:26:55,64,No Laptop,0.0,74.9,0.0,63.3,0.0,0.0
2026-07-27 17:26:55,74,No Laptop,0.0,0.5,0.0,1.8,0.0,0.0
2026-07-27 17:26:56,76,No Laptop,0.0,0.6,0.0,0.0,0.0,0.0
2026-07-27 17:26:59,64,Talking,0.0,78.8,0.0,63.3,0.0,0.0
2026-07-27 17:27:00,77,Talking,0.0,0.7,0.0,0.0,0.0,0.0
2026-07-27 17:27:01,78,Talking,0.0,0.6,0.0,0.0,0.0,0.0
2026-07-27 17:27:01,79,Talking,0.0,0.6,0.0,0.0,0.0,0.0
2026-07-27 17:27:03,80,No Laptop,0.0,0.5,0.0,0.0,0.0,0.0
2026-07-27 17:27:03,81,No Laptop,0.0,0.6,0.0,0.0,0.0,0.0
2026-07-27 17:27:04,82,Talking,0.0,0.7,0.0,0.0,0.0,0.0
2026-07-27 17:27:05,77,No Laptop,0.0,0.7,0.0,4.9,0.0,0.0
2026-07-27 17:27:05,82,No Laptop,0.0,0.7,0.0,0.7,0.0,0.0
2026-07-27 17:27:08,77,Talking,0.0,4.2,0.0,4.9,0.0,0.0
2026-07-27 17:27:08,81,Talking,0.0,5.4,0.0,0.0,0.0,0.0
2026-07-27 17:27:09,82,Talking,0.0,4.7,0.0,0.7,0.0,0.0
2026-07-27 17:27:11,83,No Laptop,0.0,0.6,0.0,0.0,0.0,0.0
2026-07-27 17:27:12,84,Talking,0.0,0.8,0.0,0.0,0.0,0.0
2026-07-27 17:27:13,85,No Laptop,0.0,0.7,0.0,0.0,0.0,0.0
2026-07-27 17:27:15,84,No Laptop,0.0,0.8,0.0,3.2,0.0,0.0
2026-07-27 17:27:16,84,Talking,0.0,2.0,0.0,3.2,0.0,0.0
2026-07-27 17:27:18,85,Talking,0.0,5.1,0.0,0.0,0.0,0.0
2026-07-27 17:27:24,77,No Laptop,0.0,4.2,0.0,21.0,0.0,0.0
2026-07-27 17:27:25,86,No Laptop,0.0,0.6,0.0,0.0,0.0,0.0
2026-07-27 17:27:25,87,No Laptop,0.0,0.6,0.0,0.0,0.0,0.0
2026-07-27 17:27:26,88,No Laptop,0.0,0.7,0.0,0.0,0.0,0.0
2026-07-27 17:27:27,89,No Laptop,0.0,0.6,0.0,0.0,0.0,0.0
2026-07-27 17:27:27,90,No Laptop,0.0,0.6,0.0,0.0,0.0,0.0
2026-07-27 17:27:28,91,No Laptop,0.0,0.7,0.0,0.0,0.0,0.0
2026-07-27 17:27:29,92,No Laptop,0.0,0.7,0.0,0.0,0.0,0.0
2026-07-27 17:27:30,77,Talking,0.0,9.7,0.0,21.0,0.0,0.0
2026-07-27 17:27:30,86,Talking,0.0,5.5,0.0,0.0,0.0,0.0
2026-07-27 17:27:33,91,Talking,0.0,5.7,0.0,0.0,0.0,0.0
2026-07-27 17:27:33,93,No Laptop,0.0,0.6,0.0,0.0,0.0,0.0
2026-07-27 17:27:35,94,No Laptop,0.0,0.6,0.0,0.0,0.0,0.0
2026-07-27 17:27:35,95,No Laptop,0.0,0.6,0.0,0.0,0.0,0.0
2026-07-27 17:27:40,96,No Laptop,0.0,0.7,0.0,0.0,0.0,0.0
2026-07-27 17:27:42,97,No Laptop,0.0,0.6,0.0,0.0,0.0,0.0
2026-07-27 17:27:42,98,No Laptop,0.0,0.6,0.0,0.0,0.0,0.0
2026-07-27 17:27:44,99,No Laptop,0.0,0.6,0.0,0.0,0.0,0.0
2026-07-27 17:27:45,100,No Laptop,0.0,0.7,0.0,0.0,0.0,0.0
2026-07-27 17:27:45,101,No Laptop,0.0,0.7,0.0,0.0,0.0,0.0
2026-07-27 17:27:46,102,No Laptop,0.0,0.6,0.0,0.0,0.0,0.0
2026-07-27 17:27:46,103,No Laptop,0.0,0.6,0.0,0.0,0.0,0.0
2026-07-27 17:27:49,99,Talking,0.0,5.5,0.0,0.0,0.0,0.0
2026-07-27 17:27:52,104,No Laptop,0.0,0.6,0.0,0.0,0.0,0.0
2026-07-27 17:27:56,104,Talking,0.0,5.4,0.0,0.0,0.0,0.0
2026-07-27 17:27:58,105,No Laptop,0.0,0.6,0.0,0.0,0.0,0.0
2026-07-27 17:27:59,106,No Laptop,0.0,0.6,0.0,0.0,0.0,0.0
2026-07-27 17:28:00,107,No Laptop,0.0,0.6,0.0,0.0,0.0,0.0
2026-07-27 17:28:02,108,No Laptop,0.0,0.6,0.0,0.0,0.0,0.0
2026-07-27 17:28:03,105,Talking,0.0,5.5,0.0,0.0,0.0,0.0
2026-07-27 17:28:03,109,No Laptop,0.0,0.6,0.0,0.0,0.0,0.0
2026-07-27 17:28:05,110,No Laptop,0.0,0.7,0.0,0.0,0.0,0.0
2026-07-27 17:28:06,111,No Laptop,0.0,0.7,0.0,0.0,0.0,0.0
2026-07-27 17:28:07,112,No Laptop,0.0,0.6,0.0,0.0,0.0,0.0
2026-07-27 17:28:08,113,No Laptop,0.0,0.7,0.0,0.0,0.0,0.0
2026-07-27 17:28:09,114,No Laptop,0.0,0.6,0.0,0.0,0.0,0.0
2026-07-27 17:28:09,115,No Laptop,0.0,0.6,0.0,0.0,0.0,0.0
2026-07-27 17:28:09,110,Talking,0.0,5.1,0.0,0.0,0.0,0.0
2026-07-27 17:28:10,116,No Laptop,0.0,0.7,0.0,0.0,0.0,0.0
2026-07-27 17:28:11,117,No Laptop,0.0,0.6,0.0,0.0,0.0,0.0
2026-07-27 17:28:12,118,No Laptop,0.0,0.7,0.0,0.0,0.0,0.0
2026-07-27 17:28:13,119,No Laptop,0.0,0.6,0.0,0.0,0.0,0.0
2026-07-27 17:28:15,120,No Laptop,0.0,0.7,0.0,0.0,0.0,0.0
2026-07-27 17:28:17,121,No Laptop,0.0,0.7,0.0,0.0,0.0,0.0
2026-07-27 17:28:19,122,No Laptop,0.0,0.6,0.0,0.0,0.0,0.0
2026-07-27 17:28:19,123,No Laptop,0.0,0.6,0.0,0.0,0.0,0.0
2026-07-27 17:28:21,124,No Laptop,0.0,0.5,0.0,0.0,0.0,0.0
2026-07-27 17:28:22,125,No Laptop,0.0,0.5,0.0,0.0,0.0,0.0
2026-07-27 17:28:23,77,No Laptop,0.0,9.7,0.0,74.3,0.0,0.0
2026-07-27 17:28:24,126,No Laptop,0.0,0.5,0.0,0.0,0.0,0.0
2026-07-27 17:28:25,127,No Laptop,0.0,0.9,0.0,0.0,0.0,0.0
2026-07-27 17:28:25,128,No Laptop,0.0,0.9,0.0,0.0,0.0,0.0
2026-07-27 17:28:26,77,Talking,0.0,12.6,0.0,74.3,0.0,0.0
2026-07-27 17:28:26,122,Talking,0.0,7.9,0.0,0.0,0.0,0.0
2026-07-27 17:28:29,127,Talking,0.0,5.3,0.0,0.0,0.0,0.0
2026-07-27 17:28:29,129,No Laptop,0.0,0.5,0.0,0.0,0.0,0.0
2026-07-27 17:28:33,130,No Laptop,0.0,0.5,0.0,0.0,0.0,0.0
2026-07-27 17:28:35,131,No Laptop,0.0,0.6,0.0,0.0,0.0,0.0
2026-07-27 17:28:36,77,No Laptop,0.0,12.6,0.0,84.5,0.0,0.0
2026-07-27 17:28:37,132,No Laptop,0.0,0.5,0.0,0.0,0.0,0.0
2026-07-27 17:28:38,133,No Laptop,0.0,0.5,0.0,0.0,0.0,0.0
2026-07-27 17:28:38,77,Talking,0.0,14.7,0.0,84.5,0.0,0.0
2026-07-27 17:28:38,130,Talking,0.0,5.4,0.0,0.0,0.0,0.0
2026-07-27 17:28:38,134,No Laptop,0.0,0.6,0.0,0.0,0.0,0.0
2026-07-27 17:28:38,135,No Laptop,0.0,0.6,0.0,0.0,0.0,0.0
2026-07-27 17:28:41,136,No Laptop,0.0,0.6,0.0,0.0,0.0,0.0
2026-07-27 17:28:41,137,No Laptop,0.0,0.6,0.0,0.0,0.0,0.0
2026-07-27 17:28:42,77,No Laptop,0.0,14.7,0.0,88.3,0.0,0.0
2026-07-27 17:28:44,133,Talking,0.0,6.7,0.0,0.0,0.0,0.0
2026-07-27 17:28:44,134,Talking,0.0,6.2,0.0,0.0,0.0,0.0
2026-07-27 17:28:45,77,Talking,0.0,17.8,0.0,88.3,0.0,0.0
2026-07-27 17:28:45,136,Talking,0.0,5.0,0.0,0.0,0.0,0.0
2026-07-27 17:28:45,137,Talking,0.0,5.0,0.0,0.0,0.0,0.0
2026-07-27 17:28:46,133,No Laptop,0.0,6.7,0.0,2.4,0.0,0.0
2026-07-27 17:28:54,138,No Laptop,0.0,1.0,0.0,0.0,0.0,0.0
2026-07-27 17:28:55,139,No Laptop,0.0,0.5,0.0,0.0,0.0,0.0
2026-07-28 11:53:15,0,No Laptop,0.0,0.3,0.0,0.0,0.0,0.0
2026-07-28 11:53:18,1,No Laptop,0.0,0.2,0.0,0.0,0.0,0.0
2026-07-28 11:53:19,2,No Laptop,0.0,0.2,0.0,0.0,0.0,0.0
2026-07-28 11:53:21,3,No Laptop,0.0,0.2,0.0,0.0,0.0,0.0
2026-07-28 11:53:22,4,No Laptop,0.0,0.4,0.0,0.0,0.0,0.0
2026-07-28 11:53:23,5,No Laptop,0.0,0.2,0.0,0.0,0.0,0.0
2026-07-28 11:53:25,6,Working,0.0,0.2,0.0,0.0,0.0,0.0
2026-07-28 11:53:25,7,Working,0.0,0.2,0.0,0.0,0.0,0.0
2026-07-28 11:53:25,7,Looking Away,0.2,0.2,0.0,0.0,49.8,49.8
2026-07-28 11:53:25,9,Looking Away,0.0,0.2,0.0,0.0,0.0,0.0
2026-07-28 11:53:25,7,Working,0.2,0.5,0.0,0.0,30.7,30.7
2026-07-28 11:53:25,8,Looking Away,0.5,0.0,0.0,0.0,100.0,100.0
2026-07-28 11:53:26,8,Working,0.5,0.2,0.0,0.0,69.0,69.0
2026-07-28 11:53:26,10,Looking Away,0.0,0.2,0.0,0.0,0.0,0.0
2026-07-28 11:53:26,8,Looking Away,0.7,0.2,0.0,0.0,76.5,76.5
2026-07-28 11:53:28,11,No Laptop,0.0,0.2,0.0,0.0,0.0,0.0
2026-07-28 11:53:29,6,No Laptop,4.1,0.2,0.0,0.0,95.0,95.0
2026-07-28 11:53:29,7,No Laptop,3.9,0.5,0.0,0.0,88.7,88.7
2026-07-28 11:53:29,8,No Laptop,0.7,3.4,0.0,0.0,17.3,17.3
2026-07-28 11:53:29,10,No Laptop,0.0,3.6,0.0,0.0,0.0,0.0
2026-07-28 11:53:30,6,Working,4.1,0.7,0.0,0.0,85.0,85.0
2026-07-28 11:53:30,7,Working,3.9,1.0,0.0,0.0,79.4,79.4
2026-07-28 11:53:30,8,Looking Away,0.7,3.9,0.0,0.0,15.4,15.4
2026-07-28 11:53:30,10,Looking Away,0.0,4.1,0.0,0.0,0.0,0.0
2026-07-28 11:53:31,7,Looking Away,5.6,1.0,0.0,0.0,84.9,84.9
2026-07-28 11:53:32,6,Using Phone,6.1,0.7,0.0,0.0,89.3,89.3
2026-07-28 11:53:32,7,Working,5.6,1.2,0.0,0.0,82.3,82.3
2026-07-28 11:53:32,6,Working,6.1,0.7,0.2,0.0,86.8,86.8
2026-07-28 11:53:34,11,No Laptop,0.0,0.2,0.0,0.0,0.0,0.0
2026-07-28 11:53:35,12,No Laptop,0.0,0.3,0.0,0.0,0.0,0.0
2026-07-28 11:53:36,13,No Laptop,0.0,0.2,0.0,0.0,0.0,0.0
2026-07-28 11:53:37,14,No Laptop,0.0,0.2,0.0,0.0,0.0,0.0
2026-07-28 11:53:38,15,No Laptop,0.0,0.2,0.0,0.0,0.0,0.0
2026-07-28 11:53:40,16,No Laptop,0.0,0.2,0.0,0.0,0.0,0.0
2026-07-28 12:23:29,0,No Laptop,0.0,0.8,0.0,0.0,0.0,0.0
2026-07-28 12:59:58,0,No Laptop,0.0,0.8,0.0,0.0,0.0,0.0
2026-07-28 16:09:56,0,Talking,0.0,247.1,0.0,0.0,0.0,0.0
2026-07-28 16:09:56,1,Talking,0.0,247.1,0.0,0.0,0.0,0.0
2026-07-28 16:09:56,2,No Laptop,0.0,247.1,0.0,0.0,0.0,0.0
2026-07-28 16:09:56,3,Talking,0.0,247.1,0.0,0.0,0.0,0.0
2026-07-28 16:09:56,4,Talking,0.0,247.1,0.0,0.0,0.0,0.0
2026-07-28 16:09:57,5,No Laptop,0.0,0.9,0.0,0.0,0.0,0.0
2026-07-28 16:10:00,6,No Laptop,0.0,0.5,0.0,0.0,0.0,0.0
2026-07-28 16:10:01,0,No Laptop,0.0,247.1,0.0,4.5,0.0,0.0
2026-07-28 16:10:01,1,Working,0.0,247.1,0.0,4.5,0.0,0.0
2026-07-28 16:10:01,3,Looking Away,0.0,247.1,0.0,4.5,0.0,0.0
2026-07-28 16:10:01,5,Looking Away,0.0,4.5,0.0,0.0,0.0,0.0
2026-07-28 16:10:02,3,Talking,0.0,247.8,0.0,4.5,0.0,0.0
2026-07-28 16:10:02,5,Talking,0.0,5.3,0.0,0.0,0.0,0.0
2026-07-28 16:10:05,0,Talking,0.0,251.1,0.0,4.5,0.0,0.0
2026-07-28 16:10:05,1,Talking,4.0,247.1,0.0,4.5,1.6,1.6
2026-07-28 16:10:05,7,No Laptop,0.0,0.6,0.0,0.0,0.0,0.0
2026-07-28 16:10:10,2,Talking,0.0,260.6,0.0,0.0,0.0,0.0
2026-07-28 16:10:10,7,Talking,0.0,5.6,0.0,0.0,0.0,0.0
2026-07-28 16:10:11,2,No Laptop,0.0,260.6,0.0,0.7,0.0,0.0
2026-07-28 16:10:12,0,No Laptop,0.0,251.1,0.0,11.4,0.0,0.0
2026-07-28 16:10:12,1,Working,4.0,247.1,0.0,11.4,1.5,1.5
2026-07-28 16:10:12,8,No Laptop,0.0,0.5,0.0,0.0,0.0,0.0
2026-07-28 16:10:12,0,Talking,0.0,251.8,0.0,11.4,0.0,0.0
2026-07-28 16:10:12,1,Talking,4.7,247.1,0.0,11.4,1.8,1.8
2026-07-28 16:10:13,0,No Laptop,0.0,251.8,0.0,12.1,0.0,0.0
2026-07-28 16:10:13,1,Working,4.7,247.1,0.0,12.1,1.8,1.8
2026-07-28 16:10:17,0,Talking,0.0,255.1,0.0,12.1,0.0,0.0
2026-07-28 16:10:17,1,Talking,8.1,247.1,0.0,12.1,3.0,3.0
2026-07-28 16:10:17,9,No Laptop,0.0,1.1,0.0,0.0,0.0,0.0
2026-07-28 16:10:19,0,No Laptop,0.0,255.1,0.0,14.7,0.0,0.0
2026-07-28 16:10:19,1,Working,8.1,247.1,0.0,14.7,3.0,3.0
2026-07-28 16:10:20,0,Talking,0.0,256.5,0.0,14.7,0.0,0.0
2026-07-28 16:10:20,1,Talking,9.5,247.1,0.0,14.7,3.5,3.5
2026-07-28 16:10:22,0,No Laptop,0.0,256.5,0.0,15.8,0.0,0.0
2026-07-28 16:10:22,1,Working,9.5,247.1,0.0,15.8,3.5,3.5
2026-07-28 16:10:23,0,Talking,0.0,257.4,0.0,15.8,0.0,0.0
2026-07-28 16:10:23,1,Talking,10.4,247.1,0.0,15.8,3.8,3.8
2026-07-28 16:10:24,0,No Laptop,0.0,257.4,0.0,17.1,0.0,0.0
2026-07-28 16:10:24,1,Working,10.4,247.1,0.0,17.1,3.8,3.8
2026-07-28 16:10:25,10,No Laptop,0.0,0.9,0.0,0.0,0.0,0.0
2026-07-28 16:10:28,10,Looking Away,0.0,3.6,0.0,0.0,0.0,0.0
2026-07-28 16:10:30,5,Looking Away,0.0,5.3,0.0,28.5,0.0,0.0
2026-07-28 16:10:30,11,Looking Away,0.0,1.0,0.0,0.0,0.0,0.0
2026-07-28 16:10:30,12,No Laptop,0.0,1.0,0.0,0.0,0.0,0.0
2026-07-28 16:10:31,11,No Laptop,0.0,1.7,0.0,0.0,0.0,0.0
2026-07-28 16:10:31,13,Looking Away,0.0,0.8,0.0,0.0,0.0,0.0
2026-07-28 16:10:31,14,No Laptop,0.0,0.8,0.0,0.0,0.0,0.0
2026-07-28 16:10:31,11,Working,0.0,2.4,0.0,0.0,0.0,0.0
2026-07-28 16:10:32,11,Looking Away,0.5,2.4,0.0,0.0,17.0,17.0
2026-07-28 16:10:33,11,Working,0.5,3.7,0.0,0.0,11.5,11.5
2026-07-28 16:10:34,11,Looking Away,1.2,3.7,0.0,0.0,23.9,23.9
2026-07-28 16:10:34,15,No Laptop,0.0,0.7,0.0,0.0,0.0,0.0
2026-07-28 16:10:35,11,Talking,1.2,4.4,0.0,0.0,20.8,20.8
2026-07-28 16:10:35,12,Talking,0.0,5.6,0.0,0.0,0.0,0.0
2026-07-28 16:10:35,5,Talking,0.0,10.6,0.0,28.5,0.0,0.0
2026-07-28 16:10:35,13,Talking,0.0,5.3,0.0,0.0,0.0,0.0
2026-07-28 16:10:37,16,No Laptop,0.0,0.5,0.0,0.0,0.0,0.0
2026-07-28 16:10:38,11,Working,1.2,4.4,0.0,3.7,12.6,12.6
2026-07-28 16:10:38,12,No Laptop,0.0,5.6,0.0,3.7,0.0,0.0
2026-07-28 16:10:39,11,Talking,2.2,4.4,0.0,3.7,21.0,21.0
2026-07-28 16:10:39,12,Talking,0.0,6.6,0.0,3.7,0.0,0.0
2026-07-28 16:10:41,16,Talking,0.0,5.1,0.0,0.0,0.0,0.0
2026-07-28 16:10:43,11,Working,2.2,4.4,0.0,7.0,15.9,15.9
2026-07-28 16:10:43,12,No Laptop,0.0,6.6,0.0,7.0,0.0,0.0
2026-07-28 16:10:44,11,Talking,3.3,4.4,0.0,7.0,22.4,22.4
2026-07-28 16:10:44,12,Talking,0.0,7.7,0.0,7.0,0.0,0.0
2026-07-28 16:10:44,17,Looking Away,0.7,0.0,0.0,0.0,100.0,100.0
2026-07-28 16:10:46,17,Working,0.7,1.4,0.0,0.0,31.9,31.9
2026-07-28 16:10:48,5,Looking Away,0.0,10.6,0.0,40.7,0.0,0.0
2026-07-28 16:10:48,13,Working,0.0,5.3,0.0,12.2,0.0,0.0
2026-07-28 16:10:49,5,Talking,0.0,11.8,0.0,40.7,0.0,0.0
2026-07-28 16:10:49,13,Talking,1.2,5.3,0.0,12.2,6.3,6.3
2026-07-28 16:10:50,17,Talking,4.7,1.4,0.0,0.0,76.9,76.9
2026-07-28 16:10:56,2,Talking,0.0,305.8,0.0,0.7,0.0,0.0
2026-07-28 16:10:57,19,Looking Away,3.8,0.0,0.0,0.0,100.0,100.0
2026-07-28 16:10:59,11,Working,3.3,4.4,0.0,21.9,11.1,11.1
2026-07-28 16:10:59,19,No Laptop,3.8,1.4,0.0,0.0,73.6,73.6
2026-07-28 16:11:01,11,Talking,5.1,4.4,0.0,21.9,16.1,16.1
2026-07-28 16:11:02,19,Talking,3.8,5.0,0.0,0.0,42.9,42.9
2026-07-28 16:11:03,11,Working,5.1,4.4,0.0,24.3,14.9,14.9
2026-07-28 16:11:04,11,Talking,5.6,4.4,0.0,24.3,16.3,16.3
2026-07-28 16:11:06,2,No Laptop,0.0,305.8,0.0,11.2,0.0,0.0
2026-07-28 16:11:06,5,Working,0.0,11.8,0.0,58.2,0.0,0.0
2026-07-28 16:11:07,5,Talking,0.6,11.8,0.0,58.2,0.9,0.9
2026-07-28 16:11:11,20,No Laptop,0.0,0.6,0.0,0.0,0.0,0.0
2026-07-28 16:11:15,20,Talking,0.0,5.2,0.0,0.0,0.0,0.0
2026-07-30 10:28:47,0,No Laptop,0.0,0.6,0.0,0.0,0.0,0.0
2026-07-30 10:28:47,1,No Laptop,0.0,0.6,0.0,0.0,0.0,0.0
2026-07-30 10:28:49,0,Looking Away,0.0,3.0,0.0,0.0,0.0,0.0
2026-07-30 10:28:49,1,Looking Away,0.0,3.0,0.0,0.0,0.0,0.0
2026-07-30 10:28:51,0,Talking,0.0,5.3,0.0,0.0,0.0,0.0
2026-07-30 10:28:51,1,Talking,0.0,5.3,0.0,0.0,0.0,0.0
2026-07-30 10:28:52,0,Looking Away,0.0,5.3,0.0,1.0,0.0,0.0
2026-07-30 10:28:58,2,Looking Away,0.0,0.4,0.0,0.0,0.0,0.0
2026-07-30 10:29:00,3,Looking Away,0.0,0.3,0.0,0.0,0.0,0.0
2026-07-30 10:29:23,4,Looking Away,16.7,0.0,0.0,0.0,100.0,100.0
2026-07-30 10:29:24,0,Working,0.0,37.0,0.0,1.0,0.0,0.0
2026-07-30 10:29:26,4,Working,16.7,3.0,0.0,0.0,84.7,84.7
2026-07-30 11:47:37,0,No Laptop,0.0,0.4,0.0,0.0,0.0,0.0
2026-07-30 11:47:37,1,No Laptop,0.0,0.4,0.0,0.0,0.0,0.0
2026-07-30 11:47:37,2,No Laptop,0.0,0.4,0.0,0.0,0.0,0.0
2026-07-30 11:47:37,3,No Laptop,0.0,0.4,0.0,0.0,0.0,0.0
2026-07-30 11:47:37,4,No Laptop,0.0,0.4,0.0,0.0,0.0,0.0
2026-07-30 11:47:39,1,Working,0.0,2.6,0.0,0.0,0.0,0.0
2026-07-30 11:47:39,3,Looking Away,0.0,2.6,0.0,0.0,0.0,0.0
2026-07-30 14:23:43,0,Talking,0.0,198.2,0.0,0.0,0.0,0.0
2026-07-30 14:23:43,1,Talking,0.0,198.2,0.0,0.0,0.0,0.0
2026-07-30 14:23:43,2,Talking,0.0,198.2,0.0,0.0,0.0,0.0
2026-07-30 14:23:43,3,Talking,0.0,198.2,0.0,0.0,0.0,0.0
2026-07-30 14:23:46,1,No Laptop,0.0,198.2,0.0,2.4,0.0,0.0
2026-07-30 14:23:46,2,No Laptop,0.0,198.2,0.0,2.4,0.0,0.0
2026-07-30 14:23:46,4,No Laptop,0.0,0.6,0.0,0.0,0.0,0.0
2026-07-30 14:23:52,1,Talking,0.0,204.6,0.0,2.4,0.0,0.0
2026-07-30 14:23:52,2,Talking,0.0,204.6,0.0,2.4,0.0,0.0
2026-07-30 14:23:56,1,No Laptop,0.0,204.6,0.0,6.6,0.0,0.0
2026-07-30 14:23:56,2,No Laptop,0.0,204.6,0.0,6.6,0.0,0.0
2026-07-30 14:23:59,3,No Laptop,0.0,0.4,0.0,0.0,0.0,0.0
2026-07-30 14:24:01,4,No Laptop,0.0,0.5,0.0,0.0,0.0,0.0
2026-07-30 14:24:01,3,Looking Away,0.0,2.3,0.0,0.0,0.0,0.0
2026-07-30 14:24:02,5,No Laptop,0.0,0.4,0.0,0.0,0.0,0.0
2026-07-30 14:24:07,6,No Laptop,0.0,0.4,0.0,0.0,0.0,0.0
2026-07-30 14:24:08,7,Looking Away,0.0,0.5,0.0,0.0,0.0,0.0
2026-07-30 14:24:12,4,Talking,0.0,11.7,0.0,0.0,0.0,0.0
2026-07-30 14:24:12,6,Talking,0.0,5.1,0.0,0.0,0.0,0.0
2026-07-30 14:24:12,3,Talking,0.0,13.3,0.0,0.0,0.0,0.0
2026-07-30 14:24:12,7,Talking,0.0,5.2,0.0,0.0,0.0,0.0
2026-07-30 14:24:16,3,Looking Away,0.0,13.3,0.0,3.5,0.0,0.0
2026-07-30 14:24:17,4,Working,0.0,11.7,0.0,5.3,0.0,0.0
2026-07-30 14:24:17,6,No Laptop,0.0,5.1,0.0,5.3,0.0,0.0
2026-07-30 14:24:18,4,Talking,0.5,11.7,0.0,5.3,3.1,3.1
2026-07-30 14:24:18,6,Talking,0.0,5.6,0.0,5.3,0.0,0.0
2026-07-30 14:24:26,4,Working,0.5,11.7,0.0,13.2,2.1,2.1
2026-07-30 14:24:26,6,No Laptop,0.0,5.6,0.0,13.2,0.0,0.0
2026-07-30 14:24:28,4,Talking,3.3,11.7,0.0,13.2,11.6,11.6
2026-07-30 14:24:28,6,Talking,0.0,8.3,0.0,13.2,0.0,0.0
2026-07-30 14:24:30,4,No Laptop,3.3,11.7,0.0,14.7,11.0,11.0
2026-07-30 14:24:30,6,Working,0.0,8.3,0.0,14.7,0.0,0.0
2026-07-30 14:24:33,3,Talking,0.0,30.6,0.0,3.5,0.0,0.0
2026-07-30 14:24:33,7,Talking,1.4,0.0,0.0,0.0,100.0,100.0
2026-07-30 14:24:34,8,No Laptop,0.0,0.5,0.0,0.0,0.0,0.0
2026-07-30 14:24:34,7,No Laptop,1.4,0.0,0.0,1.0,57.5,57.5
2026-07-30 14:24:47,7,Looking Away,1.4,12.4,0.0,1.0,9.3,9.3
2026-07-30 14:24:47,8,Working,0.0,13.8,0.0,0.0,0.0,0.0
2026-07-30 14:24:47,8,No Laptop,0.5,13.8,0.0,0.0,3.3,3.3
2026-07-30 14:24:49,8,Looking Away,0.5,15.1,0.0,0.0,3.0,3.0
2026-07-30 14:24:51,9,No Laptop,0.0,0.5,0.0,0.0,0.0,0.0
2026-07-30 14:24:52,10,Looking Away,0.0,0.6,0.0,0.0,0.0,0.0
2026-07-30 14:24:52,7,No Laptop,1.4,18.3,0.0,1.0,6.6,6.6
2026-07-30 14:24:52,10,No Laptop,0.0,1.1,0.0,0.0,0.0,0.0
2026-07-30 14:24:57,7,Talking,1.4,22.4,0.0,1.0,5.5,5.5
2026-07-30 14:24:57,9,Talking,0.0,5.8,0.0,0.0,0.0,0.0
2026-07-30 14:24:57,10,Talking,0.0,5.3,0.0,0.0,0.0,0.0
2026-07-30 14:24:59,9,No Laptop,0.0,5.8,0.0,2.0,0.0,0.0
2026-07-30 14:24:59,11,No Laptop,0.0,0.8,0.0,0.0,0.0,0.0
2026-07-30 14:25:02,12,Working,0.0,0.4,0.0,0.0,0.0,0.0
2026-07-30 14:25:03,13,No Laptop,0.0,0.7,0.0,0.0,0.0,0.0
2026-07-30 14:25:03,14,No Laptop,0.0,0.7,0.0,0.0,0.0,0.0
2026-07-30 14:25:04,15,No Laptop,0.0,0.4,0.0,0.0,0.0,0.0
2026-07-30 14:25:07,16,No Laptop,0.0,0.5,0.0,0.0,0.0,0.0
2026-07-30 14:25:07,17,No Laptop,0.0,0.5,0.0,0.0,0.0,0.0
2026-07-30 14:25:07,18,No Laptop,0.0,0.7,0.0,0.0,0.0,0.0
2026-07-30 14:25:09,15,Looking Away,0.0,6.2,0.0,0.0,0.0,0.0
2026-07-30 14:25:09,16,Looking Away,0.0,3.4,0.0,0.0,0.0,0.0
2026-07-30 14:25:09,17,Looking Away,0.0,3.4,0.0,0.0,0.0,0.0
2026-07-30 14:25:11,16,Working,0.0,4.4,0.0,0.0,0.0,0.0
2026-07-30 14:25:11,15,Talking,0.0,7.8,0.0,0.0,0.0,0.0
2026-07-30 14:25:11,17,Talking,0.0,5.0,0.0,0.0,0.0,0.0
2026-07-30 14:25:12,15,Working,0.0,7.8,0.0,0.8,0.0,0.0
2026-07-30 14:25:12,17,Looking Away,0.0,5.0,0.0,0.8,0.0,0.0
2026-07-30 14:25:13,15,Talking,1.2,7.8,0.0,0.8,12.5,12.5
2026-07-30 14:25:13,17,Talking,0.0,6.3,0.0,0.8,0.0,0.0
2026-07-30 14:25:14,16,Talking,3.3,4.4,0.0,0.0,42.8,42.8
2026-07-30 14:25:17,16,No Laptop,3.3,4.4,0.0,2.9,31.1,31.1
2026-07-30 14:25:24,16,Talking,3.3,11.3,0.0,2.9,18.9,18.9
2026-07-30 14:25:24,18,No Laptop,0.0,0.5,0.0,0.0,0.0,0.0
2026-07-30 14:25:39,19,No Laptop,0.0,0.4,0.0,0.0,0.0,0.0
2026-07-30 14:25:39,20,No Laptop,0.0,0.4,0.0,0.0,0.0,0.0
2026-07-30 14:25:44,18,Talking,0.0,20.0,0.0,0.0,0.0,0.0
2026-07-30 14:25:44,19,Talking,0.0,5.0,0.0,0.0,0.0,0.0
2026-07-30 14:25:44,20,Talking,0.0,5.1,0.0,0.0,0.0,0.0
2026-07-30 14:30:21,0,Looking Away,0.0,4.7,0.0,0.0,0.0,0.0
2026-07-30 14:30:21,1,No Laptop,0.0,4.7,0.0,0.0,0.0,0.0
2026-07-30 14:30:21,2,No Laptop,0.0,4.7,0.0,0.0,0.0,0.0
2026-07-30 14:30:21,3,Looking Away,0.0,4.7,0.0,0.0,0.0,0.0
2026-07-30 14:30:21,4,Looking Away,0.0,4.7,0.0,0.0,0.0,0.0
2026-07-30 14:30:21,5,Looking Away,0.0,4.7,0.0,0.0,0.0,0.0
2026-07-30 14:30:22,0,Talking,0.0,5.6,0.0,0.0,0.0,0.0
2026-07-30 14:30:22,3,Talking,0.0,5.6,0.0,0.0,0.0,0.0
2026-07-30 14:30:22,4,Talking,0.0,5.6,0.0,0.0,0.0,0.0
2026-07-30 14:30:22,5,Talking,0.0,5.6,0.0,0.0,0.0,0.0
2026-07-30 14:30:24,6,Looking Away,0.0,0.5,0.0,0.0,0.0,0.0
2026-07-30 14:30:24,4,No Laptop,0.0,5.6,0.0,2.0,0.0,0.0
2026-07-30 14:30:25,0,Looking Away,0.0,5.6,0.0,2.5,0.0,0.0
2026-07-30 14:30:25,5,Working,0.0,5.6,0.0,2.5,0.0,0.0
2026-07-30 14:30:26,0,Working,0.0,6.8,0.0,2.5,0.0,0.0
2026-07-30 14:30:27,7,Looking Away,0.0,0.9,0.0,0.0,0.0,0.0
2026-07-30 14:30:27,0,Looking Away,1.5,6.8,0.0,2.5,13.6,13.6
2026-07-30 14:30:28,0,Working,1.5,7.4,0.0,2.5,12.9,12.9
2026-07-30 14:30:28,8,No Laptop,0.0,0.6,0.0,0.0,0.0,0.0
2026-07-30 14:30:28,9,Looking Away,0.0,0.6,0.0,0.0,0.0,0.0
2026-07-30 14:30:29,0,Using Phone,2.7,7.4,0.0,2.5,21.5,21.5
2026-07-30 14:30:29,6,Talking,0.0,6.2,0.0,0.0,0.0,0.0
2026-07-30 14:30:33,10,No Laptop,0.0,0.5,0.0,0.0,0.0,0.0
2026-07-30 14:30:36,0,Working,2.7,7.4,6.5,2.5,14.3,14.3
2026-07-30 14:30:36,6,Looking Away,0.0,6.2,0.0,6.5,0.0,0.0
2026-07-30 14:30:36,11,No Laptop,0.0,0.5,0.0,0.0,0.0,0.0
2026-07-30 14:30:36,0,Talking,3.4,7.4,6.5,2.5,17.1,17.1
2026-07-30 14:30:36,5,Talking,11.6,5.6,0.0,2.5,58.8,58.8
2026-07-30 14:30:36,6,Talking,0.0,6.8,0.0,6.5,0.0,0.0
2026-07-30 14:30:37,0,Working,3.4,7.4,6.5,3.2,16.6,16.6
2026-07-30 14:30:38,5,Working,11.6,5.6,0.0,4.2,54.2,54.2
2026-07-30 14:30:38,6,Looking Away,0.0,6.8,0.0,8.1,0.0,0.0
2026-07-30 14:30:40,0,Talking,6.8,7.4,6.5,3.2,28.7,28.7
2026-07-30 14:30:40,5,Talking,14.1,5.6,0.0,4.2,58.9,58.9
2026-07-30 14:30:40,6,Talking,0.0,9.2,0.0,8.1,0.0,0.0
2026-07-30 14:30:41,0,Working,6.8,7.4,6.5,3.8,27.9,27.9
2026-07-30 14:30:41,5,Working,14.1,5.6,0.0,4.8,57.3,57.3
2026-07-30 14:30:41,6,Looking Away,0.0,9.2,0.0,8.8,0.0,0.0
2026-07-30 14:30:41,12,Looking Away,0.0,0.7,0.0,0.0,0.0,0.0
2026-07-30 14:30:42,14,Looking Away,0.0,0.6,0.0,0.0,0.0,0.0
2026-07-30 14:30:43,5,Talking,15.9,5.6,0.0,4.8,60.3,60.3
2026-07-30 14:30:43,6,Talking,0.0,11.1,0.0,8.8,0.0,0.0
2026-07-30 14:30:43,14,Working,0.0,1.2,0.0,0.0,0.0,0.0
2026-07-30 14:30:43,15,No Laptop,0.0,0.6,0.0,0.0,0.0,0.0
2026-07-30 14:30:44,6,Using Phone,0.0,11.1,0.0,9.5,0.0,0.0
2026-07-30 14:30:44,6,Talking,0.0,11.1,0.6,9.5,0.0,0.0
2026-07-30 14:30:46,5,Looking Away,15.9,5.6,0.0,8.0,54.0,54.0
2026-07-30 14:30:46,6,Working,0.0,11.1,0.6,11.3,0.0,0.0
2026-07-30 14:30:47,5,Talking,15.9,6.2,0.0,8.0,53.0,53.0
2026-07-30 14:30:47,6,Talking,0.6,11.1,0.6,11.3,2.4,2.4
2026-07-30 14:30:50,5,Working,15.9,6.2,0.0,11.7,47.1,47.1
2026-07-30 14:30:50,6,Looking Away,0.6,11.1,0.6,15.0,2.1,2.1
2026-07-30 14:30:50,13,Looking Away,10.0,0.0,0.0,0.0,100.0,100.0
2026-07-30 14:30:50,18,Looking Away,0.0,1.1,0.0,0.0,0.0,0.0
2026-07-30 14:30:51,0,Talking,17.3,7.4,6.5,3.8,49.4,49.4
2026-07-30 14:30:51,5,Talking,17.0,6.2,0.0,11.7,48.8,48.8
2026-07-30 14:30:51,6,Talking,0.6,12.2,0.6,15.0,2.0,2.0
2026-07-30 14:30:51,13,Working,10.0,1.1,0.0,0.0,90.0,90.0
2026-07-30 14:30:51,19,Looking Away,0.0,1.1,0.0,0.0,0.0,0.0
2026-07-30 14:30:52,0,Working,17.3,7.4,6.5,4.6,48.3,48.3
2026-07-30 14:30:53,6,Using Phone,0.6,12.2,0.6,16.4,1.9,1.9
2026-07-30 14:30:54,6,Talking,0.6,12.2,1.2,16.4,1.8,1.8
2026-07-30 14:30:55,5,Working,17.0,6.2,0.0,15.2,44.4,44.4
2026-07-30 14:30:55,6,Looking Away,0.6,12.2,1.2,17.9,1.8,1.8
2026-07-30 14:30:55,13,Looking Away,13.4,1.1,0.0,0.0,92.4,92.4
2026-07-30 14:30:56,6,Talking,0.6,13.6,1.2,17.9,1.7,1.7
2026-07-30 14:30:56,13,Talking,13.4,2.4,0.0,0.0,84.6,84.6
2026-07-30 14:30:56,20,Looking Away,0.0,1.3,0.0,0.0,0.0,0.0
2026-07-30 14:30:57,0,Talking,22.0,7.4,6.5,4.6,54.4,54.4
2026-07-30 14:30:57,20,No Laptop,0.0,2.1,0.0,0.0,0.0,0.0
2026-07-30 14:30:58,0,Looking Away,22.0,7.4,6.5,5.4,53.4,53.4
2026-07-30 14:30:58,6,Working,0.6,13.6,1.2,19.4,1.6,1.6
2026-07-30 14:30:58,13,Working,13.4,2.4,0.0,1.6,77.1,77.1
2026-07-30 14:30:58,20,Looking Away,0.0,2.9,0.0,0.0,0.0,0.0
2026-07-30 14:30:59,0,Working,22.0,8.3,6.5,5.4,52.2,52.2
2026-07-30 14:30:59,20,Working,0.0,3.8,0.0,0.0,0.0,0.0
2026-07-30 14:30:59,6,Looking Away,2.2,13.6,1.2,19.4,6.1,6.1
2026-07-30 14:30:59,20,Looking Away,0.7,3.8,0.0,0.0,16.5,16.5
2026-07-30 14:30:59,22,Looking Away,0.0,0.7,0.0,0.0,0.0,0.0
2026-07-30 14:31:01,20,Working,0.7,5.0,0.0,0.0,13.1,13.1
2026-07-30 14:31:01,21,Looking Away,1.9,0.0,0.0,0.0,100.0,100.0
2026-07-30 14:31:02,6,Working,2.2,15.8,1.2,19.4,5.7,5.7
2026-07-30 14:31:02,21,Working,1.9,1.1,0.0,0.0,64.3,64.3
2026-07-30 14:31:02,0,Talking,25.8,8.3,6.5,5.4,56.1,56.1
2026-07-30 14:31:02,6,Talking,3.0,15.8,1.2,19.4,7.6,7.6
2026-07-30 14:31:02,21,Looking Away,2.7,1.1,0.0,0.0,71.5,71.5
2026-07-30 14:31:04,0,Looking Away,25.8,8.3,6.5,6.7,54.6,54.6
2026-07-30 14:31:04,21,Working,2.7,2.3,0.0,0.0,53.3,53.3
2026-07-30 14:31:04,0,Working,25.8,9.0,6.5,6.7,53.7,53.7
2026-07-30 14:31:04,23,Looking Away,2.8,0.0,0.0,0.0,100.0,100.0
2026-07-30 14:31:04,24,Looking Away,0.0,0.7,0.0,0.0,0.0,0.0
2026-07-30 14:31:04,25,Working,0.0,0.7,0.0,0.0,0.0,0.0
2026-07-30 14:31:04,26,Looking Away,0.0,0.7,0.0,0.0,0.0,0.0
2026-07-30 14:31:06,0,Looking Away,27.1,9.0,6.5,6.7,55.0,55.0
2026-07-30 14:31:06,25,Using Phone,1.9,0.7,0.0,0.0,72.8,72.8
2026-07-30 14:31:07,25,Working,1.9,0.7,0.8,0.0,55.7,55.7
2026-07-30 14:31:08,0,Working,27.1,11.1,6.5,6.7,52.8,52.8
2026-07-30 14:31:08,25,Using Phone,2.5,0.7,0.8,0.0,62.3,62.3
2026-07-30 14:31:08,25,Looking Away,2.5,0.7,1.5,0.0,53.9,53.9
2026-07-30 14:31:09,24,Talking,0.0,5.3,0.0,0.0,0.0,0.0
2026-07-30 14:31:09,25,Talking,2.5,1.3,1.5,0.0,48.2,48.2
2026-07-30 14:31:10,0,Talking,29.1,11.1,6.5,6.7,54.6,54.6
2026-07-30 14:31:10,23,Talking,2.8,5.4,0.0,0.0,34.0,34.0
2026-07-30 14:31:11,21,Talking,10.2,2.3,0.0,0.0,81.3,81.3
2026-07-30 14:31:11,23,Working,2.8,5.4,0.0,1.4,28.9,28.9
2026-07-30 14:31:12,0,Looking Away,29.1,11.1,6.5,8.8,52.5,52.5
2026-07-30 14:31:12,21,Working,10.2,2.3,0.0,0.7,76.9,76.9
2026-07-30 14:31:12,27,Working,0.0,0.7,0.0,0.0,0.0,0.0
2026-07-30 14:31:13,27,Looking Away,1.5,0.7,0.0,0.0,67.5,67.5
2026-07-30 14:31:17,0,Talking,29.1,15.9,6.5,8.8,48.3,48.3
2026-07-30 14:31:17,27,Talking,1.5,4.1,0.0,0.0,26.7,26.7
2026-07-30 14:31:17,28,Looking Away,0.0,0.6,0.0,0.0,0.0,0.0
2026-07-30 14:31:17,23,Talking,9.0,5.4,0.0,1.4,57.0,57.0
2026-07-30 14:31:17,28,No Laptop,0.0,1.2,0.0,0.0,0.0,0.0
2026-07-30 14:31:18,0,Looking Away,29.1,15.9,6.5,10.3,47.2,47.2
2026-07-30 14:31:18,23,Working,9.0,5.4,0.0,2.2,54.3,54.3
2026-07-30 14:31:18,28,Working,0.0,2.0,0.0,0.0,0.0,0.0
2026-07-30 14:31:18,29,Working,0.0,0.8,0.0,0.0,0.0,0.0
2026-07-30 14:31:19,30,Looking Away,0.0,0.7,0.0,0.0,0.0,0.0
2026-07-30 14:31:20,0,Working,29.1,17.3,6.5,10.3,46.1,46.1
2026-07-30 14:31:21,29,Looking Away,2.4,0.8,0.0,0.0,75.2,75.2
2026-07-30 14:31:21,0,Looking Away,31.0,17.3,6.5,10.3,47.7,47.7
2026-07-30 14:31:23,31,Working,0.0,0.6,0.0,0.0,0.0,0.0
2026-07-30 14:31:23,32,Looking Away,0.0,0.4,0.0,0.0,0.0,0.0
2026-07-30 14:31:24,33,Looking Away,0.0,0.7,0.0,0.0,0.0,0.0
2026-07-30 14:31:25,23,No Laptop,16.0,5.4,0.0,2.2,67.9,67.9
2026-07-30 14:31:25,33,No Laptop,0.0,2.2,0.0,0.0,0.0,0.0
2026-07-30 14:31:26,23,Working,16.0,6.2,0.0,2.2,65.7,65.7
2026-07-30 14:31:26,33,Looking Away,0.0,3.0,0.0,0.0,0.0,0.0
2026-07-30 14:31:27,36,Working,0.0,0.7,0.0,0.0,0.0,0.0
2026-07-30 14:31:27,33,Working,0.0,4.3,0.0,0.0,0.0,0.0
2026-07-30 14:31:27,37,Looking Away,0.0,0.7,0.0,0.0,0.0,0.0
2026-07-30 14:31:28,35,Looking Away,2.0,0.0,0.0,0.0,100.0,100.0
2026-07-30 14:31:29,35,Working,2.0,1.1,0.0,0.0,64.5,64.5
2026-07-30 14:31:29,36,Looking Away,2.5,0.7,0.0,0.0,79.0,79.0
2026-07-30 14:31:30,35,Looking Away,2.7,1.1,0.0,0.0,70.5,70.5
2026-07-30 14:31:30,37,Working,0.0,3.1,0.0,0.0,0.0,0.0
2026-07-30 14:31:31,33,Talking,3.8,4.3,0.0,0.0,46.9,46.9
2026-07-30 14:31:31,35,Working,2.7,2.5,0.0,0.0,51.4,51.4
2026-07-30 14:31:31,36,Using Phone,2.5,2.7,0.0,0.0,47.8,47.8
2026-07-30 14:31:32,36,Talking,2.5,2.7,0.9,0.0,40.9,40.9
2026-07-30 14:31:32,37,Talking,2.3,3.1,0.0,0.0,42.4,42.4
2026-07-30 14:31:33,37,Working,2.3,3.1,0.0,0.8,36.9,36.9
2026-07-30 14:31:34,33,Working,3.8,4.3,0.0,2.3,36.4,36.4
2026-07-30 14:31:34,36,Looking Away,2.5,2.7,0.9,1.4,33.0,33.0
2026-07-30 14:31:34,33,Talking,4.5,4.3,0.0,2.3,40.4,40.4
2026-07-30 14:31:34,36,Talking,2.5,3.4,0.9,1.4,30.2,30.2
2026-07-30 14:31:34,37,Talking,3.6,3.1,0.0,0.8,48.0,48.0
2026-07-30 14:31:36,33,Working,4.5,4.3,0.0,4.5,33.8,33.8
2026-07-30 14:31:36,38,Looking Away,0.0,1.3,0.0,0.0,0.0,0.0
2026-07-30 14:31:36,39,Using Phone,0.0,1.3,0.0,0.0,0.0,0.0
2026-07-30 14:31:37,39,Looking Away,0.0,1.3,0.7,0.0,0.0,0.0
2026-07-30 14:31:39,39,Using Phone,0.0,2.7,0.7,0.0,0.0,0.0
2026-07-30 14:31:39,39,Looking Away,0.0,2.7,1.4,0.0,0.0,0.0
2026-07-30 14:31:40,40,No Laptop,0.0,0.6,0.0,0.0,0.0,0.0
2026-07-30 14:31:41,23,Looking Away,30.9,6.2,0.0,2.2,78.7,78.7
2026-07-30 14:31:41,35,Talking,12.3,2.5,0.0,0.0,83.0,83.0
2026-07-30 14:31:41,39,Talking,0.0,4.4,1.4,0.0,0.0,0.0
2026-07-30 14:31:42,35,Looking Away,12.3,2.5,0.0,0.7,79.2,79.2
2026-07-30 14:31:42,23,Talking,30.9,7.5,0.0,2.2,76.1,76.1
2026-07-30 14:31:42,33,Talking,10.3,4.3,0.0,4.5,53.9,53.9
2026-07-30 14:31:42,39,Using Phone,0.0,4.4,1.4,1.3,0.0,0.0
2026-07-30 14:31:43,42,Looking Away,0.7,0.0,0.0,0.0,100.0,100.0
2026-07-30 14:31:44,41,Looking Away,2.8,0.0,0.0,0.0,100.0,100.0
2026-07-30 14:31:44,42,Working,0.7,0.7,0.0,0.0,48.3,48.3
2026-07-30 14:31:44,23,Working,30.9,7.5,0.0,4.3,72.4,72.4
2026-07-30 14:31:44,42,Looking Away,1.4,0.7,0.0,0.0,65.2,65.2
2026-07-30 14:31:44,43,No Laptop,0.0,0.7,0.0,0.0,0.0,0.0
2026-07-30 14:31:46,41,Working,2.8,2.4,0.0,0.0,53.8,53.8
2026-07-30 14:31:47,41,Looking Away,3.4,2.4,0.0,0.0,58.8,58.8
2026-07-30 14:31:47,44,Using Phone,0.0,0.6,0.0,0.0,0.0,0.0
2026-07-30 14:31:47,45,Working,0.0,0.6,0.0,0.0,0.0,0.0
2026-07-30 14:31:47,44,Looking Away,0.0,0.6,0.8,0.0,0.0,0.0
2026-07-30 14:31:47,45,Looking Away,0.8,0.6,0.0,0.0,55.3,55.3
2026-07-30 14:31:48,41,Working,3.4,3.9,0.0,0.0,46.1,46.1
2026-07-30 14:31:48,42,Talking,1.4,4.6,0.0,0.0,23.0,23.0
2026-07-30 14:31:49,23,Talking,35.9,7.5,0.0,4.3,75.3,75.3
2026-07-30 14:31:49,45,No Laptop,0.8,2.6,0.0,0.0,22.8,22.8
2026-07-30 14:31:49,46,Using Phone,0.0,1.2,0.0,0.0,0.0,0.0
2026-07-30 14:31:51,42,Working,1.4,4.6,0.0,2.5,16.3,16.3
2026-07-30 14:31:51,47,Looking Away,0.0,1.3,0.0,0.0,0.0,0.0
2026-07-30 14:31:52,23,Working,35.9,7.5,0.0,6.6,71.9,71.9
2026-07-30 14:31:52,42,Talking,2.3,4.6,0.0,2.5,24.9,24.9
2026-07-30 14:31:52,46,Looking Away,0.0,1.2,2.3,0.0,0.0,0.0
2026-07-30 14:31:52,47,Working,0.0,2.3,0.0,0.0,0.0,0.0
2026-07-30 14:31:52,23,Talking,36.6,7.5,0.0,6.6,72.2,72.2
2026-07-30 14:31:53,23,Working,36.6,7.5,0.0,7.5,70.9,70.9
2026-07-30 14:31:53,41,Talking,8.4,3.9,0.0,0.0,68.2,68.2
2026-07-30 14:31:53,46,Talking,0.0,2.8,2.3,0.0,0.0,0.0
2026-07-30 14:31:53,48,No Laptop,0.0,1.0,0.0,0.0,0.0,0.0
2026-07-30 14:31:54,46,Using Phone,0.0,2.8,2.3,0.7,0.0,0.0
2026-07-30 14:31:54,47,Looking Away,2.3,2.3,0.0,0.0,50.6,50.6
2026-07-30 14:31:55,23,Talking,38.0,7.5,0.0,7.5,71.7,71.7
2026-07-30 14:31:55,41,Working,8.4,3.9,0.0,1.4,61.3,61.3
2026-07-30 14:31:55,46,Talking,0.0,2.8,3.0,0.7,0.0,0.0
2026-07-30 14:31:55,47,Talking,2.3,3.0,0.0,0.0,43.8,43.8
2026-07-30 14:31:58,41,Talking,11.4,3.9,0.0,1.4,68.2,68.2
2026-07-30 14:31:58,49,No Laptop,0.0,0.6,0.0,0.0,0.0,0.0
2026-07-30 14:31:59,49,Looking Away,0.0,1.2,0.0,0.0,0.0,0.0
2026-07-30 14:31:59,46,Using Phone,0.0,2.8,3.0,5.4,0.0,0.0
2026-07-30 14:31:59,49,Working,0.0,1.8,0.0,0.0,0.0,0.0
2026-07-30 14:32:00,46,Talking,0.0,2.8,3.9,5.4,0.0,0.0
2026-07-30 14:32:00,49,No Laptop,0.9,1.8,0.0,0.0,34.1,34.1
2026-07-30 14:32:03,49,Talking,0.9,4.4,0.0,0.0,17.1,17.1
2026-07-30 14:32:04,46,Using Phone,0.0,2.8,3.9,9.2,0.0,0.0
2026-07-30 14:32:06,46,Talking,0.0,2.8,5.5,9.2,0.0,0.0
2026-07-30 14:32:06,50,No Laptop,0.0,1.0,0.0,0.0,0.0,0.0
2026-07-30 14:32:06,47,Working,2.3,3.0,0.0,11.7,13.7,13.7
2026-07-30 14:32:07,47,Talking,2.9,3.0,0.0,11.7,16.4,16.4
2026-07-30 14:32:08,51,Looking Away,0.0,0.6,0.0,0.0,0.0,0.0
2026-07-30 14:32:11,46,Using Phone,0.0,2.8,5.5,14.1,0.0,0.0
2026-07-30 14:32:12,46,Talking,0.0,2.8,7.1,14.1,0.0,0.0
2026-07-30 14:32:12,52,Working,0.0,0.5,0.0,0.0,0.0,0.0
2026-07-30 14:32:13,52,Looking Away,1.1,0.5,0.0,0.0,68.1,68.1
2026-07-30 14:32:14,52,Working,1.1,1.6,0.0,0.0,41.7,41.7
2026-07-30 14:32:17,52,Talking,3.7,1.6,0.0,0.0,69.9,69.9
2026-07-30 14:32:17,53,Looking Away,0.0,0.7,0.0,0.0,0.0,0.0
2026-07-30 14:32:18,41,Working,11.4,3.9,0.0,21.3,31.1,31.1
2026-07-30 14:32:18,46,Using Phone,0.0,2.8,7.1,19.5,0.0,0.0
2026-07-30 14:32:18,46,Talking,0.0,2.8,7.7,19.5,0.0,0.0
2026-07-30 14:32:19,54,Looking Away,0.0,0.7,0.0,0.0,0.0,0.0
2026-07-30 14:32:19,55,Looking Away,0.0,0.7,0.0,0.0,0.0,0.0
2026-07-30 14:32:20,56,Looking Away,0.0,0.8,0.0,0.0,0.0,0.0
2026-07-30 14:32:22,23,Working,38.0,7.5,0.0,34.5,47.5,47.5
2026-07-30 14:32:22,54,No Laptop,0.0,3.5,0.0,0.0,0.0,0.0
2026-07-30 14:32:24,54,Talking,0.0,5.4,0.0,0.0,0.0,0.0
2026-07-30 14:32:24,57,Looking Away,0.0,0.5,0.0,0.0,0.0,0.0
2026-07-30 14:32:25,56,Talking,0.0,5.2,0.0,0.0,0.0,0.0
2026-07-30 14:32:26,58,Looking Away,0.0,0.8,0.0,0.0,0.0,0.0
2026-07-30 14:32:26,23,Talking,42.6,7.5,0.0,34.5,50.3,50.3
2026-07-30 14:32:26,59,Looking Away,0.0,0.8,0.0,0.0,0.0,0.0
2026-07-30 14:32:27,33,Working,10.3,4.3,0.0,49.2,16.2,16.2
2026-07-30 14:32:27,46,Looking Away,0.0,2.8,7.7,28.2,0.0,0.0
2026-07-30 14:32:27,60,Looking Away,0.0,0.6,0.0,0.0,0.0,0.0
2026-07-30 14:32:28,33,Talking,11.0,4.3,0.0,49.2,17.1,17.1
2026-07-30 14:32:28,46,Talking,0.0,3.5,7.7,28.2,0.0,0.0
2026-07-30 14:32:28,62,Looking Away,0.0,0.7,0.0,0.0,0.0,0.0
2026-07-30 14:32:28,57,Talking,0.0,5.3,0.0,0.0,0.0,0.0
2026-07-30 14:32:29,63,Looking Away,0.0,0.5,0.0,0.0,0.0,0.0
2026-07-30 14:32:30,57,Using Phone,0.0,5.3,0.0,1.3,0.0,0.0
2026-07-30 14:32:31,57,Talking,0.0,5.3,0.9,1.3,0.0,0.0
2026-07-30 14:32:34,64,Looking Away,0.0,0.5,0.0,0.0,0.0,0.0
2026-07-30 14:32:36,65,Looking Away,0.0,0.7,0.0,0.0,0.0,0.0
2026-07-30 14:32:36,66,Looking Away,0.0,0.7,0.0,0.0,0.0,0.0
2026-07-30 14:32:37,67,Looking Away,0.0,0.5,0.0,0.0,0.0,0.0
2026-07-30 14:32:39,46,Using Phone,0.0,3.5,7.7,39.6,0.0,0.0
2026-07-30 14:32:40,46,Talking,0.0,3.5,8.2,39.6,0.0,0.0
2026-07-30 14:32:40,65,Talking,0.0,5.6,0.0,0.0,0.0,0.0
2026-07-30 14:32:40,68,Looking Away,0.0,0.8,0.0,0.0,0.0,0.0
2026-07-30 14:32:41,23,Working,42.6,7.5,0.0,49.4,42.8,42.8
2026-07-30 14:32:41,66,Talking,0.0,5.7,0.0,0.0,0.0,0.0
2026-07-30 14:32:42,67,Talking,0.0,5.2,0.0,0.0,0.0,0.0
2026-07-30 14:32:43,23,Looking Away,44.0,7.5,0.0,49.4,43.6,43.6
2026-07-30 14:32:43,66,Working,0.0,5.7,0.0,1.4,0.0,0.0
2026-07-30 14:32:43,23,Working,44.0,8.1,0.0,49.4,43.3,43.3
2026-07-30 14:32:43,66,Talking,0.6,5.7,0.0,1.4,7.8,7.8
2026-07-30 14:32:44,23,Talking,44.7,8.1,0.0,49.4,43.7,43.7
2026-07-30 14:32:45,68,Working,0.0,5.4,0.0,0.0,0.0,0.0
2026-07-30 14:32:46,68,Talking,1.0,5.4,0.0,0.0,15.6,15.6
2026-07-30 14:32:47,69,Looking Away,0.0,0.6,0.0,0.0,0.0,0.0
2026-07-30 14:32:48,23,Working,44.7,8.1,0.0,53.8,42.0,42.0
2026-07-30 14:32:48,68,Working,1.0,5.4,0.0,2.4,11.3,11.3
2026-07-30 14:32:49,23,Talking,45.8,8.1,0.0,53.8,42.5,42.5
2026-07-30 14:32:49,68,Talking,2.0,5.4,0.0,2.4,20.7,20.7
2026-07-30 14:32:49,70,No Laptop,1.0,0.0,0.0,0.0,100.0,100.0
2026-07-30 14:32:51,46,Using Phone,0.0,3.5,8.2,50.6,0.0,0.0
2026-07-30 14:32:51,46,Talking,0.0,3.5,9.0,50.6,0.0,0.0
2026-07-30 14:32:52,23,Using Phone,45.8,8.1,0.0,56.4,41.5,41.5
2026-07-30 14:32:52,65,Using Phone,0.0,5.6,0.0,11.5,0.0,0.0
2026-07-30 14:32:52,66,Working,0.6,5.7,0.0,10.1,3.7,3.7
2026-07-30 14:32:53,23,Talking,45.8,8.1,0.7,56.4,41.3,41.3
2026-07-30 14:32:53,65,Talking,0.0,5.6,0.7,11.5,0.0,0.0
2026-07-30 14:32:53,66,Talking,1.3,5.7,0.0,10.1,7.4,7.4
2026-07-30 14:32:53,71,Looking Away,0.0,0.7,0.0,0.0,0.0,0.0
2026-07-30 14:32:54,71,Working,0.0,1.9,0.0,0.0,0.0,0.0
2026-07-30 14:32:55,46,Using Phone,0.0,3.5,9.0,54.2,0.0,0.0
2026-07-30 14:32:56,46,Talking,0.0,3.5,10.1,54.2,0.0,0.0
2026-07-30 14:32:57,57,Working,0.0,5.3,0.9,27.3,0.0,0.0
2026-07-30 14:32:57,65,Looking Away,0.0,5.6,0.7,15.5,0.0,0.0
2026-07-30 14:32:57,71,Looking Away,2.1,1.9,0.0,0.0,53.2,53.2
2026-07-30 14:32:57,46,Using Phone,0.0,3.5,10.1,55.3,0.0,0.0
2026-07-30 14:32:57,57,Using Phone,0.6,5.3,0.9,27.3,1.8,1.8
2026-07-30 14:32:57,65,Talking,0.0,6.2,0.7,15.5,0.0,0.0
2026-07-30 14:32:58,46,Talking,0.0,3.5,10.8,55.3,0.0,0.0
2026-07-30 14:32:58,57,Talking,0.6,5.3,1.5,27.3,1.7,1.7
2026-07-30 14:32:58,71,Using Phone,2.1,3.1,0.0,0.0,40.7,40.7
2026-07-30 14:32:58,72,Using Phone,0.0,0.6,0.0,0.0,0.0,0.0
2026-07-30 14:32:58,71,Talking,2.1,3.1,0.7,0.0,36.0,36.0
2026-07-30 14:32:58,72,Looking Away,0.0,0.6,0.7,0.0,0.0,0.0
2026-07-30 14:33:00,73,Looking Away,0.0,0.6,0.0,0.0,0.0,0.0
2026-07-30 14:33:01,72,Working,0.0,3.3,0.7,0.0,0.0,0.0
2026-07-30 14:33:02,71,Working,2.1,3.1,0.7,3.3,23.0,23.0
2026-07-30 14:33:02,74,Working,0.0,0.7,0.0,0.0,0.0,0.0
2026-07-30 14:33:03,57,Using Phone,0.6,5.3,1.5,32.0,1.5,1.5
2026-07-30 14:33:03,71,Talking,2.9,3.1,0.7,3.3,28.7,28.7
2026-07-30 14:33:03,72,Talking,1.4,3.3,0.7,0.0,26.7,26.7
2026-07-30 14:33:03,74,Looking Away,0.7,0.7,0.0,0.0,51.0,51.0
2026-07-30 14:33:03,72,Working,1.4,3.3,0.7,0.7,23.7,23.7
2026-07-30 14:33:03,75,Looking Away,0.0,0.7,0.0,0.0,0.0,0.0
2026-07-30 14:33:04,72,Talking,2.2,3.3,0.7,0.7,32.3,32.3
2026-07-30 14:33:04,71,Working,2.9,3.1,0.7,5.3,23.8,23.8
2026-07-30 14:33:04,74,Working,0.7,2.7,0.0,0.0,21.1,21.1
2026-07-30 14:33:05,71,Talking,3.7,3.1,0.7,5.3,28.9,28.9
2026-07-30 14:33:06,76,Looking Away,0.0,1.0,0.0,0.0,0.0,0.0
2026-07-30 14:33:07,46,Using Phone,0.0,3.5,10.8,64.4,0.0,0.0
2026-07-30 14:33:07,66,Using Phone,1.3,5.7,0.0,24.5,4.0,4.0
2026-07-30 14:33:08,46,Talking,0.0,3.5,11.3,64.4,0.0,0.0
2026-07-30 14:33:08,66,Talking,1.3,5.7,0.6,24.5,3.9,3.9
2026-07-30 14:33:08,71,Working,3.7,3.1,0.7,8.1,23.7,23.7
2026-07-30 14:33:08,74,Talking,4.3,2.7,0.0,0.0,61.5,61.5
2026-07-30 14:33:09,74,Working,4.3,2.7,0.0,0.6,56.8,56.8
2026-07-30 14:33:09,66,Working,1.3,5.7,0.6,26.2,3.7,3.7
2026-07-30 14:33:10,66,Talking,2.2,5.7,0.6,26.2,6.4,6.4
2026-07-30 14:33:10,74,Talking,5.9,2.7,0.0,0.6,63.9,63.9
2026-07-30 14:33:11,66,Working,2.2,5.7,0.6,27.0,6.3,6.3
2026-07-30 14:33:11,74,Working,5.9,2.7,0.0,1.4,58.8,58.8
2026-07-30 14:33:12,57,Talking,0.6,5.3,11.3,32.0,1.2,1.2
2026-07-30 14:33:12,66,Talking,3.4,5.7,0.6,27.0,9.3,9.3
2026-07-30 14:33:12,77,Looking Away,0.0,0.6,0.0,0.0,0.0,0.0
2026-07-30 14:33:13,66,Working,3.4,5.7,0.6,27.6,9.2,9.2
2026-07-30 14:46:03,0,Talking,0.0,5.0,0.0,0.0,0.0,0.0
2026-07-30 14:46:03,2,Talking,0.0,5.0,0.0,0.0,0.0,0.0
2026-07-30 14:46:03,3,Looking Away,5.0,0.0,0.0,0.0,100.0,100.0
2026-07-30 14:46:03,4,Using Phone,5.0,0.0,0.0,0.0,100.0,100.0
2026-07-30 14:46:03,5,Talking,0.0,5.0,0.0,0.0,0.0,0.0
2026-07-30 14:46:03,6,Talking,0.0,5.0,0.0,0.0,0.0,0.0
2026-07-30 14:46:06,1,Talking,0.0,0.0,7.3,0.0,0.0,0.0
2026-07-30 14:46:06,3,Working,5.0,2.3,0.0,0.0,68.7,68.7
2026-07-30 14:46:06,4,Looking Away,5.0,0.0,2.3,0.0,68.7,68.7
2026-07-30 14:46:07,1,Working,0.0,0.0,7.3,1.8,0.0,0.0
2026-07-30 14:46:08,1,Talking,1.0,0.0,7.3,1.8,9.5,9.5
2026-07-30 14:46:09,4,Talking,5.0,3.4,2.3,0.0,47.1,47.1
2026-07-30 14:46:10,1,Working,1.0,0.0,7.3,3.3,8.3,8.3
2026-07-30 14:46:10,0,Using Phone,0.0,5.0,0.0,7.2,0.0,0.0
2026-07-30 14:46:10,7,Looking Away,0.0,0.7,0.0,0.0,0.0,0.0
2026-07-30 14:46:11,0,Talking,0.0,5.0,0.7,7.2,0.0,0.0
2026-07-30 14:46:11,1,Talking,2.4,0.0,7.3,3.3,18.2,18.2
2026-07-30 14:46:12,6,Working,0.0,5.0,0.0,8.7,0.0,0.0
2026-07-30 14:46:12,0,Working,0.0,5.0,0.7,8.6,0.0,0.0
2026-07-30 14:46:12,6,Talking,0.6,5.0,0.0,8.7,4.3,4.3
2026-07-30 14:46:13,0,Using Phone,0.7,5.0,0.7,8.6,4.9,4.9
2026-07-30 14:46:13,2,Using Phone,0.0,5.0,0.0,10.1,0.0,0.0
2026-07-30 14:46:13,4,Working,5.0,3.4,2.3,4.4,33.4,33.4
2026-07-30 14:46:14,0,Working,0.7,5.0,1.5,8.6,4.7,4.7
2026-07-30 14:46:14,1,Looking Away,2.4,0.0,7.3,6.2,14.8,14.8
2026-07-30 14:46:14,2,Looking Away,0.0,5.0,0.8,10.1,0.0,0.0
2026-07-30 14:46:14,6,Working,0.6,5.0,0.0,10.3,3.9,3.9
2026-07-30 14:46:15,2,Talking,0.0,5.7,0.8,10.1,0.0,0.0
2026-07-30 14:46:15,7,Talking,0.0,5.0,0.0,0.0,0.0,0.0
2026-07-30 14:46:15,11,Looking Away,0.0,0.7,0.0,0.0,0.0,0.0
2026-07-30 14:46:16,0,Using Phone,2.4,5.0,1.5,8.6,13.8,13.8
2026-07-30 14:46:16,1,Talking,2.4,1.7,7.3,6.2,13.4,13.4
2026-07-30 14:46:16,4,Talking,7.6,3.4,2.3,4.4,42.9,42.9
2026-07-30 14:46:16,6,Talking,2.3,5.0,0.0,10.3,13.1,13.1
2026-07-30 14:46:17,13,No Laptop,0.0,0.9,0.0,0.0,0.0,0.0
2026-07-30 14:46:17,14,Working,0.0,0.9,0.0,0.0,0.0,0.0
2026-07-30 14:46:17,0,Talking,2.4,5.0,3.2,8.6,12.6,12.6
2026-07-30 14:46:17,3,Talking,17.0,2.3,0.0,0.0,88.1,88.1
2026-07-30 14:46:17,7,Using Phone,0.0,5.0,0.0,2.7,0.0,0.0
2026-07-30 14:46:17,14,Looking Away,0.8,0.9,0.0,0.0,47.0,47.0
2026-07-30 14:46:18,2,Using Phone,0.0,5.7,0.8,13.6,0.0,0.0
2026-07-30 14:46:18,7,Talking,0.0,5.0,0.8,2.7,0.0,0.0
2026-07-30 14:46:19,15,Working,0.0,0.8,0.0,0.0,0.0,0.0
2026-07-30 14:46:20,2,Talking,0.0,5.7,2.9,13.6,0.0,0.0
2026-07-30 14:46:20,16,No Laptop,0.0,0.6,0.0,0.0,0.0,0.0
2026-07-30 14:46:21,0,Using Phone,2.4,5.0,3.2,12.1,10.7,10.7
2026-07-30 14:46:21,1,Working,2.4,1.7,7.3,11.4,10.4,10.4
2026-07-30 14:46:21,3,Looking Away,17.0,2.3,0.0,3.5,74.6,74.6
2026-07-30 14:46:21,7,Using Phone,0.0,5.0,0.8,5.3,0.0,0.0
2026-07-30 14:46:21,17,Looking Away,0.0,0.6,0.0,0.0,0.0,0.0
2026-07-30 14:46:22,0,Talking,2.4,5.0,4.1,12.1,10.3,10.3
2026-07-30 14:46:22,1,Talking,3.2,1.7,7.3,11.4,13.7,13.7
2026-07-30 14:46:22,3,Talking,17.0,3.2,0.0,3.5,71.8,71.8
2026-07-30 14:46:22,7,Talking,0.0,5.0,1.7,5.3,0.0,0.0
2026-07-30 14:46:22,14,Talking,0.8,5.2,0.0,0.0,12.9,12.9
2026-07-30 14:46:23,0,Using Phone,2.4,5.0,4.1,13.0,9.9,9.9
2026-07-30 14:46:23,3,Working,17.0,3.2,0.0,4.4,69.2,69.2
2026-07-30 14:46:25,16,Talking,0.0,5.4,0.0,0.0,0.0,0.0
2026-07-30 14:46:28,0,Talking,2.4,5.0,9.4,13.0,8.2,8.2
2026-07-30 14:46:30,0,Using Phone,2.4,5.0,9.4,14.8,7.7,7.7
2026-07-30 14:46:31,0,Working,2.4,5.0,10.7,14.8,7.4,7.4
2026-07-30 14:46:31,19,Looking Away,0.0,0.8,0.0,0.0,0.0,0.0
2026-07-30 14:46:32,0,Using Phone,3.2,5.0,10.7,14.8,9.4,9.4
2026-07-30 14:46:33,1,Working,3.2,1.7,7.3,22.6,9.3,9.3
2026-07-30 14:46:34,0,Talking,3.2,5.0,12.4,14.8,9.0,9.0
2026-07-30 14:46:34,0,Using Phone,3.2,5.0,12.4,15.6,8.8,8.8
2026-07-30 14:46:35,0,Talking,3.2,5.0,13.0,15.6,8.6,8.6
2026-07-30 14:46:35,1,Talking,5.2,1.7,7.3,22.6,14.2,14.2
2026-07-30 14:46:36,19,Talking,0.0,5.5,0.0,0.0,0.0,0.0
2026-07-30 14:46:36,21,Looking Away,0.0,0.8,0.0,0.0,0.0,0.0
2026-07-30 14:46:37,1,Working,5.2,1.7,7.3,24.3,13.6,13.6
2026-07-30 14:46:37,0,Working,3.2,5.0,13.0,17.8,8.1,8.1
2026-07-30 14:46:37,1,Talking,5.8,1.7,7.3,24.3,14.8,14.8
2026-07-30 14:46:38,0,Talking,4.5,5.0,13.0,17.8,11.0,11.0
2026-07-30 14:46:42,22,Looking Away,0.0,0.8,0.0,0.0,0.0,0.0
2026-07-30 14:46:44,0,Working,4.5,5.0,13.0,22.9,9.8,9.8
2026-07-30 14:46:44,0,Talking,5.1,5.0,13.0,22.9,11.0,11.0
2026-07-30 14:46:45,23,Looking Away,0.0,0.6,0.0,0.0,0.0,0.0
2026-07-30 14:46:50,2,Using Phone,0.0,5.7,2.9,42.9,0.0,0.0
2026-07-30 14:46:50,14,Working,0.8,5.2,0.0,27.8,2.3,2.3
2026-07-30 14:46:50,23,Talking,0.0,5.4,0.0,0.0,0.0,0.0
2026-07-30 14:46:51,2,Talking,0.0,5.7,3.9,42.9,0.0,0.0
2026-07-30 14:46:51,24,No Laptop,0.0,1.0,0.0,0.0,0.0,0.0
2026-07-30 14:46:52,14,Talking,3.3,5.2,0.0,27.8,9.0,9.0
2026-07-30 14:46:54,14,Working,3.3,5.2,0.0,29.4,8.6,8.6
2026-07-30 14:46:56,14,Talking,5.1,5.2,0.0,29.4,12.9,12.9
2026-07-30 14:46:56,25,Looking Away,0.0,1.9,0.0,0.0,0.0,0.0
2026-07-30 14:46:58,1,Working,5.8,1.7,7.3,44.6,9.7,9.7
2026-07-30 14:46:58,26,Working,0.0,2.0,0.0,0.0,0.0,0.0
2026-07-30 14:47:00,1,Talking,7.7,1.7,7.3,44.6,12.6,12.6
2026-07-30 14:47:00,14,Working,5.1,5.2,0.0,33.3,11.8,11.8
2026-07-30 14:47:00,25,Talking,0.0,5.8,0.0,0.0,0.0,0.0
2026-07-30 14:47:01,14,Talking,6.5,5.2,0.0,33.3,14.5,14.5
2026-07-30 14:47:01,27,Looking Away,0.0,1.4,0.0,0.0,0.0,0.0
2026-07-30 14:47:02,28,No Laptop,1.1,0.0,0.0,0.0,100.0,100.0
2026-07-30 14:47:03,14,Working,6.5,5.2,0.0,35.6,13.8,13.8
2026-07-30 14:47:03,23,Using Phone,0.0,5.4,0.0,13.6,0.0,0.0
2026-07-30 14:47:04,23,Talking,0.0,5.4,1.0,13.6,0.0,0.0
2026-07-30 14:47:05,28,Looking Away,1.1,3.0,0.0,0.0,26.7,26.7
2026-07-30 14:47:06,14,Talking,9.0,5.2,0.0,35.6,18.1,18.1
2026-07-30 14:47:06,29,No Laptop,0.0,0.7,0.0,0.0,0.0,0.0
2026-07-30 14:47:06,30,Looking Away,0.0,0.8,0.0,0.0,0.0,0.0
2026-07-30 14:47:06,31,Looking Away,0.0,0.8,0.0,0.0,0.0,0.0
2026-07-30 14:47:07,32,Looking Away,0.0,0.8,0.0,0.0,0.0,0.0
2026-07-30 14:47:09,1,Working,7.7,1.7,7.3,54.1,10.9,10.9
2026-07-30 14:47:09,33,No Laptop,0.0,0.8,0.0,0.0,0.0,0.0
2026-07-30 14:47:10,14,Looking Away,9.0,5.2,0.0,39.7,16.7,16.7
2026-07-30 14:47:10,1,Talking,9.2,1.7,7.3,54.1,12.7,12.7
2026-07-30 14:47:10,14,Talking,9.0,6.0,0.0,39.7,16.5,16.5
2026-07-30 14:47:11,1,Working,9.2,1.7,7.3,54.7,12.6,12.6
2026-07-30 14:47:11,2,Using Phone,0.0,5.7,3.9,63.4,0.0,0.0
2026-07-30 14:47:11,14,Looking Away,9.0,6.0,0.0,40.4,16.3,16.3
2026-07-30 14:47:12,1,Talking,9.8,1.7,7.3,54.7,13.4,13.4
2026-07-30 14:47:12,2,Talking,0.0,5.7,4.5,63.4,0.0,0.0
2026-07-30 14:47:12,14,Working,9.0,6.6,0.0,40.4,16.1,16.1
2026-07-30 14:47:12,34,Looking Away,0.0,0.6,0.0,0.0,0.0,0.0
2026-07-30 14:47:13,35,No Laptop,0.0,1.1,0.0,0.0,0.0,0.0
2026-07-30 14:47:14,14,Talking,11.6,6.6,0.0,40.4,19.8,19.8
2026-07-30 14:47:15,36,Looking Away,0.0,0.7,0.0,0.0,0.0,0.0
2026-07-30 14:47:15,37,No Laptop,0.0,0.7,0.0,0.0,0.0,0.0
2026-07-30 14:47:17,25,Using Phone,0.0,5.8,0.0,17.7,0.0,0.0
2026-07-30 14:47:18,25,Talking,0.0,5.8,0.7,17.7,0.0,0.0
2026-07-30 14:47:19,14,Working,11.6,6.6,0.0,44.8,18.4,18.4
2026-07-30 14:47:19,38,Looking Away,0.0,1.0,0.0,0.0,0.0,0.0
2026-07-30 14:47:20,36,Talking,0.0,5.5,0.0,0.0,0.0,0.0
2026-07-30 14:47:20,39,Looking Away,0.0,1.1,0.0,0.0,0.0,0.0
2026-07-30 14:47:20,40,Looking Away,0.0,1.1,0.0,0.0,0.0,0.0
2026-07-30 14:47:21,14,Talking,13.6,6.6,0.0,44.8,20.9,20.9
2026-07-30 14:47:21,25,Using Phone,0.0,5.8,0.7,20.7,0.0,0.0
2026-07-30 14:47:22,1,Working,9.8,1.7,7.3,65.2,11.7,11.7
2026-07-30 14:47:22,14,Working,13.6,6.6,0.0,46.3,20.5,20.5
2026-07-30 14:47:22,25,Talking,0.0,5.8,2.1,20.7,0.0,0.0
2026-07-30 14:47:22,36,Looking Away,0.0,5.5,0.0,2.4,0.0,0.0
2026-07-30 14:47:23,1,Talking,11.0,1.7,7.3,65.2,12.9,12.9
2026-07-30 14:47:23,36,Working,0.0,6.7,0.0,2.4,0.0,0.0
2026-07-30 14:47:25,39,Talking,0.0,6.2,0.0,0.0,0.0,0.0
2026-07-30 14:47:27,14,Talking,18.2,6.6,0.0,46.3,25.6,25.6
2026-07-30 14:47:27,41,No Laptop,0.0,0.9,0.0,0.0,0.0,0.0
2026-07-30 14:47:28,42,Looking Away,0.0,1.0,0.0,0.0,0.0,0.0
2026-07-30 14:47:29,36,Talking,5.7,6.7,0.0,2.4,38.5,38.5
2026-07-30 14:47:31,36,Working,5.7,6.7,0.0,3.9,34.9,34.9
2026-07-30 14:47:31,39,Working,0.0,6.2,0.0,5.6,0.0,0.0
2026-07-30 14:47:32,39,Talking,1.1,6.2,0.0,5.6,8.2,8.2
2026-07-30 14:47:32,43,No Laptop,0.0,1.1,0.0,0.0,0.0,0.0
2026-07-30 14:47:33,43,Working,0.0,1.9,0.0,0.0,0.0,0.0
2026-07-30 14:47:34,43,No Laptop,1.2,1.9,0.0,0.0,39.9,39.9
2026-07-30 14:47:36,43,Talking,1.2,4.4,0.0,0.0,22.1,22.1
2026-07-30 14:47:39,25,Working,0.0,5.8,2.1,37.0,0.0,0.0
2026-07-30 14:47:39,25,Talking,0.8,5.8,2.1,37.0,1.7,1.7
2026-07-30 14:47:42,14,Working,18.2,6.6,0.0,61.2,21.1,21.1
2026-07-30 14:47:42,36,Talking,17.4,6.7,0.0,3.9,62.2,62.2
2026-07-30 14:47:43,44,Looking Away,0.0,0.0,1.0,0.0,0.0,0.0
2026-07-30 14:47:44,14,Talking,20.6,6.6,0.0,61.2,23.3,23.3
2026-07-30 14:47:44,36,Working,17.4,6.7,0.0,5.6,58.6,58.6
2026-07-30 14:47:47,39,Working,1.1,6.2,0.0,21.0,3.8,3.8
2026-07-30 14:47:48,39,Talking,2.1,6.2,0.0,21.0,7.1,7.1
2026-07-30 14:47:48,44,Talking,0.0,4.6,1.0,0.0,0.0,0.0
2026-07-30 14:47:50,1,Using Phone,11.0,1.7,7.3,91.4,9.9,9.9
2026-07-30 14:47:50,45,Looking Away,0.0,0.7,0.0,0.0,0.0,0.0
2026-07-30 14:47:50,1,Talking,11.0,1.7,8.2,91.4,9.8,9.8
2026-07-30 14:47:50,39,Working,2.1,6.2,0.0,23.4,6.5,6.5
2026-07-30 14:47:51,39,Talking,2.8,6.2,0.0,23.4,8.7,8.7
2026-07-30 14:47:52,36,Talking,25.2,6.7,0.0,5.6,67.2,67.2
2026-07-30 14:47:52,46,Working,0.0,0.7,0.0,0.0,0.0,0.0
2026-07-30 14:47:54,36,Working,25.2,6.7,0.0,7.7,63.7,63.7
2026-07-30 14:47:54,39,Working,2.8,6.2,0.0,26.1,8.1,8.1
2026-07-30 14:47:54,46,Looking Away,2.0,0.7,0.0,0.0,75.4,75.4
2026-07-30 14:47:54,48,No Laptop,0.0,1.2,0.0,0.0,0.0,0.0
2026-07-30 14:47:56,48,Looking Away,0.0,2.8,0.0,0.0,0.0,0.0
2026-07-30 14:47:56,46,Talking,2.0,3.2,0.0,0.0,38.6,38.6
2026-07-30 14:47:57,48,No Laptop,0.0,4.5,0.0,0.0,0.0,0.0
2026-07-30 14:47:59,39,Talking,7.5,6.2,0.0,26.1,18.9,18.9
2026-07-30 14:47:59,48,Working,0.0,5.8,0.0,0.0,0.0,0.0
2026-07-30 14:47:59,48,Talking,0.7,5.8,0.0,0.0,10.9,10.9
2026-07-30 14:48:00,39,Working,7.5,6.2,0.0,27.7,18.2,18.2
2026-07-30 14:48:02,39,Talking,9.1,6.2,0.0,27.7,21.2,21.2
2026-07-30 14:48:03,39,Working,9.1,6.2,0.0,28.4,20.8,20.8
2026-07-30 14:48:04,49,Looking Away,0.0,1.3,0.0,0.0,0.0,0.0
2026-07-30 14:48:04,39,Talking,11.1,6.2,0.0,28.4,24.3,24.3
2026-07-30 14:48:04,48,Working,0.7,5.8,0.0,5.2,6.1,6.1
2026-07-30 14:48:05,39,Working,11.1,6.2,0.0,29.5,23.7,23.7
2026-07-30 14:48:05,44,Working,0.0,4.6,1.0,17.5,0.0,0.0
2026-07-30 14:48:05,48,Talking,1.8,5.8,0.0,5.2,13.8,13.8
2026-07-30 14:48:05,50,Looking Away,0.0,1.0,0.0,0.0,0.0,0.0
2026-07-30 14:48:06,1,Using Phone,11.0,1.7,8.2,107.3,8.6,8.6
2026-07-30 14:48:07,1,Talking,11.0,1.7,9.0,107.3,8.5,8.5
2026-07-30 14:48:07,48,Working,1.8,5.8,0.0,6.8,12.2,12.2
2026-07-30 14:48:07,51,Using Phone,1.7,0.0,0.0,0.0,100.0,100.0
2026-07-30 14:48:09,48,Talking,3.2,5.8,0.0,6.8,20.0,20.0
2026-07-30 14:48:09,51,Working,1.7,0.0,1.4,0.0,54.0,54.0
2026-07-30 14:48:09,51,Looking Away,2.4,0.0,1.4,0.0,63.2,63.2
2026-07-30 14:48:10,51,Working,2.4,0.7,1.4,0.0,53.1,53.1
2026-07-30 14:48:11,51,Looking Away,3.2,0.7,1.4,0.0,59.7,59.7
2026-07-30 14:48:12,52,Looking Away,0.0,0.8,0.0,0.0,0.0,0.0
2026-07-30 14:48:12,53,Looking Away,0.0,0.8,0.0,0.0,0.0,0.0
2026-07-30 14:48:14,2,Looking Away,0.0,5.7,4.5,125.4,0.0,0.0
2026-07-30 14:48:14,48,Working,3.2,5.8,0.0,12.0,15.1,15.1
2026-07-30 14:48:14,52,Using Phone,0.0,2.9,0.0,0.0,0.0,0.0
2026-07-30 14:48:14,53,Using Phone,0.0,2.9,0.0,0.0,0.0,0.0
2026-07-30 14:48:14,54,Working,0.0,1.4,0.0,0.0,0.0,0.0
2026-07-30 14:48:15,52,Looking Away,0.0,2.9,0.9,0.0,0.0,0.0
2026-07-30 14:48:15,53,Looking Away,0.0,2.9,0.9,0.0,0.0,0.0
2026-07-30 14:48:15,54,Looking Away,0.9,1.4,0.0,0.0,40.5,40.5
2026-07-30 14:48:16,2,Talking,0.0,8.4,4.5,125.4,0.0,0.0
2026-07-30 14:48:16,48,Talking,5.9,5.8,0.0,12.0,24.9,24.9
2026-07-30 14:48:16,52,Talking,0.0,4.7,0.9,0.0,0.0,0.0
2026-07-30 14:48:16,53,Talking,0.0,4.7,0.9,0.0,0.0,0.0
2026-07-30 16:31:37,0,No Laptop,0.0,0.6,0.0,0.0,0.0,0.0
2026-07-30 16:31:37,1,No Laptop,0.0,0.6,0.0,0.0,0.0,0.0
2026-07-30 16:31:38,0,Looking Away,0.0,1.6,0.0,0.0,0.0,0.0
2026-07-30 16:31:38,1,Looking Away,0.0,1.6,0.0,0.0,0.0,0.0
2026-07-30 16:31:38,2,Looking Away,0.0,0.5,0.0,0.0,0.0,0.0
2026-07-30 16:31:38,3,Looking Away,0.0,0.6,0.0,0.0,0.0,0.0
2026-07-30 16:31:38,4,Looking Away,0.0,0.6,0.0,0.0,0.0,0.0
2026-07-30 16:31:43,0,Talking,0.0,6.3,0.0,0.0,0.0,0.0
2026-07-30 16:31:43,1,Talking,0.0,6.3,0.0,0.0,0.0,0.0
2026-07-30 16:31:43,2,Talking,0.0,5.2,0.0,0.0,0.0,0.0
2026-07-30 16:31:43,3,Talking,0.0,5.3,0.0,0.0,0.0,0.0
2026-07-30 16:31:43,4,Talking,0.0,5.3,0.0,0.0,0.0,0.0
2026-07-30 16:31:48,3,Working,0.0,5.3,0.0,4.9,0.0,0.0
2026-07-30 16:31:49,3,Talking,0.6,5.3,0.0,4.9,5.3,5.3
2026-07-30 16:31:57,3,Working,0.6,5.3,0.0,13.4,3.0,3.0
2026-07-30 16:31:59,5,Working,0.0,0.6,0.0,0.0,0.0,0.0
2026-07-30 16:32:00,5,Looking Away,1.3,0.6,0.0,0.0,67.5,67.5
2026-07-30 16:32:01,5,Working,1.3,1.7,0.0,0.0,43.5,43.5
2026-07-30 16:32:02,5,Looking Away,2.3,1.7,0.0,0.0,57.4,57.4
2026-07-30 16:32:03,5,Talking,2.3,2.9,0.0,0.0,45.0,45.0
2026-07-30 16:32:13,1,Working,0.0,6.3,0.0,30.3,0.0,0.0
2026-07-30 16:32:17,0,Working,0.0,6.3,0.0,34.3,0.0,0.0
2026-07-30 16:32:17,0,Talking,0.6,6.3,0.0,34.3,1.4,1.4
2026-07-30 16:32:17,1,Talking,4.6,6.3,0.0,30.3,11.2,11.2
2026-07-30 16:32:18,1,Working,4.6,6.3,0.0,30.9,11.0,11.0
2026-07-30 16:32:21,1,Talking,7.3,6.3,0.0,30.9,16.4,16.4
2026-07-30 16:32:27,5,Working,2.3,2.9,0.0,23.6,8.1,8.1
2026-07-30 16:32:28,5,Talking,2.9,2.9,0.0,23.6,9.9,9.9
2026-07-30 16:32:29,1,Working,7.3,6.3,0.0,39.3,13.8,13.8
2026-07-30 16:32:30,1,Talking,7.9,6.3,0.0,39.3,14.7,14.7
2026-07-30 16:32:30,6,Looking Away,0.0,0.5,0.0,0.0,0.0,0.0
2026-07-30 16:32:33,0,Working,0.6,6.3,0.0,50.3,1.0,1.0
2026-07-30 16:32:34,0,Talking,1.2,6.3,0.0,50.3,2.1,2.1
2026-07-30 16:32:35,0,Working,1.2,6.3,0.0,51.0,2.1,2.1
2026-07-30 16:32:35,6,Talking,0.0,5.1,0.0,0.0,0.0,0.0
2026-07-30 16:32:36,0,Talking,2.0,6.3,0.0,51.0,3.3,3.3
2026-07-30 16:32:40,0,Working,2.0,6.3,0.0,55.5,3.1,3.1
2026-07-30 16:32:41,0,Talking,2.6,6.3,0.0,55.5,4.0,4.0
2026-07-30 16:32:46,1,Working,7.9,6.3,0.0,55.6,11.2,11.2
2026-07-30 16:32:47,1,Talking,8.5,6.3,0.0,55.6,12.1,12.1
2026-07-30 16:51:46,0,Looking Away,0.0,4.7,0.0,0.0,0.0,0.0
2026-07-30 16:51:46,1,Looking Away,0.0,4.7,0.0,0.0,0.0,0.0
2026-07-30 16:51:46,2,Looking Away,0.0,0.0,4.7,0.0,0.0,0.0
2026-07-30 16:51:46,3,Looking Away,0.0,4.7,0.0,0.0,0.0,0.0
2026-07-30 16:51:46,4,Looking Away,0.0,4.7,0.0,0.0,0.0,0.0
2026-07-30 16:51:46,5,Looking Away,0.0,4.7,0.0,0.0,0.0,0.0
2026-07-30 16:51:47,0,Talking,0.0,6.0,0.0,0.0,0.0,0.0
2026-07-30 16:51:47,1,Talking,0.0,6.0,0.0,0.0,0.0,0.0
2026-07-30 16:51:47,2,Talking,0.0,1.3,4.7,0.0,0.0,0.0
2026-07-30 16:51:47,3,Talking,0.0,6.0,0.0,0.0,0.0,0.0
2026-07-30 16:51:47,4,Talking,0.0,6.0,0.0,0.0,0.0,0.0
2026-07-30 16:51:47,5,Talking,0.0,6.0,0.0,0.0,0.0,0.0
2026-07-30 16:51:47,6,Looking Away,0.0,1.3,0.0,0.0,0.0,0.0
2026-07-30 16:51:48,3,Working,0.0,6.0,0.0,1.1,0.0,0.0
2026-07-30 16:51:50,1,Working,0.0,6.0,0.0,2.2,0.0,0.0
2026-07-30 16:51:51,1,Talking,1.1,6.0,0.0,2.2,12.2,12.2
2026-07-30 16:51:51,3,Talking,2.3,6.0,0.0,1.1,24.5,24.5
2026-07-30 16:51:54,1,Working,1.1,6.0,0.0,5.8,8.8,8.8
2026-08-03 10:49:47,0,No Laptop,0.0,0.5,0.0,0.0,0.0,0.0
2026-08-03 10:49:47,1,No Laptop,0.0,0.5,0.0,0.0,0.0,0.0
2026-08-03 10:49:47,2,No Laptop,0.0,0.5,0.0,0.0,0.0,0.0
2026-08-03 10:49:50,3,No Laptop,0.0,0.3,0.0,0.0,0.0,0.0
2026-08-03 10:49:52,0,Talking,0.0,5.3,0.0,0.0,0.0,0.0
2026-08-03 10:49:52,2,Talking,0.0,5.3,0.0,0.0,0.0,0.0
2026-08-03 10:49:52,4,No Laptop,0.0,0.5,0.0,0.0,0.0,0.0
2026-08-03 10:49:53,5,No Laptop,0.0,0.4,0.0,0.0,0.0,0.0
2026-08-03 10:49:55,0,Working,0.0,5.3,0.0,3.4,0.0,0.0
2026-08-03 10:49:55,2,Looking Away,0.0,5.3,0.0,3.4,0.0,0.0
2026-08-03 10:49:55,6,No Laptop,0.0,0.4,0.0,0.0,0.0,0.0
2026-08-03 10:49:57,0,Talking,2.3,5.3,0.0,3.4,20.8,20.8
2026-08-03 10:49:57,2,Talking,0.0,7.6,0.0,3.4,0.0,0.0
2026-08-03 10:49:57,7,Looking Away,0.0,0.4,0.0,0.0,0.0,0.0
2026-08-03 10:49:59,0,Working,2.3,5.3,0.0,4.8,18.4,18.4
2026-08-03 10:49:59,2,Looking Away,0.0,7.6,0.0,4.8,0.0,0.0
2026-08-03 10:49:59,0,Talking,2.8,5.3,0.0,4.8,21.6,21.6
2026-08-03 10:49:59,2,Talking,0.0,8.1,0.0,4.8,0.0,0.0
2026-08-03 10:49:59,7,No Laptop,0.0,2.3,0.0,0.0,0.0,0.0
